ISO-10303-21;
HEADER;
FILE_DESCRIPTION(('Open CASCADE Model'),'2;1');
FILE_NAME('Open CASCADE Shape Model','2026-08-20T18:04:56',('Author'),(
    'Open CASCADE'),'Open CASCADE STEP processor 7.9','Open CASCADE 7.9'
  ,'Unknown');
FILE_SCHEMA(('AUTOMOTIVE_DESIGN { 1 0 10303 214 1 1 1 1 }'));
ENDSEC;
DATA;
#1 = APPLICATION_PROTOCOL_DEFINITION('international standard',
  'automotive_design',2000,#2);
#2 = APPLICATION_CONTEXT(
  'core data for automotive mechanical design processes');
#3 = SHAPE_DEFINITION_REPRESENTATION(#4,#10);
#4 = PRODUCT_DEFINITION_SHAPE('','',#5);
#5 = PRODUCT_DEFINITION('design','',#6,#9);
#6 = PRODUCT_DEFINITION_FORMATION('','',#7);
#7 = PRODUCT('Open CASCADE STEP translator 7.9 8',
  'Open CASCADE STEP translator 7.9 8','',(#8));
#8 = PRODUCT_CONTEXT('',#2,'mechanical');
#9 = PRODUCT_DEFINITION_CONTEXT('part definition',#2,'design');
#10 = ADVANCED_BREP_SHAPE_REPRESENTATION('',(#11,#15),#5775);
#11 = AXIS2_PLACEMENT_3D('',#12,#13,#14);
#12 = CARTESIAN_POINT('',(0.,0.,0.));
#13 = DIRECTION('',(0.,0.,1.));
#14 = DIRECTION('',(1.,0.,-0.));
#15 = MANIFOLD_SOLID_BREP('',#16);
#16 = CLOSED_SHELL('',(#17,#139,#281,#363,#442,#497,#1069,#1124,#1151,
    #1200,#1585,#1612,#1659,#1810,#1857,#1947,#2118,#2551,#2925,#2952,
    #2979,#3073,#3080,#3107,#3235,#3283,#3393,#3419,#3474,#3529,#3584,
    #3634,#3689,#3696,#3723,#3750,#3799,#3846,#3895,#3939,#4229,#4420,
    #4427,#4474,#4521,#4568,#4727,#4733,#4739,#4816,#4911,#5006,#5031,
    #5086,#5141,#5196,#5251,#5255,#5259,#5263,#5267,#5295,#5323,#5350,
    #5357,#5404,#5451,#5476,#5501,#5512,#5523,#5578,#5633,#5688,#5743,
    #5747,#5751,#5755,#5759,#5763,#5767,#5771));
#17 = ADVANCED_FACE('',(#18),#33,.T.);
#18 = FACE_BOUND('',#19,.F.);
#19 = EDGE_LOOP('',(#20,#56,#82,#115));
#20 = ORIENTED_EDGE('',*,*,#21,.F.);
#21 = EDGE_CURVE('',#22,#24,#26,.T.);
#22 = VERTEX_POINT('',#23);
#23 = CARTESIAN_POINT('',(40.,-23.15171184496,106.32441607169));
#24 = VERTEX_POINT('',#25);
#25 = CARTESIAN_POINT('',(40.,23.15171184496,106.32441607169));
#26 = SURFACE_CURVE('',#27,(#32,#44),.PCURVE_S1.);
#27 = CIRCLE('',#28,24.);
#28 = AXIS2_PLACEMENT_3D('',#29,#30,#31);
#29 = CARTESIAN_POINT('',(40.,0.,100.));
#30 = DIRECTION('',(1.,0.,0.));
#31 = DIRECTION('',(0.,-0.964654660207,0.263517336321));
#32 = PCURVE('',#33,#38);
#33 = CYLINDRICAL_SURFACE('',#34,24.);
#34 = AXIS2_PLACEMENT_3D('',#35,#36,#37);
#35 = CARTESIAN_POINT('',(40.,0.,100.));
#36 = DIRECTION('',(-1.,-0.,-0.));
#37 = DIRECTION('',(0.,1.,0.));
#38 = DEFINITIONAL_REPRESENTATION('',(#39),#43);
#39 = LINE('',#40,#41);
#40 = CARTESIAN_POINT('',(-2.874926043755,0.));
#41 = VECTOR('',#42,1.);
#42 = DIRECTION('',(-1.,0.));
#43 = ( GEOMETRIC_REPRESENTATION_CONTEXT(2) 
PARAMETRIC_REPRESENTATION_CONTEXT() REPRESENTATION_CONTEXT('2D SPACE',''
  ) );
#44 = PCURVE('',#45,#50);
#45 = PLANE('',#46);
#46 = AXIS2_PLACEMENT_3D('',#47,#48,#49);
#47 = CARTESIAN_POINT('',(40.,-1.823253510053E-15,100.));
#48 = DIRECTION('',(1.,0.,0.));
#49 = DIRECTION('',(-0.,0.,1.));
#50 = DEFINITIONAL_REPRESENTATION('',(#51),#55);
#51 = CIRCLE('',#52,24.);
#52 = AXIS2_PLACEMENT_2D('',#53,#54);
#53 = CARTESIAN_POINT('',(0.,-1.823253510053E-15));
#54 = DIRECTION('',(0.263517336321,0.964654660207));
#55 = ( GEOMETRIC_REPRESENTATION_CONTEXT(2) 
PARAMETRIC_REPRESENTATION_CONTEXT() REPRESENTATION_CONTEXT('2D SPACE',''
  ) );
#56 = ORIENTED_EDGE('',*,*,#57,.F.);
#57 = EDGE_CURVE('',#58,#22,#60,.T.);
#58 = VERTEX_POINT('',#59);
#59 = CARTESIAN_POINT('',(46.,-23.15171184496,106.32441607169));
#60 = SURFACE_CURVE('',#61,(#65,#71),.PCURVE_S1.);
#61 = LINE('',#62,#63);
#62 = CARTESIAN_POINT('',(40.,-23.15171184496,106.32441607169));
#63 = VECTOR('',#64,1.);
#64 = DIRECTION('',(-1.,-0.,-0.));
#65 = PCURVE('',#33,#66);
#66 = DEFINITIONAL_REPRESENTATION('',(#67),#70);
#67 = B_SPLINE_CURVE_WITH_KNOTS('',1,(#68,#69),.UNSPECIFIED.,.F.,.F.,(2,
    2),(-6.,0.),.PIECEWISE_BEZIER_KNOTS.);
#68 = CARTESIAN_POINT('',(-2.874926043755,-6.));
#69 = CARTESIAN_POINT('',(-2.874926043755,0.));
#70 = ( GEOMETRIC_REPRESENTATION_CONTEXT(2) 
PARAMETRIC_REPRESENTATION_CONTEXT() REPRESENTATION_CONTEXT('2D SPACE',''
  ) );
#71 = PCURVE('',#72,#77);
#72 = PLANE('',#73);
#73 = AXIS2_PLACEMENT_3D('',#74,#75,#76);
#74 = CARTESIAN_POINT('',(40.,-30.,191.5));
#75 = DIRECTION('',(-0.,0.996783345522,8.01433845646E-02));
#76 = DIRECTION('',(0.,8.01433845646E-02,-0.996783345522));
#77 = DEFINITIONAL_REPRESENTATION('',(#78),#81);
#78 = B_SPLINE_CURVE_WITH_KNOTS('',1,(#79,#80),.UNSPECIFIED.,.F.,.F.,(2,
    2),(-6.0000006,5.999999999062E-07),.PIECEWISE_BEZIER_KNOTS.);
#79 = CARTESIAN_POINT('',(85.450448496085,-6.0000006));
#80 = CARTESIAN_POINT('',(85.450448496085,5.999999999062E-07));
#81 = ( GEOMETRIC_REPRESENTATION_CONTEXT(2) 
PARAMETRIC_REPRESENTATION_CONTEXT() REPRESENTATION_CONTEXT('2D SPACE',''
  ) );
#82 = ORIENTED_EDGE('',*,*,#83,.F.);
#83 = EDGE_CURVE('',#84,#58,#86,.T.);
#84 = VERTEX_POINT('',#85);
#85 = CARTESIAN_POINT('',(46.,23.15171184496,106.32441607169));
#86 = SURFACE_CURVE('',#87,(#92,#99),.PCURVE_S1.);
#87 = CIRCLE('',#88,24.);
#88 = AXIS2_PLACEMENT_3D('',#89,#90,#91);
#89 = CARTESIAN_POINT('',(46.,0.,100.));
#90 = DIRECTION('',(-1.,0.,0.));
#91 = DIRECTION('',(0.,0.964654660207,0.263517336321));
#92 = PCURVE('',#33,#93);
#93 = DEFINITIONAL_REPRESENTATION('',(#94),#98);
#94 = LINE('',#95,#96);
#95 = CARTESIAN_POINT('',(-6.549851917015,-6.));
#96 = VECTOR('',#97,1.);
#97 = DIRECTION('',(1.,-0.));
#98 = ( GEOMETRIC_REPRESENTATION_CONTEXT(2) 
PARAMETRIC_REPRESENTATION_CONTEXT() REPRESENTATION_CONTEXT('2D SPACE',''
  ) );
#99 = PCURVE('',#100,#105);
#100 = PLANE('',#101);
#101 = AXIS2_PLACEMENT_3D('',#102,#103,#104);
#102 = CARTESIAN_POINT('',(46.,-1.823253510053E-15,100.));
#103 = DIRECTION('',(1.,0.,0.));
#104 = DIRECTION('',(-0.,0.,1.));
#105 = DEFINITIONAL_REPRESENTATION('',(#106),#114);
#106 = ( BOUNDED_CURVE() B_SPLINE_CURVE(2,(#107,#108,#109,#110,#111,#112
,#113),.UNSPECIFIED.,.T.,.F.) B_SPLINE_CURVE_WITH_KNOTS((1,2,2,2,2,1),(
    -2.094395102393,0.,2.094395102393,4.188790204786,6.28318530718,
8.377580409573),.UNSPECIFIED.) CURVE() GEOMETRIC_REPRESENTATION_ITEM() 
RATIONAL_B_SPLINE_CURVE((1.,0.5,1.,0.5,1.,0.5,1.)) REPRESENTATION_ITEM(
  '') );
#107 = CARTESIAN_POINT('',(6.324416071696,-23.15171184496));
#108 = CARTESIAN_POINT('',(-33.77552512596,-34.10592180934));
#109 = CARTESIAN_POINT('',(-23.21217863468,6.098750940289));
#110 = CARTESIAN_POINT('',(-12.64883214339,46.303423689921));
#111 = CARTESIAN_POINT('',(16.887762562985,17.052960904671));
#112 = CARTESIAN_POINT('',(46.424357269361,-12.19750188057));
#113 = CARTESIAN_POINT('',(6.324416071696,-23.15171184496));
#114 = ( GEOMETRIC_REPRESENTATION_CONTEXT(2) 
PARAMETRIC_REPRESENTATION_CONTEXT() REPRESENTATION_CONTEXT('2D SPACE',''
  ) );
#115 = ORIENTED_EDGE('',*,*,#116,.T.);
#116 = EDGE_CURVE('',#84,#24,#117,.T.);
#117 = SURFACE_CURVE('',#118,(#122,#128),.PCURVE_S1.);
#118 = LINE('',#119,#120);
#119 = CARTESIAN_POINT('',(40.,23.15171184496,106.32441607169));
#120 = VECTOR('',#121,1.);
#121 = DIRECTION('',(-1.,-0.,-0.));
#122 = PCURVE('',#33,#123);
#123 = DEFINITIONAL_REPRESENTATION('',(#124),#127);
#124 = B_SPLINE_CURVE_WITH_KNOTS('',1,(#125,#126),.UNSPECIFIED.,.F.,.F.,
  (2,2),(-6.,0.),.PIECEWISE_BEZIER_KNOTS.);
#125 = CARTESIAN_POINT('',(-6.549851917015,-6.));
#126 = CARTESIAN_POINT('',(-6.549851917015,0.));
#127 = ( GEOMETRIC_REPRESENTATION_CONTEXT(2) 
PARAMETRIC_REPRESENTATION_CONTEXT() REPRESENTATION_CONTEXT('2D SPACE',''
  ) );
#128 = PCURVE('',#129,#134);
#129 = PLANE('',#130);
#130 = AXIS2_PLACEMENT_3D('',#131,#132,#133);
#131 = CARTESIAN_POINT('',(40.,22.,92.));
#132 = DIRECTION('',(0.,-0.996783345522,8.01433845646E-02));
#133 = DIRECTION('',(0.,8.01433845646E-02,0.996783345522));
#134 = DEFINITIONAL_REPRESENTATION('',(#135),#138);
#135 = B_SPLINE_CURVE_WITH_KNOTS('',1,(#136,#137),.UNSPECIFIED.,.F.,.F.,
  (2,2),(-6.0000006,5.999999999062E-07),.PIECEWISE_BEZIER_KNOTS.);
#136 = CARTESIAN_POINT('',(14.370641459895,-6.0000006));
#137 = CARTESIAN_POINT('',(14.370641459895,5.999999999062E-07));
#138 = ( GEOMETRIC_REPRESENTATION_CONTEXT(2) 
PARAMETRIC_REPRESENTATION_CONTEXT() REPRESENTATION_CONTEXT('2D SPACE',''
  ) );
#139 = ADVANCED_FACE('',(#140,#215,#246),#45,.F.);
#140 = FACE_BOUND('',#141,.F.);
#141 = EDGE_LOOP('',(#142,#165,#166,#189));
#142 = ORIENTED_EDGE('',*,*,#143,.T.);
#143 = EDGE_CURVE('',#144,#22,#146,.T.);
#144 = VERTEX_POINT('',#145);
#145 = CARTESIAN_POINT('',(40.,-29.07537688442,180.));
#146 = SURFACE_CURVE('',#147,(#151,#158),.PCURVE_S1.);
#147 = LINE('',#148,#149);
#148 = CARTESIAN_POINT('',(40.,-30.,191.5));
#149 = VECTOR('',#150,1.);
#150 = DIRECTION('',(0.,8.01433845646E-02,-0.996783345522));
#151 = PCURVE('',#45,#152);
#152 = DEFINITIONAL_REPRESENTATION('',(#153),#157);
#153 = LINE('',#154,#155);
#154 = CARTESIAN_POINT('',(91.5,30.));
#155 = VECTOR('',#156,1.);
#156 = DIRECTION('',(-0.996783345522,-8.01433845646E-02));
#157 = ( GEOMETRIC_REPRESENTATION_CONTEXT(2) 
PARAMETRIC_REPRESENTATION_CONTEXT() REPRESENTATION_CONTEXT('2D SPACE',''
  ) );
#158 = PCURVE('',#72,#159);
#159 = DEFINITIONAL_REPRESENTATION('',(#160),#164);
#160 = LINE('',#161,#162);
#161 = CARTESIAN_POINT('',(0.,0.));
#162 = VECTOR('',#163,1.);
#163 = DIRECTION('',(1.,0.));
#164 = ( GEOMETRIC_REPRESENTATION_CONTEXT(2) 
PARAMETRIC_REPRESENTATION_CONTEXT() REPRESENTATION_CONTEXT('2D SPACE',''
  ) );
#165 = ORIENTED_EDGE('',*,*,#21,.T.);
#166 = ORIENTED_EDGE('',*,*,#167,.T.);
#167 = EDGE_CURVE('',#24,#168,#170,.T.);
#168 = VERTEX_POINT('',#169);
#169 = CARTESIAN_POINT('',(40.,29.075376884422,180.));
#170 = SURFACE_CURVE('',#171,(#175,#182),.PCURVE_S1.);
#171 = LINE('',#172,#173);
#172 = CARTESIAN_POINT('',(40.,22.,92.));
#173 = VECTOR('',#174,1.);
#174 = DIRECTION('',(0.,8.01433845646E-02,0.996783345522));
#175 = PCURVE('',#45,#176);
#176 = DEFINITIONAL_REPRESENTATION('',(#177),#181);
#177 = LINE('',#178,#179);
#178 = CARTESIAN_POINT('',(-8.,-22.));
#179 = VECTOR('',#180,1.);
#180 = DIRECTION('',(0.996783345522,-8.01433845646E-02));
#181 = ( GEOMETRIC_REPRESENTATION_CONTEXT(2) 
PARAMETRIC_REPRESENTATION_CONTEXT() REPRESENTATION_CONTEXT('2D SPACE',''
  ) );
#182 = PCURVE('',#129,#183);
#183 = DEFINITIONAL_REPRESENTATION('',(#184),#188);
#184 = LINE('',#185,#186);
#185 = CARTESIAN_POINT('',(0.,0.));
#186 = VECTOR('',#187,1.);
#187 = DIRECTION('',(1.,0.));
#188 = ( GEOMETRIC_REPRESENTATION_CONTEXT(2) 
PARAMETRIC_REPRESENTATION_CONTEXT() REPRESENTATION_CONTEXT('2D SPACE',''
  ) );
#189 = ORIENTED_EDGE('',*,*,#190,.F.);
#190 = EDGE_CURVE('',#144,#168,#191,.T.);
#191 = SURFACE_CURVE('',#192,(#196,#203),.PCURVE_S1.);
#192 = LINE('',#193,#194);
#193 = CARTESIAN_POINT('',(40.,-32.,180.));
#194 = VECTOR('',#195,1.);
#195 = DIRECTION('',(0.,1.,0.));
#196 = PCURVE('',#45,#197);
#197 = DEFINITIONAL_REPRESENTATION('',(#198),#202);
#198 = LINE('',#199,#200);
#199 = CARTESIAN_POINT('',(80.,32.));
#200 = VECTOR('',#201,1.);
#201 = DIRECTION('',(0.,-1.));
#202 = ( GEOMETRIC_REPRESENTATION_CONTEXT(2) 
PARAMETRIC_REPRESENTATION_CONTEXT() REPRESENTATION_CONTEXT('2D SPACE',''
  ) );
#203 = PCURVE('',#204,#209);
#204 = PLANE('',#205);
#205 = AXIS2_PLACEMENT_3D('',#206,#207,#208);
#206 = CARTESIAN_POINT('',(-40.,-32.,180.));
#207 = DIRECTION('',(0.,0.,1.));
#208 = DIRECTION('',(1.,0.,0.));
#209 = DEFINITIONAL_REPRESENTATION('',(#210),#214);
#210 = LINE('',#211,#212);
#211 = CARTESIAN_POINT('',(80.,0.));
#212 = VECTOR('',#213,1.);
#213 = DIRECTION('',(0.,1.));
#214 = ( GEOMETRIC_REPRESENTATION_CONTEXT(2) 
PARAMETRIC_REPRESENTATION_CONTEXT() REPRESENTATION_CONTEXT('2D SPACE',''
  ) );
#215 = FACE_BOUND('',#216,.F.);
#216 = EDGE_LOOP('',(#217));
#217 = ORIENTED_EDGE('',*,*,#218,.F.);
#218 = EDGE_CURVE('',#219,#219,#221,.T.);
#219 = VERTEX_POINT('',#220);
#220 = CARTESIAN_POINT('',(40.,11.5,100.));
#221 = SURFACE_CURVE('',#222,(#227,#234),.PCURVE_S1.);
#222 = CIRCLE('',#223,11.5);
#223 = AXIS2_PLACEMENT_3D('',#224,#225,#226);
#224 = CARTESIAN_POINT('',(40.,0.,100.));
#225 = DIRECTION('',(1.,0.,0.));
#226 = DIRECTION('',(0.,1.,0.));
#227 = PCURVE('',#45,#228);
#228 = DEFINITIONAL_REPRESENTATION('',(#229),#233);
#229 = CIRCLE('',#230,11.5);
#230 = AXIS2_PLACEMENT_2D('',#231,#232);
#231 = CARTESIAN_POINT('',(0.,-1.823253510053E-15));
#232 = DIRECTION('',(0.,-1.));
#233 = ( GEOMETRIC_REPRESENTATION_CONTEXT(2) 
PARAMETRIC_REPRESENTATION_CONTEXT() REPRESENTATION_CONTEXT('2D SPACE',''
  ) );
#234 = PCURVE('',#235,#240);
#235 = CYLINDRICAL_SURFACE('',#236,11.5);
#236 = AXIS2_PLACEMENT_3D('',#237,#238,#239);
#237 = CARTESIAN_POINT('',(39.1,0.,100.));
#238 = DIRECTION('',(-1.,-0.,-0.));
#239 = DIRECTION('',(0.,1.,0.));
#240 = DEFINITIONAL_REPRESENTATION('',(#241),#245);
#241 = LINE('',#242,#243);
#242 = CARTESIAN_POINT('',(-0.,-0.9));
#243 = VECTOR('',#244,1.);
#244 = DIRECTION('',(-1.,0.));
#245 = ( GEOMETRIC_REPRESENTATION_CONTEXT(2) 
PARAMETRIC_REPRESENTATION_CONTEXT() REPRESENTATION_CONTEXT('2D SPACE',''
  ) );
#246 = FACE_BOUND('',#247,.F.);
#247 = EDGE_LOOP('',(#248));
#248 = ORIENTED_EDGE('',*,*,#249,.T.);
#249 = EDGE_CURVE('',#250,#250,#252,.T.);
#250 = VERTEX_POINT('',#251);
#251 = CARTESIAN_POINT('',(40.,12.,150.));
#252 = SURFACE_CURVE('',#253,(#258,#269),.PCURVE_S1.);
#253 = CIRCLE('',#254,12.);
#254 = AXIS2_PLACEMENT_3D('',#255,#256,#257);
#255 = CARTESIAN_POINT('',(40.,0.,150.));
#256 = DIRECTION('',(-1.,0.,0.));
#257 = DIRECTION('',(0.,1.,0.));
#258 = PCURVE('',#45,#259);
#259 = DEFINITIONAL_REPRESENTATION('',(#260),#268);
#260 = ( BOUNDED_CURVE() B_SPLINE_CURVE(2,(#261,#262,#263,#264,#265,#266
,#267),.UNSPECIFIED.,.T.,.F.) B_SPLINE_CURVE_WITH_KNOTS((1,2,2,2,2,1),(
    -2.094395102393,0.,2.094395102393,4.188790204786,6.28318530718,
8.377580409573),.UNSPECIFIED.) CURVE() GEOMETRIC_REPRESENTATION_ITEM() 
RATIONAL_B_SPLINE_CURVE((1.,0.5,1.,0.5,1.,0.5,1.)) REPRESENTATION_ITEM(
  '') );
#261 = CARTESIAN_POINT('',(50.,-12.));
#262 = CARTESIAN_POINT('',(29.215390309173,-12.));
#263 = CARTESIAN_POINT('',(39.607695154587,6.));
#264 = CARTESIAN_POINT('',(50.,24.));
#265 = CARTESIAN_POINT('',(60.392304845413,6.));
#266 = CARTESIAN_POINT('',(70.784609690827,-12.));
#267 = CARTESIAN_POINT('',(50.,-12.));
#268 = ( GEOMETRIC_REPRESENTATION_CONTEXT(2) 
PARAMETRIC_REPRESENTATION_CONTEXT() REPRESENTATION_CONTEXT('2D SPACE',''
  ) );
#269 = PCURVE('',#270,#275);
#270 = CYLINDRICAL_SURFACE('',#271,12.);
#271 = AXIS2_PLACEMENT_3D('',#272,#273,#274);
#272 = CARTESIAN_POINT('',(39.,0.,150.));
#273 = DIRECTION('',(-1.,-0.,-0.));
#274 = DIRECTION('',(0.,1.,0.));
#275 = DEFINITIONAL_REPRESENTATION('',(#276),#280);
#276 = LINE('',#277,#278);
#277 = CARTESIAN_POINT('',(-6.28318530718,-1.));
#278 = VECTOR('',#279,1.);
#279 = DIRECTION('',(1.,-0.));
#280 = ( GEOMETRIC_REPRESENTATION_CONTEXT(2) 
PARAMETRIC_REPRESENTATION_CONTEXT() REPRESENTATION_CONTEXT('2D SPACE',''
  ) );
#281 = ADVANCED_FACE('',(#282),#72,.F.);
#282 = FACE_BOUND('',#283,.F.);
#283 = EDGE_LOOP('',(#284,#312,#340,#361,#362));
#284 = ORIENTED_EDGE('',*,*,#285,.F.);
#285 = EDGE_CURVE('',#286,#144,#288,.T.);
#286 = VERTEX_POINT('',#287);
#287 = CARTESIAN_POINT('',(40.,-30.,191.5));
#288 = SURFACE_CURVE('',#289,(#293,#300),.PCURVE_S1.);
#289 = LINE('',#290,#291);
#290 = CARTESIAN_POINT('',(40.,-30.,191.5));
#291 = VECTOR('',#292,1.);
#292 = DIRECTION('',(0.,8.01433845646E-02,-0.996783345522));
#293 = PCURVE('',#72,#294);
#294 = DEFINITIONAL_REPRESENTATION('',(#295),#299);
#295 = LINE('',#296,#297);
#296 = CARTESIAN_POINT('',(0.,0.));
#297 = VECTOR('',#298,1.);
#298 = DIRECTION('',(1.,0.));
#299 = ( GEOMETRIC_REPRESENTATION_CONTEXT(2) 
PARAMETRIC_REPRESENTATION_CONTEXT() REPRESENTATION_CONTEXT('2D SPACE',''
  ) );
#300 = PCURVE('',#301,#306);
#301 = PLANE('',#302);
#302 = AXIS2_PLACEMENT_3D('',#303,#304,#305);
#303 = CARTESIAN_POINT('',(40.,-32.,180.));
#304 = DIRECTION('',(1.,0.,0.));
#305 = DIRECTION('',(0.,0.,1.));
#306 = DEFINITIONAL_REPRESENTATION('',(#307),#311);
#307 = LINE('',#308,#309);
#308 = CARTESIAN_POINT('',(11.5,-2.));
#309 = VECTOR('',#310,1.);
#310 = DIRECTION('',(-0.996783345522,-8.01433845646E-02));
#311 = ( GEOMETRIC_REPRESENTATION_CONTEXT(2) 
PARAMETRIC_REPRESENTATION_CONTEXT() REPRESENTATION_CONTEXT('2D SPACE',''
  ) );
#312 = ORIENTED_EDGE('',*,*,#313,.T.);
#313 = EDGE_CURVE('',#286,#314,#316,.T.);
#314 = VERTEX_POINT('',#315);
#315 = CARTESIAN_POINT('',(46.,-30.,191.5));
#316 = SURFACE_CURVE('',#317,(#321,#328),.PCURVE_S1.);
#317 = LINE('',#318,#319);
#318 = CARTESIAN_POINT('',(40.,-30.,191.5));
#319 = VECTOR('',#320,1.);
#320 = DIRECTION('',(1.,0.,0.));
#321 = PCURVE('',#72,#322);
#322 = DEFINITIONAL_REPRESENTATION('',(#323),#327);
#323 = LINE('',#324,#325);
#324 = CARTESIAN_POINT('',(0.,0.));
#325 = VECTOR('',#326,1.);
#326 = DIRECTION('',(0.,-1.));
#327 = ( GEOMETRIC_REPRESENTATION_CONTEXT(2) 
PARAMETRIC_REPRESENTATION_CONTEXT() REPRESENTATION_CONTEXT('2D SPACE',''
  ) );
#328 = PCURVE('',#329,#334);
#329 = PLANE('',#330);
#330 = AXIS2_PLACEMENT_3D('',#331,#332,#333);
#331 = CARTESIAN_POINT('',(40.,30.,191.5));
#332 = DIRECTION('',(0.,0.,-1.));
#333 = DIRECTION('',(0.,-1.,0.));
#334 = DEFINITIONAL_REPRESENTATION('',(#335),#339);
#335 = LINE('',#336,#337);
#336 = CARTESIAN_POINT('',(60.,0.));
#337 = VECTOR('',#338,1.);
#338 = DIRECTION('',(0.,-1.));
#339 = ( GEOMETRIC_REPRESENTATION_CONTEXT(2) 
PARAMETRIC_REPRESENTATION_CONTEXT() REPRESENTATION_CONTEXT('2D SPACE',''
  ) );
#340 = ORIENTED_EDGE('',*,*,#341,.T.);
#341 = EDGE_CURVE('',#314,#58,#342,.T.);
#342 = SURFACE_CURVE('',#343,(#347,#354),.PCURVE_S1.);
#343 = LINE('',#344,#345);
#344 = CARTESIAN_POINT('',(46.,-30.,191.5));
#345 = VECTOR('',#346,1.);
#346 = DIRECTION('',(0.,8.01433845646E-02,-0.996783345522));
#347 = PCURVE('',#72,#348);
#348 = DEFINITIONAL_REPRESENTATION('',(#349),#353);
#349 = LINE('',#350,#351);
#350 = CARTESIAN_POINT('',(0.,-6.));
#351 = VECTOR('',#352,1.);
#352 = DIRECTION('',(1.,0.));
#353 = ( GEOMETRIC_REPRESENTATION_CONTEXT(2) 
PARAMETRIC_REPRESENTATION_CONTEXT() REPRESENTATION_CONTEXT('2D SPACE',''
  ) );
#354 = PCURVE('',#100,#355);
#355 = DEFINITIONAL_REPRESENTATION('',(#356),#360);
#356 = LINE('',#357,#358);
#357 = CARTESIAN_POINT('',(91.5,30.));
#358 = VECTOR('',#359,1.);
#359 = DIRECTION('',(-0.996783345522,-8.01433845646E-02));
#360 = ( GEOMETRIC_REPRESENTATION_CONTEXT(2) 
PARAMETRIC_REPRESENTATION_CONTEXT() REPRESENTATION_CONTEXT('2D SPACE',''
  ) );
#361 = ORIENTED_EDGE('',*,*,#57,.T.);
#362 = ORIENTED_EDGE('',*,*,#143,.F.);
#363 = ADVANCED_FACE('',(#364,#412),#100,.T.);
#364 = FACE_BOUND('',#365,.T.);
#365 = EDGE_LOOP('',(#366,#367,#390,#411));
#366 = ORIENTED_EDGE('',*,*,#83,.F.);
#367 = ORIENTED_EDGE('',*,*,#368,.T.);
#368 = EDGE_CURVE('',#84,#369,#371,.T.);
#369 = VERTEX_POINT('',#370);
#370 = CARTESIAN_POINT('',(46.,30.,191.5));
#371 = SURFACE_CURVE('',#372,(#376,#383),.PCURVE_S1.);
#372 = LINE('',#373,#374);
#373 = CARTESIAN_POINT('',(46.,22.,92.));
#374 = VECTOR('',#375,1.);
#375 = DIRECTION('',(0.,8.01433845646E-02,0.996783345522));
#376 = PCURVE('',#100,#377);
#377 = DEFINITIONAL_REPRESENTATION('',(#378),#382);
#378 = LINE('',#379,#380);
#379 = CARTESIAN_POINT('',(-8.,-22.));
#380 = VECTOR('',#381,1.);
#381 = DIRECTION('',(0.996783345522,-8.01433845646E-02));
#382 = ( GEOMETRIC_REPRESENTATION_CONTEXT(2) 
PARAMETRIC_REPRESENTATION_CONTEXT() REPRESENTATION_CONTEXT('2D SPACE',''
  ) );
#383 = PCURVE('',#129,#384);
#384 = DEFINITIONAL_REPRESENTATION('',(#385),#389);
#385 = LINE('',#386,#387);
#386 = CARTESIAN_POINT('',(0.,-6.));
#387 = VECTOR('',#388,1.);
#388 = DIRECTION('',(1.,0.));
#389 = ( GEOMETRIC_REPRESENTATION_CONTEXT(2) 
PARAMETRIC_REPRESENTATION_CONTEXT() REPRESENTATION_CONTEXT('2D SPACE',''
  ) );
#390 = ORIENTED_EDGE('',*,*,#391,.T.);
#391 = EDGE_CURVE('',#369,#314,#392,.T.);
#392 = SURFACE_CURVE('',#393,(#397,#404),.PCURVE_S1.);
#393 = LINE('',#394,#395);
#394 = CARTESIAN_POINT('',(46.,30.,191.5));
#395 = VECTOR('',#396,1.);
#396 = DIRECTION('',(0.,-1.,0.));
#397 = PCURVE('',#100,#398);
#398 = DEFINITIONAL_REPRESENTATION('',(#399),#403);
#399 = LINE('',#400,#401);
#400 = CARTESIAN_POINT('',(91.5,-30.));
#401 = VECTOR('',#402,1.);
#402 = DIRECTION('',(0.,1.));
#403 = ( GEOMETRIC_REPRESENTATION_CONTEXT(2) 
PARAMETRIC_REPRESENTATION_CONTEXT() REPRESENTATION_CONTEXT('2D SPACE',''
  ) );
#404 = PCURVE('',#329,#405);
#405 = DEFINITIONAL_REPRESENTATION('',(#406),#410);
#406 = LINE('',#407,#408);
#407 = CARTESIAN_POINT('',(0.,-6.));
#408 = VECTOR('',#409,1.);
#409 = DIRECTION('',(1.,0.));
#410 = ( GEOMETRIC_REPRESENTATION_CONTEXT(2) 
PARAMETRIC_REPRESENTATION_CONTEXT() REPRESENTATION_CONTEXT('2D SPACE',''
  ) );
#411 = ORIENTED_EDGE('',*,*,#341,.T.);
#412 = FACE_BOUND('',#413,.T.);
#413 = EDGE_LOOP('',(#414));
#414 = ORIENTED_EDGE('',*,*,#415,.T.);
#415 = EDGE_CURVE('',#416,#416,#418,.T.);
#416 = VERTEX_POINT('',#417);
#417 = CARTESIAN_POINT('',(46.,12.,150.));
#418 = SURFACE_CURVE('',#419,(#424,#435),.PCURVE_S1.);
#419 = CIRCLE('',#420,12.);
#420 = AXIS2_PLACEMENT_3D('',#421,#422,#423);
#421 = CARTESIAN_POINT('',(46.,0.,150.));
#422 = DIRECTION('',(-1.,0.,0.));
#423 = DIRECTION('',(0.,1.,0.));
#424 = PCURVE('',#100,#425);
#425 = DEFINITIONAL_REPRESENTATION('',(#426),#434);
#426 = ( BOUNDED_CURVE() B_SPLINE_CURVE(2,(#427,#428,#429,#430,#431,#432
,#433),.UNSPECIFIED.,.T.,.F.) B_SPLINE_CURVE_WITH_KNOTS((1,2,2,2,2,1),(
    -2.094395102393,0.,2.094395102393,4.188790204786,6.28318530718,
8.377580409573),.UNSPECIFIED.) CURVE() GEOMETRIC_REPRESENTATION_ITEM() 
RATIONAL_B_SPLINE_CURVE((1.,0.5,1.,0.5,1.,0.5,1.)) REPRESENTATION_ITEM(
  '') );
#427 = CARTESIAN_POINT('',(50.,-12.));
#428 = CARTESIAN_POINT('',(29.215390309173,-12.));
#429 = CARTESIAN_POINT('',(39.607695154587,6.));
#430 = CARTESIAN_POINT('',(50.,24.));
#431 = CARTESIAN_POINT('',(60.392304845413,6.));
#432 = CARTESIAN_POINT('',(70.784609690827,-12.));
#433 = CARTESIAN_POINT('',(50.,-12.));
#434 = ( GEOMETRIC_REPRESENTATION_CONTEXT(2) 
PARAMETRIC_REPRESENTATION_CONTEXT() REPRESENTATION_CONTEXT('2D SPACE',''
  ) );
#435 = PCURVE('',#270,#436);
#436 = DEFINITIONAL_REPRESENTATION('',(#437),#441);
#437 = LINE('',#438,#439);
#438 = CARTESIAN_POINT('',(-6.28318530718,-7.));
#439 = VECTOR('',#440,1.);
#440 = DIRECTION('',(1.,-0.));
#441 = ( GEOMETRIC_REPRESENTATION_CONTEXT(2) 
PARAMETRIC_REPRESENTATION_CONTEXT() REPRESENTATION_CONTEXT('2D SPACE',''
  ) );
#442 = ADVANCED_FACE('',(#443),#129,.F.);
#443 = FACE_BOUND('',#444,.F.);
#444 = EDGE_LOOP('',(#445,#446,#447,#448,#471));
#445 = ORIENTED_EDGE('',*,*,#167,.F.);
#446 = ORIENTED_EDGE('',*,*,#116,.F.);
#447 = ORIENTED_EDGE('',*,*,#368,.T.);
#448 = ORIENTED_EDGE('',*,*,#449,.F.);
#449 = EDGE_CURVE('',#450,#369,#452,.T.);
#450 = VERTEX_POINT('',#451);
#451 = CARTESIAN_POINT('',(40.,30.,191.5));
#452 = SURFACE_CURVE('',#453,(#457,#464),.PCURVE_S1.);
#453 = LINE('',#454,#455);
#454 = CARTESIAN_POINT('',(40.,30.,191.5));
#455 = VECTOR('',#456,1.);
#456 = DIRECTION('',(1.,0.,0.));
#457 = PCURVE('',#129,#458);
#458 = DEFINITIONAL_REPRESENTATION('',(#459),#463);
#459 = LINE('',#460,#461);
#460 = CARTESIAN_POINT('',(99.821089955981,0.));
#461 = VECTOR('',#462,1.);
#462 = DIRECTION('',(0.,-1.));
#463 = ( GEOMETRIC_REPRESENTATION_CONTEXT(2) 
PARAMETRIC_REPRESENTATION_CONTEXT() REPRESENTATION_CONTEXT('2D SPACE',''
  ) );
#464 = PCURVE('',#329,#465);
#465 = DEFINITIONAL_REPRESENTATION('',(#466),#470);
#466 = LINE('',#467,#468);
#467 = CARTESIAN_POINT('',(0.,-0.));
#468 = VECTOR('',#469,1.);
#469 = DIRECTION('',(0.,-1.));
#470 = ( GEOMETRIC_REPRESENTATION_CONTEXT(2) 
PARAMETRIC_REPRESENTATION_CONTEXT() REPRESENTATION_CONTEXT('2D SPACE',''
  ) );
#471 = ORIENTED_EDGE('',*,*,#472,.F.);
#472 = EDGE_CURVE('',#168,#450,#473,.T.);
#473 = SURFACE_CURVE('',#474,(#478,#485),.PCURVE_S1.);
#474 = LINE('',#475,#476);
#475 = CARTESIAN_POINT('',(40.,22.,92.));
#476 = VECTOR('',#477,1.);
#477 = DIRECTION('',(0.,8.01433845646E-02,0.996783345522));
#478 = PCURVE('',#129,#479);
#479 = DEFINITIONAL_REPRESENTATION('',(#480),#484);
#480 = LINE('',#481,#482);
#481 = CARTESIAN_POINT('',(0.,0.));
#482 = VECTOR('',#483,1.);
#483 = DIRECTION('',(1.,0.));
#484 = ( GEOMETRIC_REPRESENTATION_CONTEXT(2) 
PARAMETRIC_REPRESENTATION_CONTEXT() REPRESENTATION_CONTEXT('2D SPACE',''
  ) );
#485 = PCURVE('',#486,#491);
#486 = PLANE('',#487);
#487 = AXIS2_PLACEMENT_3D('',#488,#489,#490);
#488 = CARTESIAN_POINT('',(40.,-32.,180.));
#489 = DIRECTION('',(1.,0.,0.));
#490 = DIRECTION('',(0.,0.,1.));
#491 = DEFINITIONAL_REPRESENTATION('',(#492),#496);
#492 = LINE('',#493,#494);
#493 = CARTESIAN_POINT('',(-88.,-54.));
#494 = VECTOR('',#495,1.);
#495 = DIRECTION('',(0.996783345522,-8.01433845646E-02));
#496 = ( GEOMETRIC_REPRESENTATION_CONTEXT(2) 
PARAMETRIC_REPRESENTATION_CONTEXT() REPRESENTATION_CONTEXT('2D SPACE',''
  ) );
#497 = ADVANCED_FACE('',(#498,#1034),#204,.F.);
#498 = FACE_BOUND('',#499,.F.);
#499 = EDGE_LOOP('',(#500,#530,#558,#579,#580,#603,#631,#659,#692,#720,
    #743,#771,#799,#827,#855,#878,#906,#934,#957,#980,#1008));
#500 = ORIENTED_EDGE('',*,*,#501,.F.);
#501 = EDGE_CURVE('',#502,#504,#506,.T.);
#502 = VERTEX_POINT('',#503);
#503 = CARTESIAN_POINT('',(-40.,-32.,180.));
#504 = VERTEX_POINT('',#505);
#505 = CARTESIAN_POINT('',(-40.,-29.07537688442,180.));
#506 = SURFACE_CURVE('',#507,(#511,#518),.PCURVE_S1.);
#507 = LINE('',#508,#509);
#508 = CARTESIAN_POINT('',(-40.,-32.,180.));
#509 = VECTOR('',#510,1.);
#510 = DIRECTION('',(0.,1.,0.));
#511 = PCURVE('',#204,#512);
#512 = DEFINITIONAL_REPRESENTATION('',(#513),#517);
#513 = LINE('',#514,#515);
#514 = CARTESIAN_POINT('',(0.,0.));
#515 = VECTOR('',#516,1.);
#516 = DIRECTION('',(0.,1.));
#517 = ( GEOMETRIC_REPRESENTATION_CONTEXT(2) 
PARAMETRIC_REPRESENTATION_CONTEXT() REPRESENTATION_CONTEXT('2D SPACE',''
  ) );
#518 = PCURVE('',#519,#524);
#519 = PLANE('',#520);
#520 = AXIS2_PLACEMENT_3D('',#521,#522,#523);
#521 = CARTESIAN_POINT('',(-40.,-32.,180.));
#522 = DIRECTION('',(1.,0.,0.));
#523 = DIRECTION('',(0.,0.,1.));
#524 = DEFINITIONAL_REPRESENTATION('',(#525),#529);
#525 = LINE('',#526,#527);
#526 = CARTESIAN_POINT('',(0.,0.));
#527 = VECTOR('',#528,1.);
#528 = DIRECTION('',(0.,-1.));
#529 = ( GEOMETRIC_REPRESENTATION_CONTEXT(2) 
PARAMETRIC_REPRESENTATION_CONTEXT() REPRESENTATION_CONTEXT('2D SPACE',''
  ) );
#530 = ORIENTED_EDGE('',*,*,#531,.T.);
#531 = EDGE_CURVE('',#502,#532,#534,.T.);
#532 = VERTEX_POINT('',#533);
#533 = CARTESIAN_POINT('',(40.,-32.,180.));
#534 = SURFACE_CURVE('',#535,(#539,#546),.PCURVE_S1.);
#535 = LINE('',#536,#537);
#536 = CARTESIAN_POINT('',(-40.,-32.,180.));
#537 = VECTOR('',#538,1.);
#538 = DIRECTION('',(1.,0.,0.));
#539 = PCURVE('',#204,#540);
#540 = DEFINITIONAL_REPRESENTATION('',(#541),#545);
#541 = LINE('',#542,#543);
#542 = CARTESIAN_POINT('',(0.,0.));
#543 = VECTOR('',#544,1.);
#544 = DIRECTION('',(1.,0.));
#545 = ( GEOMETRIC_REPRESENTATION_CONTEXT(2) 
PARAMETRIC_REPRESENTATION_CONTEXT() REPRESENTATION_CONTEXT('2D SPACE',''
  ) );
#546 = PCURVE('',#547,#552);
#547 = PLANE('',#548);
#548 = AXIS2_PLACEMENT_3D('',#549,#550,#551);
#549 = CARTESIAN_POINT('',(-40.,-32.,180.));
#550 = DIRECTION('',(0.,1.,0.));
#551 = DIRECTION('',(0.,0.,1.));
#552 = DEFINITIONAL_REPRESENTATION('',(#553),#557);
#553 = LINE('',#554,#555);
#554 = CARTESIAN_POINT('',(0.,0.));
#555 = VECTOR('',#556,1.);
#556 = DIRECTION('',(0.,1.));
#557 = ( GEOMETRIC_REPRESENTATION_CONTEXT(2) 
PARAMETRIC_REPRESENTATION_CONTEXT() REPRESENTATION_CONTEXT('2D SPACE',''
  ) );
#558 = ORIENTED_EDGE('',*,*,#559,.T.);
#559 = EDGE_CURVE('',#532,#144,#560,.T.);
#560 = SURFACE_CURVE('',#561,(#565,#572),.PCURVE_S1.);
#561 = LINE('',#562,#563);
#562 = CARTESIAN_POINT('',(40.,-32.,180.));
#563 = VECTOR('',#564,1.);
#564 = DIRECTION('',(0.,1.,0.));
#565 = PCURVE('',#204,#566);
#566 = DEFINITIONAL_REPRESENTATION('',(#567),#571);
#567 = LINE('',#568,#569);
#568 = CARTESIAN_POINT('',(80.,0.));
#569 = VECTOR('',#570,1.);
#570 = DIRECTION('',(0.,1.));
#571 = ( GEOMETRIC_REPRESENTATION_CONTEXT(2) 
PARAMETRIC_REPRESENTATION_CONTEXT() REPRESENTATION_CONTEXT('2D SPACE',''
  ) );
#572 = PCURVE('',#301,#573);
#573 = DEFINITIONAL_REPRESENTATION('',(#574),#578);
#574 = LINE('',#575,#576);
#575 = CARTESIAN_POINT('',(0.,0.));
#576 = VECTOR('',#577,1.);
#577 = DIRECTION('',(0.,-1.));
#578 = ( GEOMETRIC_REPRESENTATION_CONTEXT(2) 
PARAMETRIC_REPRESENTATION_CONTEXT() REPRESENTATION_CONTEXT('2D SPACE',''
  ) );
#579 = ORIENTED_EDGE('',*,*,#190,.T.);
#580 = ORIENTED_EDGE('',*,*,#581,.T.);
#581 = EDGE_CURVE('',#168,#582,#584,.T.);
#582 = VERTEX_POINT('',#583);
#583 = CARTESIAN_POINT('',(40.,32.,180.));
#584 = SURFACE_CURVE('',#585,(#589,#596),.PCURVE_S1.);
#585 = LINE('',#586,#587);
#586 = CARTESIAN_POINT('',(40.,-32.,180.));
#587 = VECTOR('',#588,1.);
#588 = DIRECTION('',(0.,1.,0.));
#589 = PCURVE('',#204,#590);
#590 = DEFINITIONAL_REPRESENTATION('',(#591),#595);
#591 = LINE('',#592,#593);
#592 = CARTESIAN_POINT('',(80.,0.));
#593 = VECTOR('',#594,1.);
#594 = DIRECTION('',(0.,1.));
#595 = ( GEOMETRIC_REPRESENTATION_CONTEXT(2) 
PARAMETRIC_REPRESENTATION_CONTEXT() REPRESENTATION_CONTEXT('2D SPACE',''
  ) );
#596 = PCURVE('',#486,#597);
#597 = DEFINITIONAL_REPRESENTATION('',(#598),#602);
#598 = LINE('',#599,#600);
#599 = CARTESIAN_POINT('',(0.,0.));
#600 = VECTOR('',#601,1.);
#601 = DIRECTION('',(0.,-1.));
#602 = ( GEOMETRIC_REPRESENTATION_CONTEXT(2) 
PARAMETRIC_REPRESENTATION_CONTEXT() REPRESENTATION_CONTEXT('2D SPACE',''
  ) );
#603 = ORIENTED_EDGE('',*,*,#604,.F.);
#604 = EDGE_CURVE('',#605,#582,#607,.T.);
#605 = VERTEX_POINT('',#606);
#606 = CARTESIAN_POINT('',(17.,32.,180.));
#607 = SURFACE_CURVE('',#608,(#612,#619),.PCURVE_S1.);
#608 = LINE('',#609,#610);
#609 = CARTESIAN_POINT('',(-40.,32.,180.));
#610 = VECTOR('',#611,1.);
#611 = DIRECTION('',(1.,0.,0.));
#612 = PCURVE('',#204,#613);
#613 = DEFINITIONAL_REPRESENTATION('',(#614),#618);
#614 = LINE('',#615,#616);
#615 = CARTESIAN_POINT('',(0.,64.));
#616 = VECTOR('',#617,1.);
#617 = DIRECTION('',(1.,0.));
#618 = ( GEOMETRIC_REPRESENTATION_CONTEXT(2) 
PARAMETRIC_REPRESENTATION_CONTEXT() REPRESENTATION_CONTEXT('2D SPACE',''
  ) );
#619 = PCURVE('',#620,#625);
#620 = PLANE('',#621);
#621 = AXIS2_PLACEMENT_3D('',#622,#623,#624);
#622 = CARTESIAN_POINT('',(-40.,32.,180.));
#623 = DIRECTION('',(0.,1.,0.));
#624 = DIRECTION('',(0.,0.,1.));
#625 = DEFINITIONAL_REPRESENTATION('',(#626),#630);
#626 = LINE('',#627,#628);
#627 = CARTESIAN_POINT('',(0.,0.));
#628 = VECTOR('',#629,1.);
#629 = DIRECTION('',(0.,1.));
#630 = ( GEOMETRIC_REPRESENTATION_CONTEXT(2) 
PARAMETRIC_REPRESENTATION_CONTEXT() REPRESENTATION_CONTEXT('2D SPACE',''
  ) );
#631 = ORIENTED_EDGE('',*,*,#632,.F.);
#632 = EDGE_CURVE('',#633,#605,#635,.T.);
#633 = VERTEX_POINT('',#634);
#634 = CARTESIAN_POINT('',(17.,9.552486587271,180.));
#635 = SURFACE_CURVE('',#636,(#640,#647),.PCURVE_S1.);
#636 = LINE('',#637,#638);
#637 = CARTESIAN_POINT('',(17.,-18.5,180.));
#638 = VECTOR('',#639,1.);
#639 = DIRECTION('',(0.,1.,0.));
#640 = PCURVE('',#204,#641);
#641 = DEFINITIONAL_REPRESENTATION('',(#642),#646);
#642 = LINE('',#643,#644);
#643 = CARTESIAN_POINT('',(57.,13.5));
#644 = VECTOR('',#645,1.);
#645 = DIRECTION('',(0.,1.));
#646 = ( GEOMETRIC_REPRESENTATION_CONTEXT(2) 
PARAMETRIC_REPRESENTATION_CONTEXT() REPRESENTATION_CONTEXT('2D SPACE',''
  ) );
#647 = PCURVE('',#648,#653);
#648 = PLANE('',#649);
#649 = AXIS2_PLACEMENT_3D('',#650,#651,#652);
#650 = CARTESIAN_POINT('',(17.,-18.5,160.4));
#651 = DIRECTION('',(1.,0.,0.));
#652 = DIRECTION('',(0.,0.,1.));
#653 = DEFINITIONAL_REPRESENTATION('',(#654),#658);
#654 = LINE('',#655,#656);
#655 = CARTESIAN_POINT('',(19.6,0.));
#656 = VECTOR('',#657,1.);
#657 = DIRECTION('',(0.,-1.));
#658 = ( GEOMETRIC_REPRESENTATION_CONTEXT(2) 
PARAMETRIC_REPRESENTATION_CONTEXT() REPRESENTATION_CONTEXT('2D SPACE',''
  ) );
#659 = ORIENTED_EDGE('',*,*,#660,.T.);
#660 = EDGE_CURVE('',#633,#661,#663,.T.);
#661 = VERTEX_POINT('',#662);
#662 = CARTESIAN_POINT('',(19.5,0.,180.));
#663 = SURFACE_CURVE('',#664,(#669,#680),.PCURVE_S1.);
#664 = CIRCLE('',#665,19.5);
#665 = AXIS2_PLACEMENT_3D('',#666,#667,#668);
#666 = CARTESIAN_POINT('',(0.,0.,180.));
#667 = DIRECTION('',(0.,0.,-1.));
#668 = DIRECTION('',(1.,0.,0.));
#669 = PCURVE('',#204,#670);
#670 = DEFINITIONAL_REPRESENTATION('',(#671),#679);
#671 = ( BOUNDED_CURVE() B_SPLINE_CURVE(2,(#672,#673,#674,#675,#676,#677
,#678),.UNSPECIFIED.,.T.,.F.) B_SPLINE_CURVE_WITH_KNOTS((1,2,2,2,2,1),(
    -2.094395102393,0.,2.094395102393,4.188790204786,6.28318530718,
8.377580409573),.UNSPECIFIED.) CURVE() GEOMETRIC_REPRESENTATION_ITEM() 
RATIONAL_B_SPLINE_CURVE((1.,0.5,1.,0.5,1.,0.5,1.)) REPRESENTATION_ITEM(
  '') );
#672 = CARTESIAN_POINT('',(59.5,32.));
#673 = CARTESIAN_POINT('',(59.5,-1.774990747593));
#674 = CARTESIAN_POINT('',(30.25,15.112504626203));
#675 = CARTESIAN_POINT('',(1.,32.));
#676 = CARTESIAN_POINT('',(30.25,48.887495373797));
#677 = CARTESIAN_POINT('',(59.5,65.774990747593));
#678 = CARTESIAN_POINT('',(59.5,32.));
#679 = ( GEOMETRIC_REPRESENTATION_CONTEXT(2) 
PARAMETRIC_REPRESENTATION_CONTEXT() REPRESENTATION_CONTEXT('2D SPACE',''
  ) );
#680 = PCURVE('',#681,#686);
#681 = CYLINDRICAL_SURFACE('',#682,19.5);
#682 = AXIS2_PLACEMENT_3D('',#683,#684,#685);
#683 = CARTESIAN_POINT('',(0.,0.,179.));
#684 = DIRECTION('',(-0.,-0.,-1.));
#685 = DIRECTION('',(1.,0.,0.));
#686 = DEFINITIONAL_REPRESENTATION('',(#687),#691);
#687 = LINE('',#688,#689);
#688 = CARTESIAN_POINT('',(-6.28318530718,-1.));
#689 = VECTOR('',#690,1.);
#690 = DIRECTION('',(1.,-0.));
#691 = ( GEOMETRIC_REPRESENTATION_CONTEXT(2) 
PARAMETRIC_REPRESENTATION_CONTEXT() REPRESENTATION_CONTEXT('2D SPACE',''
  ) );
#692 = ORIENTED_EDGE('',*,*,#693,.T.);
#693 = EDGE_CURVE('',#661,#694,#696,.T.);
#694 = VERTEX_POINT('',#695);
#695 = CARTESIAN_POINT('',(17.,-9.552486587271,180.));
#696 = SURFACE_CURVE('',#697,(#702,#713),.PCURVE_S1.);
#697 = CIRCLE('',#698,19.5);
#698 = AXIS2_PLACEMENT_3D('',#699,#700,#701);
#699 = CARTESIAN_POINT('',(0.,0.,180.));
#700 = DIRECTION('',(0.,0.,-1.));
#701 = DIRECTION('',(1.,0.,0.));
#702 = PCURVE('',#204,#703);
#703 = DEFINITIONAL_REPRESENTATION('',(#704),#712);
#704 = ( BOUNDED_CURVE() B_SPLINE_CURVE(2,(#705,#706,#707,#708,#709,#710
,#711),.UNSPECIFIED.,.T.,.F.) B_SPLINE_CURVE_WITH_KNOTS((1,2,2,2,2,1),(
    -2.094395102393,0.,2.094395102393,4.188790204786,6.28318530718,
8.377580409573),.UNSPECIFIED.) CURVE() GEOMETRIC_REPRESENTATION_ITEM() 
RATIONAL_B_SPLINE_CURVE((1.,0.5,1.,0.5,1.,0.5,1.)) REPRESENTATION_ITEM(
  '') );
#705 = CARTESIAN_POINT('',(59.5,32.));
#706 = CARTESIAN_POINT('',(59.5,-1.774990747593));
#707 = CARTESIAN_POINT('',(30.25,15.112504626203));
#708 = CARTESIAN_POINT('',(1.,32.));
#709 = CARTESIAN_POINT('',(30.25,48.887495373797));
#710 = CARTESIAN_POINT('',(59.5,65.774990747593));
#711 = CARTESIAN_POINT('',(59.5,32.));
#712 = ( GEOMETRIC_REPRESENTATION_CONTEXT(2) 
PARAMETRIC_REPRESENTATION_CONTEXT() REPRESENTATION_CONTEXT('2D SPACE',''
  ) );
#713 = PCURVE('',#681,#714);
#714 = DEFINITIONAL_REPRESENTATION('',(#715),#719);
#715 = LINE('',#716,#717);
#716 = CARTESIAN_POINT('',(-6.28318530718,-1.));
#717 = VECTOR('',#718,1.);
#718 = DIRECTION('',(1.,-0.));
#719 = ( GEOMETRIC_REPRESENTATION_CONTEXT(2) 
PARAMETRIC_REPRESENTATION_CONTEXT() REPRESENTATION_CONTEXT('2D SPACE',''
  ) );
#720 = ORIENTED_EDGE('',*,*,#721,.F.);
#721 = EDGE_CURVE('',#722,#694,#724,.T.);
#722 = VERTEX_POINT('',#723);
#723 = CARTESIAN_POINT('',(17.,-18.5,180.));
#724 = SURFACE_CURVE('',#725,(#729,#736),.PCURVE_S1.);
#725 = LINE('',#726,#727);
#726 = CARTESIAN_POINT('',(17.,-18.5,180.));
#727 = VECTOR('',#728,1.);
#728 = DIRECTION('',(0.,1.,0.));
#729 = PCURVE('',#204,#730);
#730 = DEFINITIONAL_REPRESENTATION('',(#731),#735);
#731 = LINE('',#732,#733);
#732 = CARTESIAN_POINT('',(57.,13.5));
#733 = VECTOR('',#734,1.);
#734 = DIRECTION('',(0.,1.));
#735 = ( GEOMETRIC_REPRESENTATION_CONTEXT(2) 
PARAMETRIC_REPRESENTATION_CONTEXT() REPRESENTATION_CONTEXT('2D SPACE',''
  ) );
#736 = PCURVE('',#648,#737);
#737 = DEFINITIONAL_REPRESENTATION('',(#738),#742);
#738 = LINE('',#739,#740);
#739 = CARTESIAN_POINT('',(19.6,0.));
#740 = VECTOR('',#741,1.);
#741 = DIRECTION('',(0.,-1.));
#742 = ( GEOMETRIC_REPRESENTATION_CONTEXT(2) 
PARAMETRIC_REPRESENTATION_CONTEXT() REPRESENTATION_CONTEXT('2D SPACE',''
  ) );
#743 = ORIENTED_EDGE('',*,*,#744,.F.);
#744 = EDGE_CURVE('',#745,#722,#747,.T.);
#745 = VERTEX_POINT('',#746);
#746 = CARTESIAN_POINT('',(14.,-18.5,180.));
#747 = SURFACE_CURVE('',#748,(#752,#759),.PCURVE_S1.);
#748 = LINE('',#749,#750);
#749 = CARTESIAN_POINT('',(14.,-18.5,180.));
#750 = VECTOR('',#751,1.);
#751 = DIRECTION('',(1.,0.,0.));
#752 = PCURVE('',#204,#753);
#753 = DEFINITIONAL_REPRESENTATION('',(#754),#758);
#754 = LINE('',#755,#756);
#755 = CARTESIAN_POINT('',(54.,13.5));
#756 = VECTOR('',#757,1.);
#757 = DIRECTION('',(1.,0.));
#758 = ( GEOMETRIC_REPRESENTATION_CONTEXT(2) 
PARAMETRIC_REPRESENTATION_CONTEXT() REPRESENTATION_CONTEXT('2D SPACE',''
  ) );
#759 = PCURVE('',#760,#765);
#760 = PLANE('',#761);
#761 = AXIS2_PLACEMENT_3D('',#762,#763,#764);
#762 = CARTESIAN_POINT('',(-17.,-18.5,160.4));
#763 = DIRECTION('',(0.,1.,0.));
#764 = DIRECTION('',(0.,0.,1.));
#765 = DEFINITIONAL_REPRESENTATION('',(#766),#770);
#766 = LINE('',#767,#768);
#767 = CARTESIAN_POINT('',(19.6,31.));
#768 = VECTOR('',#769,1.);
#769 = DIRECTION('',(0.,1.));
#770 = ( GEOMETRIC_REPRESENTATION_CONTEXT(2) 
PARAMETRIC_REPRESENTATION_CONTEXT() REPRESENTATION_CONTEXT('2D SPACE',''
  ) );
#771 = ORIENTED_EDGE('',*,*,#772,.T.);
#772 = EDGE_CURVE('',#745,#773,#775,.T.);
#773 = VERTEX_POINT('',#774);
#774 = CARTESIAN_POINT('',(14.,-13.57387196049,180.));
#775 = SURFACE_CURVE('',#776,(#780,#787),.PCURVE_S1.);
#776 = LINE('',#777,#778);
#777 = CARTESIAN_POINT('',(14.,-18.5,180.));
#778 = VECTOR('',#779,1.);
#779 = DIRECTION('',(0.,1.,0.));
#780 = PCURVE('',#204,#781);
#781 = DEFINITIONAL_REPRESENTATION('',(#782),#786);
#782 = LINE('',#783,#784);
#783 = CARTESIAN_POINT('',(54.,13.5));
#784 = VECTOR('',#785,1.);
#785 = DIRECTION('',(0.,1.));
#786 = ( GEOMETRIC_REPRESENTATION_CONTEXT(2) 
PARAMETRIC_REPRESENTATION_CONTEXT() REPRESENTATION_CONTEXT('2D SPACE',''
  ) );
#787 = PCURVE('',#788,#793);
#788 = PLANE('',#789);
#789 = AXIS2_PLACEMENT_3D('',#790,#791,#792);
#790 = CARTESIAN_POINT('',(14.,-18.5,172.9));
#791 = DIRECTION('',(1.,0.,0.));
#792 = DIRECTION('',(0.,0.,1.));
#793 = DEFINITIONAL_REPRESENTATION('',(#794),#798);
#794 = LINE('',#795,#796);
#795 = CARTESIAN_POINT('',(7.1,0.));
#796 = VECTOR('',#797,1.);
#797 = DIRECTION('',(0.,-1.));
#798 = ( GEOMETRIC_REPRESENTATION_CONTEXT(2) 
PARAMETRIC_REPRESENTATION_CONTEXT() REPRESENTATION_CONTEXT('2D SPACE',''
  ) );
#799 = ORIENTED_EDGE('',*,*,#800,.T.);
#800 = EDGE_CURVE('',#773,#801,#803,.T.);
#801 = VERTEX_POINT('',#802);
#802 = CARTESIAN_POINT('',(-14.,-13.57387196049,180.));
#803 = SURFACE_CURVE('',#804,(#809,#820),.PCURVE_S1.);
#804 = CIRCLE('',#805,19.5);
#805 = AXIS2_PLACEMENT_3D('',#806,#807,#808);
#806 = CARTESIAN_POINT('',(0.,0.,180.));
#807 = DIRECTION('',(0.,0.,-1.));
#808 = DIRECTION('',(1.,0.,0.));
#809 = PCURVE('',#204,#810);
#810 = DEFINITIONAL_REPRESENTATION('',(#811),#819);
#811 = ( BOUNDED_CURVE() B_SPLINE_CURVE(2,(#812,#813,#814,#815,#816,#817
,#818),.UNSPECIFIED.,.T.,.F.) B_SPLINE_CURVE_WITH_KNOTS((1,2,2,2,2,1),(
    -2.094395102393,0.,2.094395102393,4.188790204786,6.28318530718,
8.377580409573),.UNSPECIFIED.) CURVE() GEOMETRIC_REPRESENTATION_ITEM() 
RATIONAL_B_SPLINE_CURVE((1.,0.5,1.,0.5,1.,0.5,1.)) REPRESENTATION_ITEM(
  '') );
#812 = CARTESIAN_POINT('',(59.5,32.));
#813 = CARTESIAN_POINT('',(59.5,-1.774990747593));
#814 = CARTESIAN_POINT('',(30.25,15.112504626203));
#815 = CARTESIAN_POINT('',(1.,32.));
#816 = CARTESIAN_POINT('',(30.25,48.887495373797));
#817 = CARTESIAN_POINT('',(59.5,65.774990747593));
#818 = CARTESIAN_POINT('',(59.5,32.));
#819 = ( GEOMETRIC_REPRESENTATION_CONTEXT(2) 
PARAMETRIC_REPRESENTATION_CONTEXT() REPRESENTATION_CONTEXT('2D SPACE',''
  ) );
#820 = PCURVE('',#681,#821);
#821 = DEFINITIONAL_REPRESENTATION('',(#822),#826);
#822 = LINE('',#823,#824);
#823 = CARTESIAN_POINT('',(-6.28318530718,-1.));
#824 = VECTOR('',#825,1.);
#825 = DIRECTION('',(1.,-0.));
#826 = ( GEOMETRIC_REPRESENTATION_CONTEXT(2) 
PARAMETRIC_REPRESENTATION_CONTEXT() REPRESENTATION_CONTEXT('2D SPACE',''
  ) );
#827 = ORIENTED_EDGE('',*,*,#828,.F.);
#828 = EDGE_CURVE('',#829,#801,#831,.T.);
#829 = VERTEX_POINT('',#830);
#830 = CARTESIAN_POINT('',(-14.,-18.5,180.));
#831 = SURFACE_CURVE('',#832,(#836,#843),.PCURVE_S1.);
#832 = LINE('',#833,#834);
#833 = CARTESIAN_POINT('',(-14.,-18.5,180.));
#834 = VECTOR('',#835,1.);
#835 = DIRECTION('',(0.,1.,0.));
#836 = PCURVE('',#204,#837);
#837 = DEFINITIONAL_REPRESENTATION('',(#838),#842);
#838 = LINE('',#839,#840);
#839 = CARTESIAN_POINT('',(26.,13.5));
#840 = VECTOR('',#841,1.);
#841 = DIRECTION('',(0.,1.));
#842 = ( GEOMETRIC_REPRESENTATION_CONTEXT(2) 
PARAMETRIC_REPRESENTATION_CONTEXT() REPRESENTATION_CONTEXT('2D SPACE',''
  ) );
#843 = PCURVE('',#844,#849);
#844 = PLANE('',#845);
#845 = AXIS2_PLACEMENT_3D('',#846,#847,#848);
#846 = CARTESIAN_POINT('',(-14.,-18.5,172.9));
#847 = DIRECTION('',(1.,0.,0.));
#848 = DIRECTION('',(0.,0.,1.));
#849 = DEFINITIONAL_REPRESENTATION('',(#850),#854);
#850 = LINE('',#851,#852);
#851 = CARTESIAN_POINT('',(7.1,0.));
#852 = VECTOR('',#853,1.);
#853 = DIRECTION('',(0.,-1.));
#854 = ( GEOMETRIC_REPRESENTATION_CONTEXT(2) 
PARAMETRIC_REPRESENTATION_CONTEXT() REPRESENTATION_CONTEXT('2D SPACE',''
  ) );
#855 = ORIENTED_EDGE('',*,*,#856,.F.);
#856 = EDGE_CURVE('',#857,#829,#859,.T.);
#857 = VERTEX_POINT('',#858);
#858 = CARTESIAN_POINT('',(-17.,-18.5,180.));
#859 = SURFACE_CURVE('',#860,(#864,#871),.PCURVE_S1.);
#860 = LINE('',#861,#862);
#861 = CARTESIAN_POINT('',(-17.,-18.5,180.));
#862 = VECTOR('',#863,1.);
#863 = DIRECTION('',(1.,0.,0.));
#864 = PCURVE('',#204,#865);
#865 = DEFINITIONAL_REPRESENTATION('',(#866),#870);
#866 = LINE('',#867,#868);
#867 = CARTESIAN_POINT('',(23.,13.5));
#868 = VECTOR('',#869,1.);
#869 = DIRECTION('',(1.,0.));
#870 = ( GEOMETRIC_REPRESENTATION_CONTEXT(2) 
PARAMETRIC_REPRESENTATION_CONTEXT() REPRESENTATION_CONTEXT('2D SPACE',''
  ) );
#871 = PCURVE('',#760,#872);
#872 = DEFINITIONAL_REPRESENTATION('',(#873),#877);
#873 = LINE('',#874,#875);
#874 = CARTESIAN_POINT('',(19.6,0.));
#875 = VECTOR('',#876,1.);
#876 = DIRECTION('',(0.,1.));
#877 = ( GEOMETRIC_REPRESENTATION_CONTEXT(2) 
PARAMETRIC_REPRESENTATION_CONTEXT() REPRESENTATION_CONTEXT('2D SPACE',''
  ) );
#878 = ORIENTED_EDGE('',*,*,#879,.T.);
#879 = EDGE_CURVE('',#857,#880,#882,.T.);
#880 = VERTEX_POINT('',#881);
#881 = CARTESIAN_POINT('',(-17.,-9.552486587271,180.));
#882 = SURFACE_CURVE('',#883,(#887,#894),.PCURVE_S1.);
#883 = LINE('',#884,#885);
#884 = CARTESIAN_POINT('',(-17.,-18.5,180.));
#885 = VECTOR('',#886,1.);
#886 = DIRECTION('',(0.,1.,0.));
#887 = PCURVE('',#204,#888);
#888 = DEFINITIONAL_REPRESENTATION('',(#889),#893);
#889 = LINE('',#890,#891);
#890 = CARTESIAN_POINT('',(23.,13.5));
#891 = VECTOR('',#892,1.);
#892 = DIRECTION('',(0.,1.));
#893 = ( GEOMETRIC_REPRESENTATION_CONTEXT(2) 
PARAMETRIC_REPRESENTATION_CONTEXT() REPRESENTATION_CONTEXT('2D SPACE',''
  ) );
#894 = PCURVE('',#895,#900);
#895 = PLANE('',#896);
#896 = AXIS2_PLACEMENT_3D('',#897,#898,#899);
#897 = CARTESIAN_POINT('',(-17.,-18.5,160.4));
#898 = DIRECTION('',(1.,0.,0.));
#899 = DIRECTION('',(0.,0.,1.));
#900 = DEFINITIONAL_REPRESENTATION('',(#901),#905);
#901 = LINE('',#902,#903);
#902 = CARTESIAN_POINT('',(19.6,0.));
#903 = VECTOR('',#904,1.);
#904 = DIRECTION('',(0.,-1.));
#905 = ( GEOMETRIC_REPRESENTATION_CONTEXT(2) 
PARAMETRIC_REPRESENTATION_CONTEXT() REPRESENTATION_CONTEXT('2D SPACE',''
  ) );
#906 = ORIENTED_EDGE('',*,*,#907,.T.);
#907 = EDGE_CURVE('',#880,#908,#910,.T.);
#908 = VERTEX_POINT('',#909);
#909 = CARTESIAN_POINT('',(-17.,9.552486587271,180.));
#910 = SURFACE_CURVE('',#911,(#916,#927),.PCURVE_S1.);
#911 = CIRCLE('',#912,19.5);
#912 = AXIS2_PLACEMENT_3D('',#913,#914,#915);
#913 = CARTESIAN_POINT('',(0.,0.,180.));
#914 = DIRECTION('',(0.,0.,-1.));
#915 = DIRECTION('',(1.,0.,0.));
#916 = PCURVE('',#204,#917);
#917 = DEFINITIONAL_REPRESENTATION('',(#918),#926);
#918 = ( BOUNDED_CURVE() B_SPLINE_CURVE(2,(#919,#920,#921,#922,#923,#924
,#925),.UNSPECIFIED.,.T.,.F.) B_SPLINE_CURVE_WITH_KNOTS((1,2,2,2,2,1),(
    -2.094395102393,0.,2.094395102393,4.188790204786,6.28318530718,
8.377580409573),.UNSPECIFIED.) CURVE() GEOMETRIC_REPRESENTATION_ITEM() 
RATIONAL_B_SPLINE_CURVE((1.,0.5,1.,0.5,1.,0.5,1.)) REPRESENTATION_ITEM(
  '') );
#919 = CARTESIAN_POINT('',(59.5,32.));
#920 = CARTESIAN_POINT('',(59.5,-1.774990747593));
#921 = CARTESIAN_POINT('',(30.25,15.112504626203));
#922 = CARTESIAN_POINT('',(1.,32.));
#923 = CARTESIAN_POINT('',(30.25,48.887495373797));
#924 = CARTESIAN_POINT('',(59.5,65.774990747593));
#925 = CARTESIAN_POINT('',(59.5,32.));
#926 = ( GEOMETRIC_REPRESENTATION_CONTEXT(2) 
PARAMETRIC_REPRESENTATION_CONTEXT() REPRESENTATION_CONTEXT('2D SPACE',''
  ) );
#927 = PCURVE('',#681,#928);
#928 = DEFINITIONAL_REPRESENTATION('',(#929),#933);
#929 = LINE('',#930,#931);
#930 = CARTESIAN_POINT('',(-6.28318530718,-1.));
#931 = VECTOR('',#932,1.);
#932 = DIRECTION('',(1.,-0.));
#933 = ( GEOMETRIC_REPRESENTATION_CONTEXT(2) 
PARAMETRIC_REPRESENTATION_CONTEXT() REPRESENTATION_CONTEXT('2D SPACE',''
  ) );
#934 = ORIENTED_EDGE('',*,*,#935,.T.);
#935 = EDGE_CURVE('',#908,#936,#938,.T.);
#936 = VERTEX_POINT('',#937);
#937 = CARTESIAN_POINT('',(-17.,32.,180.));
#938 = SURFACE_CURVE('',#939,(#943,#950),.PCURVE_S1.);
#939 = LINE('',#940,#941);
#940 = CARTESIAN_POINT('',(-17.,-18.5,180.));
#941 = VECTOR('',#942,1.);
#942 = DIRECTION('',(0.,1.,0.));
#943 = PCURVE('',#204,#944);
#944 = DEFINITIONAL_REPRESENTATION('',(#945),#949);
#945 = LINE('',#946,#947);
#946 = CARTESIAN_POINT('',(23.,13.5));
#947 = VECTOR('',#948,1.);
#948 = DIRECTION('',(0.,1.));
#949 = ( GEOMETRIC_REPRESENTATION_CONTEXT(2) 
PARAMETRIC_REPRESENTATION_CONTEXT() REPRESENTATION_CONTEXT('2D SPACE',''
  ) );
#950 = PCURVE('',#895,#951);
#951 = DEFINITIONAL_REPRESENTATION('',(#952),#956);
#952 = LINE('',#953,#954);
#953 = CARTESIAN_POINT('',(19.6,0.));
#954 = VECTOR('',#955,1.);
#955 = DIRECTION('',(0.,-1.));
#956 = ( GEOMETRIC_REPRESENTATION_CONTEXT(2) 
PARAMETRIC_REPRESENTATION_CONTEXT() REPRESENTATION_CONTEXT('2D SPACE',''
  ) );
#957 = ORIENTED_EDGE('',*,*,#958,.F.);
#958 = EDGE_CURVE('',#959,#936,#961,.T.);
#959 = VERTEX_POINT('',#960);
#960 = CARTESIAN_POINT('',(-40.,32.,180.));
#961 = SURFACE_CURVE('',#962,(#966,#973),.PCURVE_S1.);
#962 = LINE('',#963,#964);
#963 = CARTESIAN_POINT('',(-40.,32.,180.));
#964 = VECTOR('',#965,1.);
#965 = DIRECTION('',(1.,0.,0.));
#966 = PCURVE('',#204,#967);
#967 = DEFINITIONAL_REPRESENTATION('',(#968),#972);
#968 = LINE('',#969,#970);
#969 = CARTESIAN_POINT('',(0.,64.));
#970 = VECTOR('',#971,1.);
#971 = DIRECTION('',(1.,0.));
#972 = ( GEOMETRIC_REPRESENTATION_CONTEXT(2) 
PARAMETRIC_REPRESENTATION_CONTEXT() REPRESENTATION_CONTEXT('2D SPACE',''
  ) );
#973 = PCURVE('',#620,#974);
#974 = DEFINITIONAL_REPRESENTATION('',(#975),#979);
#975 = LINE('',#976,#977);
#976 = CARTESIAN_POINT('',(0.,0.));
#977 = VECTOR('',#978,1.);
#978 = DIRECTION('',(0.,1.));
#979 = ( GEOMETRIC_REPRESENTATION_CONTEXT(2) 
PARAMETRIC_REPRESENTATION_CONTEXT() REPRESENTATION_CONTEXT('2D SPACE',''
  ) );
#980 = ORIENTED_EDGE('',*,*,#981,.F.);
#981 = EDGE_CURVE('',#982,#959,#984,.T.);
#982 = VERTEX_POINT('',#983);
#983 = CARTESIAN_POINT('',(-40.,29.075376884422,180.));
#984 = SURFACE_CURVE('',#985,(#989,#996),.PCURVE_S1.);
#985 = LINE('',#986,#987);
#986 = CARTESIAN_POINT('',(-40.,-32.,180.));
#987 = VECTOR('',#988,1.);
#988 = DIRECTION('',(0.,1.,0.));
#989 = PCURVE('',#204,#990);
#990 = DEFINITIONAL_REPRESENTATION('',(#991),#995);
#991 = LINE('',#992,#993);
#992 = CARTESIAN_POINT('',(0.,0.));
#993 = VECTOR('',#994,1.);
#994 = DIRECTION('',(0.,1.));
#995 = ( GEOMETRIC_REPRESENTATION_CONTEXT(2) 
PARAMETRIC_REPRESENTATION_CONTEXT() REPRESENTATION_CONTEXT('2D SPACE',''
  ) );
#996 = PCURVE('',#997,#1002);
#997 = PLANE('',#998);
#998 = AXIS2_PLACEMENT_3D('',#999,#1000,#1001);
#999 = CARTESIAN_POINT('',(-40.,-32.,180.));
#1000 = DIRECTION('',(1.,0.,0.));
#1001 = DIRECTION('',(0.,0.,1.));
#1002 = DEFINITIONAL_REPRESENTATION('',(#1003),#1007);
#1003 = LINE('',#1004,#1005);
#1004 = CARTESIAN_POINT('',(0.,0.));
#1005 = VECTOR('',#1006,1.);
#1006 = DIRECTION('',(0.,-1.));
#1007 = ( GEOMETRIC_REPRESENTATION_CONTEXT(2) 
PARAMETRIC_REPRESENTATION_CONTEXT() REPRESENTATION_CONTEXT('2D SPACE',''
  ) );
#1008 = ORIENTED_EDGE('',*,*,#1009,.F.);
#1009 = EDGE_CURVE('',#504,#982,#1010,.T.);
#1010 = SURFACE_CURVE('',#1011,(#1015,#1022),.PCURVE_S1.);
#1011 = LINE('',#1012,#1013);
#1012 = CARTESIAN_POINT('',(-40.,-32.,180.));
#1013 = VECTOR('',#1014,1.);
#1014 = DIRECTION('',(0.,1.,0.));
#1015 = PCURVE('',#204,#1016);
#1016 = DEFINITIONAL_REPRESENTATION('',(#1017),#1021);
#1017 = LINE('',#1018,#1019);
#1018 = CARTESIAN_POINT('',(0.,0.));
#1019 = VECTOR('',#1020,1.);
#1020 = DIRECTION('',(0.,1.));
#1021 = ( GEOMETRIC_REPRESENTATION_CONTEXT(2) 
PARAMETRIC_REPRESENTATION_CONTEXT() REPRESENTATION_CONTEXT('2D SPACE',''
  ) );
#1022 = PCURVE('',#1023,#1028);
#1023 = PLANE('',#1024);
#1024 = AXIS2_PLACEMENT_3D('',#1025,#1026,#1027);
#1025 = CARTESIAN_POINT('',(-40.,-1.823253510053E-15,100.));
#1026 = DIRECTION('',(1.,0.,0.));
#1027 = DIRECTION('',(-0.,0.,1.));
#1028 = DEFINITIONAL_REPRESENTATION('',(#1029),#1033);
#1029 = LINE('',#1030,#1031);
#1030 = CARTESIAN_POINT('',(80.,32.));
#1031 = VECTOR('',#1032,1.);
#1032 = DIRECTION('',(0.,-1.));
#1033 = ( GEOMETRIC_REPRESENTATION_CONTEXT(2) 
PARAMETRIC_REPRESENTATION_CONTEXT() REPRESENTATION_CONTEXT('2D SPACE',''
  ) );
#1034 = FACE_BOUND('',#1035,.F.);
#1035 = EDGE_LOOP('',(#1036));
#1036 = ORIENTED_EDGE('',*,*,#1037,.T.);
#1037 = EDGE_CURVE('',#1038,#1038,#1040,.T.);
#1038 = VERTEX_POINT('',#1039);
#1039 = CARTESIAN_POINT('',(-30.,26.,180.));
#1040 = SURFACE_CURVE('',#1041,(#1046,#1057),.PCURVE_S1.);
#1041 = CIRCLE('',#1042,4.);
#1042 = AXIS2_PLACEMENT_3D('',#1043,#1044,#1045);
#1043 = CARTESIAN_POINT('',(-34.,26.,180.));
#1044 = DIRECTION('',(0.,0.,-1.));
#1045 = DIRECTION('',(1.,0.,0.));
#1046 = PCURVE('',#204,#1047);
#1047 = DEFINITIONAL_REPRESENTATION('',(#1048),#1056);
#1048 = ( BOUNDED_CURVE() B_SPLINE_CURVE(2,(#1049,#1050,#1051,#1052,
#1053,#1054,#1055),.UNSPECIFIED.,.T.,.F.) B_SPLINE_CURVE_WITH_KNOTS((1,2
    ,2,2,2,1),(-2.094395102393,0.,2.094395102393,4.188790204786,
6.28318530718,8.377580409573),.UNSPECIFIED.) CURVE() 
GEOMETRIC_REPRESENTATION_ITEM() RATIONAL_B_SPLINE_CURVE((1.,0.5,1.,0.5,
1.,0.5,1.)) REPRESENTATION_ITEM('') );
#1049 = CARTESIAN_POINT('',(10.,58.));
#1050 = CARTESIAN_POINT('',(10.,51.071796769724));
#1051 = CARTESIAN_POINT('',(4.,54.535898384862));
#1052 = CARTESIAN_POINT('',(-2.,58.));
#1053 = CARTESIAN_POINT('',(4.,61.464101615138));
#1054 = CARTESIAN_POINT('',(10.,64.928203230276));
#1055 = CARTESIAN_POINT('',(10.,58.));
#1056 = ( GEOMETRIC_REPRESENTATION_CONTEXT(2) 
PARAMETRIC_REPRESENTATION_CONTEXT() REPRESENTATION_CONTEXT('2D SPACE',''
  ) );
#1057 = PCURVE('',#1058,#1063);
#1058 = CYLINDRICAL_SURFACE('',#1059,4.);
#1059 = AXIS2_PLACEMENT_3D('',#1060,#1061,#1062);
#1060 = CARTESIAN_POINT('',(-34.,26.,179.));
#1061 = DIRECTION('',(-0.,-0.,-1.));
#1062 = DIRECTION('',(1.,0.,0.));
#1063 = DEFINITIONAL_REPRESENTATION('',(#1064),#1068);
#1064 = LINE('',#1065,#1066);
#1065 = CARTESIAN_POINT('',(-6.28318530718,-1.));
#1066 = VECTOR('',#1067,1.);
#1067 = DIRECTION('',(1.,-0.));
#1068 = ( GEOMETRIC_REPRESENTATION_CONTEXT(2) 
PARAMETRIC_REPRESENTATION_CONTEXT() REPRESENTATION_CONTEXT('2D SPACE',''
  ) );
#1069 = ADVANCED_FACE('',(#1070),#235,.T.);
#1070 = FACE_BOUND('',#1071,.F.);
#1071 = EDGE_LOOP('',(#1072,#1101,#1122,#1123));
#1072 = ORIENTED_EDGE('',*,*,#1073,.F.);
#1073 = EDGE_CURVE('',#1074,#1074,#1076,.T.);
#1074 = VERTEX_POINT('',#1075);
#1075 = CARTESIAN_POINT('',(39.1,11.5,100.));
#1076 = SURFACE_CURVE('',#1077,(#1082,#1089),.PCURVE_S1.);
#1077 = CIRCLE('',#1078,11.5);
#1078 = AXIS2_PLACEMENT_3D('',#1079,#1080,#1081);
#1079 = CARTESIAN_POINT('',(39.1,0.,100.));
#1080 = DIRECTION('',(1.,0.,0.));
#1081 = DIRECTION('',(0.,1.,0.));
#1082 = PCURVE('',#235,#1083);
#1083 = DEFINITIONAL_REPRESENTATION('',(#1084),#1088);
#1084 = LINE('',#1085,#1086);
#1085 = CARTESIAN_POINT('',(-0.,0.));
#1086 = VECTOR('',#1087,1.);
#1087 = DIRECTION('',(-1.,0.));
#1088 = ( GEOMETRIC_REPRESENTATION_CONTEXT(2) 
PARAMETRIC_REPRESENTATION_CONTEXT() REPRESENTATION_CONTEXT('2D SPACE',''
  ) );
#1089 = PCURVE('',#1090,#1095);
#1090 = PLANE('',#1091);
#1091 = AXIS2_PLACEMENT_3D('',#1092,#1093,#1094);
#1092 = CARTESIAN_POINT('',(39.1,-2.378156752242E-16,100.));
#1093 = DIRECTION('',(1.,0.,0.));
#1094 = DIRECTION('',(-0.,0.,1.));
#1095 = DEFINITIONAL_REPRESENTATION('',(#1096),#1100);
#1096 = CIRCLE('',#1097,11.5);
#1097 = AXIS2_PLACEMENT_2D('',#1098,#1099);
#1098 = CARTESIAN_POINT('',(1.42108547152E-14,-2.378156752242E-16));
#1099 = DIRECTION('',(0.,-1.));
#1100 = ( GEOMETRIC_REPRESENTATION_CONTEXT(2) 
PARAMETRIC_REPRESENTATION_CONTEXT() REPRESENTATION_CONTEXT('2D SPACE',''
  ) );
#1101 = ORIENTED_EDGE('',*,*,#1102,.T.);
#1102 = EDGE_CURVE('',#1074,#219,#1103,.T.);
#1103 = SEAM_CURVE('',#1104,(#1108,#1115),.PCURVE_S1.);
#1104 = LINE('',#1105,#1106);
#1105 = CARTESIAN_POINT('',(39.1,11.5,100.));
#1106 = VECTOR('',#1107,1.);
#1107 = DIRECTION('',(1.,0.,0.));
#1108 = PCURVE('',#235,#1109);
#1109 = DEFINITIONAL_REPRESENTATION('',(#1110),#1114);
#1110 = LINE('',#1111,#1112);
#1111 = CARTESIAN_POINT('',(-0.,0.));
#1112 = VECTOR('',#1113,1.);
#1113 = DIRECTION('',(-0.,-1.));
#1114 = ( GEOMETRIC_REPRESENTATION_CONTEXT(2) 
PARAMETRIC_REPRESENTATION_CONTEXT() REPRESENTATION_CONTEXT('2D SPACE',''
  ) );
#1115 = PCURVE('',#235,#1116);
#1116 = DEFINITIONAL_REPRESENTATION('',(#1117),#1121);
#1117 = LINE('',#1118,#1119);
#1118 = CARTESIAN_POINT('',(-6.28318530718,0.));
#1119 = VECTOR('',#1120,1.);
#1120 = DIRECTION('',(-0.,-1.));
#1121 = ( GEOMETRIC_REPRESENTATION_CONTEXT(2) 
PARAMETRIC_REPRESENTATION_CONTEXT() REPRESENTATION_CONTEXT('2D SPACE',''
  ) );
#1122 = ORIENTED_EDGE('',*,*,#218,.T.);
#1123 = ORIENTED_EDGE('',*,*,#1102,.F.);
#1124 = ADVANCED_FACE('',(#1125),#270,.F.);
#1125 = FACE_BOUND('',#1126,.T.);
#1126 = EDGE_LOOP('',(#1127,#1128,#1149,#1150));
#1127 = ORIENTED_EDGE('',*,*,#249,.T.);
#1128 = ORIENTED_EDGE('',*,*,#1129,.T.);
#1129 = EDGE_CURVE('',#250,#416,#1130,.T.);
#1130 = SEAM_CURVE('',#1131,(#1135,#1142),.PCURVE_S1.);
#1131 = LINE('',#1132,#1133);
#1132 = CARTESIAN_POINT('',(39.,12.,150.));
#1133 = VECTOR('',#1134,1.);
#1134 = DIRECTION('',(1.,0.,0.));
#1135 = PCURVE('',#270,#1136);
#1136 = DEFINITIONAL_REPRESENTATION('',(#1137),#1141);
#1137 = LINE('',#1138,#1139);
#1138 = CARTESIAN_POINT('',(-6.28318530718,0.));
#1139 = VECTOR('',#1140,1.);
#1140 = DIRECTION('',(-0.,-1.));
#1141 = ( GEOMETRIC_REPRESENTATION_CONTEXT(2) 
PARAMETRIC_REPRESENTATION_CONTEXT() REPRESENTATION_CONTEXT('2D SPACE',''
  ) );
#1142 = PCURVE('',#270,#1143);
#1143 = DEFINITIONAL_REPRESENTATION('',(#1144),#1148);
#1144 = LINE('',#1145,#1146);
#1145 = CARTESIAN_POINT('',(-0.,0.));
#1146 = VECTOR('',#1147,1.);
#1147 = DIRECTION('',(-0.,-1.));
#1148 = ( GEOMETRIC_REPRESENTATION_CONTEXT(2) 
PARAMETRIC_REPRESENTATION_CONTEXT() REPRESENTATION_CONTEXT('2D SPACE',''
  ) );
#1149 = ORIENTED_EDGE('',*,*,#415,.F.);
#1150 = ORIENTED_EDGE('',*,*,#1129,.F.);
#1151 = ADVANCED_FACE('',(#1152),#301,.T.);
#1152 = FACE_BOUND('',#1153,.T.);
#1153 = EDGE_LOOP('',(#1154,#1177,#1198,#1199));
#1154 = ORIENTED_EDGE('',*,*,#1155,.F.);
#1155 = EDGE_CURVE('',#1156,#286,#1158,.T.);
#1156 = VERTEX_POINT('',#1157);
#1157 = CARTESIAN_POINT('',(40.,-32.,191.5));
#1158 = SURFACE_CURVE('',#1159,(#1163,#1170),.PCURVE_S1.);
#1159 = LINE('',#1160,#1161);
#1160 = CARTESIAN_POINT('',(40.,-32.,191.5));
#1161 = VECTOR('',#1162,1.);
#1162 = DIRECTION('',(0.,1.,0.));
#1163 = PCURVE('',#301,#1164);
#1164 = DEFINITIONAL_REPRESENTATION('',(#1165),#1169);
#1165 = LINE('',#1166,#1167);
#1166 = CARTESIAN_POINT('',(11.5,0.));
#1167 = VECTOR('',#1168,1.);
#1168 = DIRECTION('',(0.,-1.));
#1169 = ( GEOMETRIC_REPRESENTATION_CONTEXT(2) 
PARAMETRIC_REPRESENTATION_CONTEXT() REPRESENTATION_CONTEXT('2D SPACE',''
  ) );
#1170 = PCURVE('',#329,#1171);
#1171 = DEFINITIONAL_REPRESENTATION('',(#1172),#1176);
#1172 = LINE('',#1173,#1174);
#1173 = CARTESIAN_POINT('',(62.,0.));
#1174 = VECTOR('',#1175,1.);
#1175 = DIRECTION('',(-1.,-0.));
#1176 = ( GEOMETRIC_REPRESENTATION_CONTEXT(2) 
PARAMETRIC_REPRESENTATION_CONTEXT() REPRESENTATION_CONTEXT('2D SPACE',''
  ) );
#1177 = ORIENTED_EDGE('',*,*,#1178,.F.);
#1178 = EDGE_CURVE('',#532,#1156,#1179,.T.);
#1179 = SURFACE_CURVE('',#1180,(#1184,#1191),.PCURVE_S1.);
#1180 = LINE('',#1181,#1182);
#1181 = CARTESIAN_POINT('',(40.,-32.,180.));
#1182 = VECTOR('',#1183,1.);
#1183 = DIRECTION('',(0.,0.,1.));
#1184 = PCURVE('',#301,#1185);
#1185 = DEFINITIONAL_REPRESENTATION('',(#1186),#1190);
#1186 = LINE('',#1187,#1188);
#1187 = CARTESIAN_POINT('',(0.,0.));
#1188 = VECTOR('',#1189,1.);
#1189 = DIRECTION('',(1.,0.));
#1190 = ( GEOMETRIC_REPRESENTATION_CONTEXT(2) 
PARAMETRIC_REPRESENTATION_CONTEXT() REPRESENTATION_CONTEXT('2D SPACE',''
  ) );
#1191 = PCURVE('',#547,#1192);
#1192 = DEFINITIONAL_REPRESENTATION('',(#1193),#1197);
#1193 = LINE('',#1194,#1195);
#1194 = CARTESIAN_POINT('',(0.,80.));
#1195 = VECTOR('',#1196,1.);
#1196 = DIRECTION('',(1.,0.));
#1197 = ( GEOMETRIC_REPRESENTATION_CONTEXT(2) 
PARAMETRIC_REPRESENTATION_CONTEXT() REPRESENTATION_CONTEXT('2D SPACE',''
  ) );
#1198 = ORIENTED_EDGE('',*,*,#559,.T.);
#1199 = ORIENTED_EDGE('',*,*,#285,.F.);
#1200 = ADVANCED_FACE('',(#1201,#1404,#1435,#1466,#1497,#1528,#1554),
  #329,.F.);
#1201 = FACE_BOUND('',#1202,.F.);
#1202 = EDGE_LOOP('',(#1203,#1204,#1205,#1206,#1207,#1230,#1253,#1281,
    #1309,#1337,#1360,#1383));
#1203 = ORIENTED_EDGE('',*,*,#449,.T.);
#1204 = ORIENTED_EDGE('',*,*,#391,.T.);
#1205 = ORIENTED_EDGE('',*,*,#313,.F.);
#1206 = ORIENTED_EDGE('',*,*,#1155,.F.);
#1207 = ORIENTED_EDGE('',*,*,#1208,.F.);
#1208 = EDGE_CURVE('',#1209,#1156,#1211,.T.);
#1209 = VERTEX_POINT('',#1210);
#1210 = CARTESIAN_POINT('',(-40.,-32.,191.5));
#1211 = SURFACE_CURVE('',#1212,(#1216,#1223),.PCURVE_S1.);
#1212 = LINE('',#1213,#1214);
#1213 = CARTESIAN_POINT('',(-40.,-32.,191.5));
#1214 = VECTOR('',#1215,1.);
#1215 = DIRECTION('',(1.,0.,0.));
#1216 = PCURVE('',#329,#1217);
#1217 = DEFINITIONAL_REPRESENTATION('',(#1218),#1222);
#1218 = LINE('',#1219,#1220);
#1219 = CARTESIAN_POINT('',(62.,80.));
#1220 = VECTOR('',#1221,1.);
#1221 = DIRECTION('',(0.,-1.));
#1222 = ( GEOMETRIC_REPRESENTATION_CONTEXT(2) 
PARAMETRIC_REPRESENTATION_CONTEXT() REPRESENTATION_CONTEXT('2D SPACE',''
  ) );
#1223 = PCURVE('',#547,#1224);
#1224 = DEFINITIONAL_REPRESENTATION('',(#1225),#1229);
#1225 = LINE('',#1226,#1227);
#1226 = CARTESIAN_POINT('',(11.5,0.));
#1227 = VECTOR('',#1228,1.);
#1228 = DIRECTION('',(0.,1.));
#1229 = ( GEOMETRIC_REPRESENTATION_CONTEXT(2) 
PARAMETRIC_REPRESENTATION_CONTEXT() REPRESENTATION_CONTEXT('2D SPACE',''
  ) );
#1230 = ORIENTED_EDGE('',*,*,#1231,.T.);
#1231 = EDGE_CURVE('',#1209,#1232,#1234,.T.);
#1232 = VERTEX_POINT('',#1233);
#1233 = CARTESIAN_POINT('',(-40.,-30.,191.5));
#1234 = SURFACE_CURVE('',#1235,(#1239,#1246),.PCURVE_S1.);
#1235 = LINE('',#1236,#1237);
#1236 = CARTESIAN_POINT('',(-40.,-32.,191.5));
#1237 = VECTOR('',#1238,1.);
#1238 = DIRECTION('',(0.,1.,0.));
#1239 = PCURVE('',#329,#1240);
#1240 = DEFINITIONAL_REPRESENTATION('',(#1241),#1245);
#1241 = LINE('',#1242,#1243);
#1242 = CARTESIAN_POINT('',(62.,80.));
#1243 = VECTOR('',#1244,1.);
#1244 = DIRECTION('',(-1.,-0.));
#1245 = ( GEOMETRIC_REPRESENTATION_CONTEXT(2) 
PARAMETRIC_REPRESENTATION_CONTEXT() REPRESENTATION_CONTEXT('2D SPACE',''
  ) );
#1246 = PCURVE('',#519,#1247);
#1247 = DEFINITIONAL_REPRESENTATION('',(#1248),#1252);
#1248 = LINE('',#1249,#1250);
#1249 = CARTESIAN_POINT('',(11.5,0.));
#1250 = VECTOR('',#1251,1.);
#1251 = DIRECTION('',(0.,-1.));
#1252 = ( GEOMETRIC_REPRESENTATION_CONTEXT(2) 
PARAMETRIC_REPRESENTATION_CONTEXT() REPRESENTATION_CONTEXT('2D SPACE',''
  ) );
#1253 = ORIENTED_EDGE('',*,*,#1254,.F.);
#1254 = EDGE_CURVE('',#1255,#1232,#1257,.T.);
#1255 = VERTEX_POINT('',#1256);
#1256 = CARTESIAN_POINT('',(-46.,-30.,191.5));
#1257 = SURFACE_CURVE('',#1258,(#1262,#1269),.PCURVE_S1.);
#1258 = LINE('',#1259,#1260);
#1259 = CARTESIAN_POINT('',(-46.,-30.,191.5));
#1260 = VECTOR('',#1261,1.);
#1261 = DIRECTION('',(1.,0.,0.));
#1262 = PCURVE('',#329,#1263);
#1263 = DEFINITIONAL_REPRESENTATION('',(#1264),#1268);
#1264 = LINE('',#1265,#1266);
#1265 = CARTESIAN_POINT('',(60.,86.));
#1266 = VECTOR('',#1267,1.);
#1267 = DIRECTION('',(0.,-1.));
#1268 = ( GEOMETRIC_REPRESENTATION_CONTEXT(2) 
PARAMETRIC_REPRESENTATION_CONTEXT() REPRESENTATION_CONTEXT('2D SPACE',''
  ) );
#1269 = PCURVE('',#1270,#1275);
#1270 = PLANE('',#1271);
#1271 = AXIS2_PLACEMENT_3D('',#1272,#1273,#1274);
#1272 = CARTESIAN_POINT('',(-46.,-30.,191.5));
#1273 = DIRECTION('',(-0.,0.996783345522,8.01433845646E-02));
#1274 = DIRECTION('',(0.,8.01433845646E-02,-0.996783345522));
#1275 = DEFINITIONAL_REPRESENTATION('',(#1276),#1280);
#1276 = LINE('',#1277,#1278);
#1277 = CARTESIAN_POINT('',(0.,0.));
#1278 = VECTOR('',#1279,1.);
#1279 = DIRECTION('',(0.,-1.));
#1280 = ( GEOMETRIC_REPRESENTATION_CONTEXT(2) 
PARAMETRIC_REPRESENTATION_CONTEXT() REPRESENTATION_CONTEXT('2D SPACE',''
  ) );
#1281 = ORIENTED_EDGE('',*,*,#1282,.F.);
#1282 = EDGE_CURVE('',#1283,#1255,#1285,.T.);
#1283 = VERTEX_POINT('',#1284);
#1284 = CARTESIAN_POINT('',(-46.,30.,191.5));
#1285 = SURFACE_CURVE('',#1286,(#1290,#1297),.PCURVE_S1.);
#1286 = LINE('',#1287,#1288);
#1287 = CARTESIAN_POINT('',(-46.,30.,191.5));
#1288 = VECTOR('',#1289,1.);
#1289 = DIRECTION('',(0.,-1.,0.));
#1290 = PCURVE('',#329,#1291);
#1291 = DEFINITIONAL_REPRESENTATION('',(#1292),#1296);
#1292 = LINE('',#1293,#1294);
#1293 = CARTESIAN_POINT('',(0.,86.));
#1294 = VECTOR('',#1295,1.);
#1295 = DIRECTION('',(1.,0.));
#1296 = ( GEOMETRIC_REPRESENTATION_CONTEXT(2) 
PARAMETRIC_REPRESENTATION_CONTEXT() REPRESENTATION_CONTEXT('2D SPACE',''
  ) );
#1297 = PCURVE('',#1298,#1303);
#1298 = PLANE('',#1299);
#1299 = AXIS2_PLACEMENT_3D('',#1300,#1301,#1302);
#1300 = CARTESIAN_POINT('',(-46.,-1.823253510053E-15,100.));
#1301 = DIRECTION('',(1.,0.,0.));
#1302 = DIRECTION('',(-0.,0.,1.));
#1303 = DEFINITIONAL_REPRESENTATION('',(#1304),#1308);
#1304 = LINE('',#1305,#1306);
#1305 = CARTESIAN_POINT('',(91.5,-30.));
#1306 = VECTOR('',#1307,1.);
#1307 = DIRECTION('',(0.,1.));
#1308 = ( GEOMETRIC_REPRESENTATION_CONTEXT(2) 
PARAMETRIC_REPRESENTATION_CONTEXT() REPRESENTATION_CONTEXT('2D SPACE',''
  ) );
#1309 = ORIENTED_EDGE('',*,*,#1310,.T.);
#1310 = EDGE_CURVE('',#1283,#1311,#1313,.T.);
#1311 = VERTEX_POINT('',#1312);
#1312 = CARTESIAN_POINT('',(-40.,30.,191.5));
#1313 = SURFACE_CURVE('',#1314,(#1318,#1325),.PCURVE_S1.);
#1314 = LINE('',#1315,#1316);
#1315 = CARTESIAN_POINT('',(-46.,30.,191.5));
#1316 = VECTOR('',#1317,1.);
#1317 = DIRECTION('',(1.,0.,0.));
#1318 = PCURVE('',#329,#1319);
#1319 = DEFINITIONAL_REPRESENTATION('',(#1320),#1324);
#1320 = LINE('',#1321,#1322);
#1321 = CARTESIAN_POINT('',(0.,86.));
#1322 = VECTOR('',#1323,1.);
#1323 = DIRECTION('',(0.,-1.));
#1324 = ( GEOMETRIC_REPRESENTATION_CONTEXT(2) 
PARAMETRIC_REPRESENTATION_CONTEXT() REPRESENTATION_CONTEXT('2D SPACE',''
  ) );
#1325 = PCURVE('',#1326,#1331);
#1326 = PLANE('',#1327);
#1327 = AXIS2_PLACEMENT_3D('',#1328,#1329,#1330);
#1328 = CARTESIAN_POINT('',(-46.,22.,92.));
#1329 = DIRECTION('',(0.,-0.996783345522,8.01433845646E-02));
#1330 = DIRECTION('',(0.,8.01433845646E-02,0.996783345522));
#1331 = DEFINITIONAL_REPRESENTATION('',(#1332),#1336);
#1332 = LINE('',#1333,#1334);
#1333 = CARTESIAN_POINT('',(99.821089955981,0.));
#1334 = VECTOR('',#1335,1.);
#1335 = DIRECTION('',(0.,-1.));
#1336 = ( GEOMETRIC_REPRESENTATION_CONTEXT(2) 
PARAMETRIC_REPRESENTATION_CONTEXT() REPRESENTATION_CONTEXT('2D SPACE',''
  ) );
#1337 = ORIENTED_EDGE('',*,*,#1338,.T.);
#1338 = EDGE_CURVE('',#1311,#1339,#1341,.T.);
#1339 = VERTEX_POINT('',#1340);
#1340 = CARTESIAN_POINT('',(-40.,32.,191.5));
#1341 = SURFACE_CURVE('',#1342,(#1346,#1353),.PCURVE_S1.);
#1342 = LINE('',#1343,#1344);
#1343 = CARTESIAN_POINT('',(-40.,-32.,191.5));
#1344 = VECTOR('',#1345,1.);
#1345 = DIRECTION('',(0.,1.,0.));
#1346 = PCURVE('',#329,#1347);
#1347 = DEFINITIONAL_REPRESENTATION('',(#1348),#1352);
#1348 = LINE('',#1349,#1350);
#1349 = CARTESIAN_POINT('',(62.,80.));
#1350 = VECTOR('',#1351,1.);
#1351 = DIRECTION('',(-1.,-0.));
#1352 = ( GEOMETRIC_REPRESENTATION_CONTEXT(2) 
PARAMETRIC_REPRESENTATION_CONTEXT() REPRESENTATION_CONTEXT('2D SPACE',''
  ) );
#1353 = PCURVE('',#997,#1354);
#1354 = DEFINITIONAL_REPRESENTATION('',(#1355),#1359);
#1355 = LINE('',#1356,#1357);
#1356 = CARTESIAN_POINT('',(11.5,0.));
#1357 = VECTOR('',#1358,1.);
#1358 = DIRECTION('',(0.,-1.));
#1359 = ( GEOMETRIC_REPRESENTATION_CONTEXT(2) 
PARAMETRIC_REPRESENTATION_CONTEXT() REPRESENTATION_CONTEXT('2D SPACE',''
  ) );
#1360 = ORIENTED_EDGE('',*,*,#1361,.T.);
#1361 = EDGE_CURVE('',#1339,#1362,#1364,.T.);
#1362 = VERTEX_POINT('',#1363);
#1363 = CARTESIAN_POINT('',(40.,32.,191.5));
#1364 = SURFACE_CURVE('',#1365,(#1369,#1376),.PCURVE_S1.);
#1365 = LINE('',#1366,#1367);
#1366 = CARTESIAN_POINT('',(-40.,32.,191.5));
#1367 = VECTOR('',#1368,1.);
#1368 = DIRECTION('',(1.,0.,0.));
#1369 = PCURVE('',#329,#1370);
#1370 = DEFINITIONAL_REPRESENTATION('',(#1371),#1375);
#1371 = LINE('',#1372,#1373);
#1372 = CARTESIAN_POINT('',(-2.,80.));
#1373 = VECTOR('',#1374,1.);
#1374 = DIRECTION('',(0.,-1.));
#1375 = ( GEOMETRIC_REPRESENTATION_CONTEXT(2) 
PARAMETRIC_REPRESENTATION_CONTEXT() REPRESENTATION_CONTEXT('2D SPACE',''
  ) );
#1376 = PCURVE('',#620,#1377);
#1377 = DEFINITIONAL_REPRESENTATION('',(#1378),#1382);
#1378 = LINE('',#1379,#1380);
#1379 = CARTESIAN_POINT('',(11.5,0.));
#1380 = VECTOR('',#1381,1.);
#1381 = DIRECTION('',(0.,1.));
#1382 = ( GEOMETRIC_REPRESENTATION_CONTEXT(2) 
PARAMETRIC_REPRESENTATION_CONTEXT() REPRESENTATION_CONTEXT('2D SPACE',''
  ) );
#1383 = ORIENTED_EDGE('',*,*,#1384,.F.);
#1384 = EDGE_CURVE('',#450,#1362,#1385,.T.);
#1385 = SURFACE_CURVE('',#1386,(#1390,#1397),.PCURVE_S1.);
#1386 = LINE('',#1387,#1388);
#1387 = CARTESIAN_POINT('',(40.,-32.,191.5));
#1388 = VECTOR('',#1389,1.);
#1389 = DIRECTION('',(0.,1.,0.));
#1390 = PCURVE('',#329,#1391);
#1391 = DEFINITIONAL_REPRESENTATION('',(#1392),#1396);
#1392 = LINE('',#1393,#1394);
#1393 = CARTESIAN_POINT('',(62.,0.));
#1394 = VECTOR('',#1395,1.);
#1395 = DIRECTION('',(-1.,-0.));
#1396 = ( GEOMETRIC_REPRESENTATION_CONTEXT(2) 
PARAMETRIC_REPRESENTATION_CONTEXT() REPRESENTATION_CONTEXT('2D SPACE',''
  ) );
#1397 = PCURVE('',#486,#1398);
#1398 = DEFINITIONAL_REPRESENTATION('',(#1399),#1403);
#1399 = LINE('',#1400,#1401);
#1400 = CARTESIAN_POINT('',(11.5,0.));
#1401 = VECTOR('',#1402,1.);
#1402 = DIRECTION('',(0.,-1.));
#1403 = ( GEOMETRIC_REPRESENTATION_CONTEXT(2) 
PARAMETRIC_REPRESENTATION_CONTEXT() REPRESENTATION_CONTEXT('2D SPACE',''
  ) );
#1404 = FACE_BOUND('',#1405,.F.);
#1405 = EDGE_LOOP('',(#1406));
#1406 = ORIENTED_EDGE('',*,*,#1407,.F.);
#1407 = EDGE_CURVE('',#1408,#1408,#1410,.T.);
#1408 = VERTEX_POINT('',#1409);
#1409 = CARTESIAN_POINT('',(18.927669529664,17.677669529664,191.5));
#1410 = SURFACE_CURVE('',#1411,(#1416,#1423),.PCURVE_S1.);
#1411 = CIRCLE('',#1412,1.25);
#1412 = AXIS2_PLACEMENT_3D('',#1413,#1414,#1415);
#1413 = CARTESIAN_POINT('',(17.677669529664,17.677669529664,191.5));
#1414 = DIRECTION('',(0.,0.,-1.));
#1415 = DIRECTION('',(1.,0.,0.));
#1416 = PCURVE('',#329,#1417);
#1417 = DEFINITIONAL_REPRESENTATION('',(#1418),#1422);
#1418 = CIRCLE('',#1419,1.25);
#1419 = AXIS2_PLACEMENT_2D('',#1420,#1421);
#1420 = CARTESIAN_POINT('',(12.322330470336,22.322330470336));
#1421 = DIRECTION('',(0.,-1.));
#1422 = ( GEOMETRIC_REPRESENTATION_CONTEXT(2) 
PARAMETRIC_REPRESENTATION_CONTEXT() REPRESENTATION_CONTEXT('2D SPACE',''
  ) );
#1423 = PCURVE('',#1424,#1429);
#1424 = CYLINDRICAL_SURFACE('',#1425,1.25);
#1425 = AXIS2_PLACEMENT_3D('',#1426,#1427,#1428);
#1426 = CARTESIAN_POINT('',(17.677669529664,17.677669529664,185.));
#1427 = DIRECTION('',(-0.,-0.,-1.));
#1428 = DIRECTION('',(1.,0.,0.));
#1429 = DEFINITIONAL_REPRESENTATION('',(#1430),#1434);
#1430 = LINE('',#1431,#1432);
#1431 = CARTESIAN_POINT('',(-6.28318530718,-6.5));
#1432 = VECTOR('',#1433,1.);
#1433 = DIRECTION('',(1.,-0.));
#1434 = ( GEOMETRIC_REPRESENTATION_CONTEXT(2) 
PARAMETRIC_REPRESENTATION_CONTEXT() REPRESENTATION_CONTEXT('2D SPACE',''
  ) );
#1435 = FACE_BOUND('',#1436,.F.);
#1436 = EDGE_LOOP('',(#1437));
#1437 = ORIENTED_EDGE('',*,*,#1438,.F.);
#1438 = EDGE_CURVE('',#1439,#1439,#1441,.T.);
#1439 = VERTEX_POINT('',#1440);
#1440 = CARTESIAN_POINT('',(-16.42766952966,-17.67766952966,191.5));
#1441 = SURFACE_CURVE('',#1442,(#1447,#1454),.PCURVE_S1.);
#1442 = CIRCLE('',#1443,1.25);
#1443 = AXIS2_PLACEMENT_3D('',#1444,#1445,#1446);
#1444 = CARTESIAN_POINT('',(-17.67766952966,-17.67766952966,191.5));
#1445 = DIRECTION('',(0.,0.,-1.));
#1446 = DIRECTION('',(1.,0.,0.));
#1447 = PCURVE('',#329,#1448);
#1448 = DEFINITIONAL_REPRESENTATION('',(#1449),#1453);
#1449 = CIRCLE('',#1450,1.25);
#1450 = AXIS2_PLACEMENT_2D('',#1451,#1452);
#1451 = CARTESIAN_POINT('',(47.677669529664,57.677669529664));
#1452 = DIRECTION('',(0.,-1.));
#1453 = ( GEOMETRIC_REPRESENTATION_CONTEXT(2) 
PARAMETRIC_REPRESENTATION_CONTEXT() REPRESENTATION_CONTEXT('2D SPACE',''
  ) );
#1454 = PCURVE('',#1455,#1460);
#1455 = CYLINDRICAL_SURFACE('',#1456,1.25);
#1456 = AXIS2_PLACEMENT_3D('',#1457,#1458,#1459);
#1457 = CARTESIAN_POINT('',(-17.67766952966,-17.67766952966,185.));
#1458 = DIRECTION('',(-0.,-0.,-1.));
#1459 = DIRECTION('',(1.,0.,0.));
#1460 = DEFINITIONAL_REPRESENTATION('',(#1461),#1465);
#1461 = LINE('',#1462,#1463);
#1462 = CARTESIAN_POINT('',(-6.28318530718,-6.5));
#1463 = VECTOR('',#1464,1.);
#1464 = DIRECTION('',(1.,-0.));
#1465 = ( GEOMETRIC_REPRESENTATION_CONTEXT(2) 
PARAMETRIC_REPRESENTATION_CONTEXT() REPRESENTATION_CONTEXT('2D SPACE',''
  ) );
#1466 = FACE_BOUND('',#1467,.F.);
#1467 = EDGE_LOOP('',(#1468));
#1468 = ORIENTED_EDGE('',*,*,#1469,.F.);
#1469 = EDGE_CURVE('',#1470,#1470,#1472,.T.);
#1470 = VERTEX_POINT('',#1471);
#1471 = CARTESIAN_POINT('',(18.927669529664,-17.67766952966,191.5));
#1472 = SURFACE_CURVE('',#1473,(#1478,#1485),.PCURVE_S1.);
#1473 = CIRCLE('',#1474,1.25);
#1474 = AXIS2_PLACEMENT_3D('',#1475,#1476,#1477);
#1475 = CARTESIAN_POINT('',(17.677669529664,-17.67766952966,191.5));
#1476 = DIRECTION('',(0.,0.,-1.));
#1477 = DIRECTION('',(1.,0.,0.));
#1478 = PCURVE('',#329,#1479);
#1479 = DEFINITIONAL_REPRESENTATION('',(#1480),#1484);
#1480 = CIRCLE('',#1481,1.25);
#1481 = AXIS2_PLACEMENT_2D('',#1482,#1483);
#1482 = CARTESIAN_POINT('',(47.677669529664,22.322330470336));
#1483 = DIRECTION('',(0.,-1.));
#1484 = ( GEOMETRIC_REPRESENTATION_CONTEXT(2) 
PARAMETRIC_REPRESENTATION_CONTEXT() REPRESENTATION_CONTEXT('2D SPACE',''
  ) );
#1485 = PCURVE('',#1486,#1491);
#1486 = CYLINDRICAL_SURFACE('',#1487,1.25);
#1487 = AXIS2_PLACEMENT_3D('',#1488,#1489,#1490);
#1488 = CARTESIAN_POINT('',(17.677669529664,-17.67766952966,185.));
#1489 = DIRECTION('',(-0.,-0.,-1.));
#1490 = DIRECTION('',(1.,0.,0.));
#1491 = DEFINITIONAL_REPRESENTATION('',(#1492),#1496);
#1492 = LINE('',#1493,#1494);
#1493 = CARTESIAN_POINT('',(-6.28318530718,-6.5));
#1494 = VECTOR('',#1495,1.);
#1495 = DIRECTION('',(1.,-0.));
#1496 = ( GEOMETRIC_REPRESENTATION_CONTEXT(2) 
PARAMETRIC_REPRESENTATION_CONTEXT() REPRESENTATION_CONTEXT('2D SPACE',''
  ) );
#1497 = FACE_BOUND('',#1498,.F.);
#1498 = EDGE_LOOP('',(#1499));
#1499 = ORIENTED_EDGE('',*,*,#1500,.F.);
#1500 = EDGE_CURVE('',#1501,#1501,#1503,.T.);
#1501 = VERTEX_POINT('',#1502);
#1502 = CARTESIAN_POINT('',(21.05,0.,191.5));
#1503 = SURFACE_CURVE('',#1504,(#1509,#1516),.PCURVE_S1.);
#1504 = CIRCLE('',#1505,21.05);
#1505 = AXIS2_PLACEMENT_3D('',#1506,#1507,#1508);
#1506 = CARTESIAN_POINT('',(0.,0.,191.5));
#1507 = DIRECTION('',(0.,0.,-1.));
#1508 = DIRECTION('',(1.,0.,0.));
#1509 = PCURVE('',#329,#1510);
#1510 = DEFINITIONAL_REPRESENTATION('',(#1511),#1515);
#1511 = CIRCLE('',#1512,21.05);
#1512 = AXIS2_PLACEMENT_2D('',#1513,#1514);
#1513 = CARTESIAN_POINT('',(30.,40.));
#1514 = DIRECTION('',(0.,-1.));
#1515 = ( GEOMETRIC_REPRESENTATION_CONTEXT(2) 
PARAMETRIC_REPRESENTATION_CONTEXT() REPRESENTATION_CONTEXT('2D SPACE',''
  ) );
#1516 = PCURVE('',#1517,#1522);
#1517 = CYLINDRICAL_SURFACE('',#1518,21.05);
#1518 = AXIS2_PLACEMENT_3D('',#1519,#1520,#1521);
#1519 = CARTESIAN_POINT('',(0.,0.,184.5));
#1520 = DIRECTION('',(-0.,-0.,-1.));
#1521 = DIRECTION('',(1.,0.,0.));
#1522 = DEFINITIONAL_REPRESENTATION('',(#1523),#1527);
#1523 = LINE('',#1524,#1525);
#1524 = CARTESIAN_POINT('',(-6.28318530718,-7.));
#1525 = VECTOR('',#1526,1.);
#1526 = DIRECTION('',(1.,-0.));
#1527 = ( GEOMETRIC_REPRESENTATION_CONTEXT(2) 
PARAMETRIC_REPRESENTATION_CONTEXT() REPRESENTATION_CONTEXT('2D SPACE',''
  ) );
#1528 = FACE_BOUND('',#1529,.F.);
#1529 = EDGE_LOOP('',(#1530));
#1530 = ORIENTED_EDGE('',*,*,#1531,.F.);
#1531 = EDGE_CURVE('',#1532,#1532,#1534,.T.);
#1532 = VERTEX_POINT('',#1533);
#1533 = CARTESIAN_POINT('',(-30.,26.,191.5));
#1534 = SURFACE_CURVE('',#1535,(#1540,#1547),.PCURVE_S1.);
#1535 = CIRCLE('',#1536,4.);
#1536 = AXIS2_PLACEMENT_3D('',#1537,#1538,#1539);
#1537 = CARTESIAN_POINT('',(-34.,26.,191.5));
#1538 = DIRECTION('',(0.,0.,-1.));
#1539 = DIRECTION('',(1.,0.,0.));
#1540 = PCURVE('',#329,#1541);
#1541 = DEFINITIONAL_REPRESENTATION('',(#1542),#1546);
#1542 = CIRCLE('',#1543,4.);
#1543 = AXIS2_PLACEMENT_2D('',#1544,#1545);
#1544 = CARTESIAN_POINT('',(4.,74.));
#1545 = DIRECTION('',(0.,-1.));
#1546 = ( GEOMETRIC_REPRESENTATION_CONTEXT(2) 
PARAMETRIC_REPRESENTATION_CONTEXT() REPRESENTATION_CONTEXT('2D SPACE',''
  ) );
#1547 = PCURVE('',#1058,#1548);
#1548 = DEFINITIONAL_REPRESENTATION('',(#1549),#1553);
#1549 = LINE('',#1550,#1551);
#1550 = CARTESIAN_POINT('',(-6.28318530718,-12.5));
#1551 = VECTOR('',#1552,1.);
#1552 = DIRECTION('',(1.,-0.));
#1553 = ( GEOMETRIC_REPRESENTATION_CONTEXT(2) 
PARAMETRIC_REPRESENTATION_CONTEXT() REPRESENTATION_CONTEXT('2D SPACE',''
  ) );
#1554 = FACE_BOUND('',#1555,.F.);
#1555 = EDGE_LOOP('',(#1556));
#1556 = ORIENTED_EDGE('',*,*,#1557,.F.);
#1557 = EDGE_CURVE('',#1558,#1558,#1560,.T.);
#1558 = VERTEX_POINT('',#1559);
#1559 = CARTESIAN_POINT('',(-16.42766952966,17.677669529664,191.5));
#1560 = SURFACE_CURVE('',#1561,(#1566,#1573),.PCURVE_S1.);
#1561 = CIRCLE('',#1562,1.25);
#1562 = AXIS2_PLACEMENT_3D('',#1563,#1564,#1565);
#1563 = CARTESIAN_POINT('',(-17.67766952966,17.677669529664,191.5));
#1564 = DIRECTION('',(0.,0.,-1.));
#1565 = DIRECTION('',(1.,0.,0.));
#1566 = PCURVE('',#329,#1567);
#1567 = DEFINITIONAL_REPRESENTATION('',(#1568),#1572);
#1568 = CIRCLE('',#1569,1.25);
#1569 = AXIS2_PLACEMENT_2D('',#1570,#1571);
#1570 = CARTESIAN_POINT('',(12.322330470336,57.677669529664));
#1571 = DIRECTION('',(0.,-1.));
#1572 = ( GEOMETRIC_REPRESENTATION_CONTEXT(2) 
PARAMETRIC_REPRESENTATION_CONTEXT() REPRESENTATION_CONTEXT('2D SPACE',''
  ) );
#1573 = PCURVE('',#1574,#1579);
#1574 = CYLINDRICAL_SURFACE('',#1575,1.25);
#1575 = AXIS2_PLACEMENT_3D('',#1576,#1577,#1578);
#1576 = CARTESIAN_POINT('',(-17.67766952966,17.677669529664,185.));
#1577 = DIRECTION('',(-0.,-0.,-1.));
#1578 = DIRECTION('',(1.,0.,0.));
#1579 = DEFINITIONAL_REPRESENTATION('',(#1580),#1584);
#1580 = LINE('',#1581,#1582);
#1581 = CARTESIAN_POINT('',(-6.28318530718,-6.5));
#1582 = VECTOR('',#1583,1.);
#1583 = DIRECTION('',(1.,-0.));
#1584 = ( GEOMETRIC_REPRESENTATION_CONTEXT(2) 
PARAMETRIC_REPRESENTATION_CONTEXT() REPRESENTATION_CONTEXT('2D SPACE',''
  ) );
#1585 = ADVANCED_FACE('',(#1586),#486,.T.);
#1586 = FACE_BOUND('',#1587,.T.);
#1587 = EDGE_LOOP('',(#1588,#1589,#1590,#1591));
#1588 = ORIENTED_EDGE('',*,*,#1384,.F.);
#1589 = ORIENTED_EDGE('',*,*,#472,.F.);
#1590 = ORIENTED_EDGE('',*,*,#581,.T.);
#1591 = ORIENTED_EDGE('',*,*,#1592,.T.);
#1592 = EDGE_CURVE('',#582,#1362,#1593,.T.);
#1593 = SURFACE_CURVE('',#1594,(#1598,#1605),.PCURVE_S1.);
#1594 = LINE('',#1595,#1596);
#1595 = CARTESIAN_POINT('',(40.,32.,180.));
#1596 = VECTOR('',#1597,1.);
#1597 = DIRECTION('',(0.,0.,1.));
#1598 = PCURVE('',#486,#1599);
#1599 = DEFINITIONAL_REPRESENTATION('',(#1600),#1604);
#1600 = LINE('',#1601,#1602);
#1601 = CARTESIAN_POINT('',(0.,-64.));
#1602 = VECTOR('',#1603,1.);
#1603 = DIRECTION('',(1.,0.));
#1604 = ( GEOMETRIC_REPRESENTATION_CONTEXT(2) 
PARAMETRIC_REPRESENTATION_CONTEXT() REPRESENTATION_CONTEXT('2D SPACE',''
  ) );
#1605 = PCURVE('',#620,#1606);
#1606 = DEFINITIONAL_REPRESENTATION('',(#1607),#1611);
#1607 = LINE('',#1608,#1609);
#1608 = CARTESIAN_POINT('',(0.,80.));
#1609 = VECTOR('',#1610,1.);
#1610 = DIRECTION('',(1.,0.));
#1611 = ( GEOMETRIC_REPRESENTATION_CONTEXT(2) 
PARAMETRIC_REPRESENTATION_CONTEXT() REPRESENTATION_CONTEXT('2D SPACE',''
  ) );
#1612 = ADVANCED_FACE('',(#1613),#519,.F.);
#1613 = FACE_BOUND('',#1614,.F.);
#1614 = EDGE_LOOP('',(#1615,#1616,#1637,#1638));
#1615 = ORIENTED_EDGE('',*,*,#1231,.F.);
#1616 = ORIENTED_EDGE('',*,*,#1617,.F.);
#1617 = EDGE_CURVE('',#502,#1209,#1618,.T.);
#1618 = SURFACE_CURVE('',#1619,(#1623,#1630),.PCURVE_S1.);
#1619 = LINE('',#1620,#1621);
#1620 = CARTESIAN_POINT('',(-40.,-32.,180.));
#1621 = VECTOR('',#1622,1.);
#1622 = DIRECTION('',(0.,0.,1.));
#1623 = PCURVE('',#519,#1624);
#1624 = DEFINITIONAL_REPRESENTATION('',(#1625),#1629);
#1625 = LINE('',#1626,#1627);
#1626 = CARTESIAN_POINT('',(0.,0.));
#1627 = VECTOR('',#1628,1.);
#1628 = DIRECTION('',(1.,0.));
#1629 = ( GEOMETRIC_REPRESENTATION_CONTEXT(2) 
PARAMETRIC_REPRESENTATION_CONTEXT() REPRESENTATION_CONTEXT('2D SPACE',''
  ) );
#1630 = PCURVE('',#547,#1631);
#1631 = DEFINITIONAL_REPRESENTATION('',(#1632),#1636);
#1632 = LINE('',#1633,#1634);
#1633 = CARTESIAN_POINT('',(0.,0.));
#1634 = VECTOR('',#1635,1.);
#1635 = DIRECTION('',(1.,0.));
#1636 = ( GEOMETRIC_REPRESENTATION_CONTEXT(2) 
PARAMETRIC_REPRESENTATION_CONTEXT() REPRESENTATION_CONTEXT('2D SPACE',''
  ) );
#1637 = ORIENTED_EDGE('',*,*,#501,.T.);
#1638 = ORIENTED_EDGE('',*,*,#1639,.F.);
#1639 = EDGE_CURVE('',#1232,#504,#1640,.T.);
#1640 = SURFACE_CURVE('',#1641,(#1645,#1652),.PCURVE_S1.);
#1641 = LINE('',#1642,#1643);
#1642 = CARTESIAN_POINT('',(-40.,-30.,191.5));
#1643 = VECTOR('',#1644,1.);
#1644 = DIRECTION('',(0.,8.01433845646E-02,-0.996783345522));
#1645 = PCURVE('',#519,#1646);
#1646 = DEFINITIONAL_REPRESENTATION('',(#1647),#1651);
#1647 = LINE('',#1648,#1649);
#1648 = CARTESIAN_POINT('',(11.5,-2.));
#1649 = VECTOR('',#1650,1.);
#1650 = DIRECTION('',(-0.996783345522,-8.01433845646E-02));
#1651 = ( GEOMETRIC_REPRESENTATION_CONTEXT(2) 
PARAMETRIC_REPRESENTATION_CONTEXT() REPRESENTATION_CONTEXT('2D SPACE',''
  ) );
#1652 = PCURVE('',#1270,#1653);
#1653 = DEFINITIONAL_REPRESENTATION('',(#1654),#1658);
#1654 = LINE('',#1655,#1656);
#1655 = CARTESIAN_POINT('',(0.,-6.));
#1656 = VECTOR('',#1657,1.);
#1657 = DIRECTION('',(1.,0.));
#1658 = ( GEOMETRIC_REPRESENTATION_CONTEXT(2) 
PARAMETRIC_REPRESENTATION_CONTEXT() REPRESENTATION_CONTEXT('2D SPACE',''
  ) );
#1659 = ADVANCED_FACE('',(#1660,#1740,#1775),#1023,.T.);
#1660 = FACE_BOUND('',#1661,.T.);
#1661 = EDGE_LOOP('',(#1662,#1697,#1718,#1719));
#1662 = ORIENTED_EDGE('',*,*,#1663,.F.);
#1663 = EDGE_CURVE('',#1664,#1666,#1668,.T.);
#1664 = VERTEX_POINT('',#1665);
#1665 = CARTESIAN_POINT('',(-40.,23.15171184496,106.32441607169));
#1666 = VERTEX_POINT('',#1667);
#1667 = CARTESIAN_POINT('',(-40.,-23.15171184496,106.32441607169));
#1668 = SURFACE_CURVE('',#1669,(#1674,#1685),.PCURVE_S1.);
#1669 = CIRCLE('',#1670,24.);
#1670 = AXIS2_PLACEMENT_3D('',#1671,#1672,#1673);
#1671 = CARTESIAN_POINT('',(-40.,0.,100.));
#1672 = DIRECTION('',(-1.,0.,0.));
#1673 = DIRECTION('',(0.,0.964654660207,0.263517336321));
#1674 = PCURVE('',#1023,#1675);
#1675 = DEFINITIONAL_REPRESENTATION('',(#1676),#1684);
#1676 = ( BOUNDED_CURVE() B_SPLINE_CURVE(2,(#1677,#1678,#1679,#1680,
#1681,#1682,#1683),.UNSPECIFIED.,.T.,.F.) B_SPLINE_CURVE_WITH_KNOTS((1,2
    ,2,2,2,1),(-2.094395102393,0.,2.094395102393,4.188790204786,
6.28318530718,8.377580409573),.UNSPECIFIED.) CURVE() 
GEOMETRIC_REPRESENTATION_ITEM() RATIONAL_B_SPLINE_CURVE((1.,0.5,1.,0.5,
1.,0.5,1.)) REPRESENTATION_ITEM('') );
#1677 = CARTESIAN_POINT('',(6.324416071696,-23.15171184496));
#1678 = CARTESIAN_POINT('',(-33.77552512596,-34.10592180934));
#1679 = CARTESIAN_POINT('',(-23.21217863468,6.098750940289));
#1680 = CARTESIAN_POINT('',(-12.64883214339,46.303423689921));
#1681 = CARTESIAN_POINT('',(16.887762562985,17.052960904671));
#1682 = CARTESIAN_POINT('',(46.424357269361,-12.19750188057));
#1683 = CARTESIAN_POINT('',(6.324416071696,-23.15171184496));
#1684 = ( GEOMETRIC_REPRESENTATION_CONTEXT(2) 
PARAMETRIC_REPRESENTATION_CONTEXT() REPRESENTATION_CONTEXT('2D SPACE',''
  ) );
#1685 = PCURVE('',#1686,#1691);
#1686 = CYLINDRICAL_SURFACE('',#1687,24.);
#1687 = AXIS2_PLACEMENT_3D('',#1688,#1689,#1690);
#1688 = CARTESIAN_POINT('',(-46.,0.,100.));
#1689 = DIRECTION('',(-1.,-0.,-0.));
#1690 = DIRECTION('',(0.,1.,0.));
#1691 = DEFINITIONAL_REPRESENTATION('',(#1692),#1696);
#1692 = LINE('',#1693,#1694);
#1693 = CARTESIAN_POINT('',(-6.549851917015,-6.));
#1694 = VECTOR('',#1695,1.);
#1695 = DIRECTION('',(1.,-0.));
#1696 = ( GEOMETRIC_REPRESENTATION_CONTEXT(2) 
PARAMETRIC_REPRESENTATION_CONTEXT() REPRESENTATION_CONTEXT('2D SPACE',''
  ) );
#1697 = ORIENTED_EDGE('',*,*,#1698,.T.);
#1698 = EDGE_CURVE('',#1664,#982,#1699,.T.);
#1699 = SURFACE_CURVE('',#1700,(#1704,#1711),.PCURVE_S1.);
#1700 = LINE('',#1701,#1702);
#1701 = CARTESIAN_POINT('',(-40.,22.,92.));
#1702 = VECTOR('',#1703,1.);
#1703 = DIRECTION('',(0.,8.01433845646E-02,0.996783345522));
#1704 = PCURVE('',#1023,#1705);
#1705 = DEFINITIONAL_REPRESENTATION('',(#1706),#1710);
#1706 = LINE('',#1707,#1708);
#1707 = CARTESIAN_POINT('',(-8.,-22.));
#1708 = VECTOR('',#1709,1.);
#1709 = DIRECTION('',(0.996783345522,-8.01433845646E-02));
#1710 = ( GEOMETRIC_REPRESENTATION_CONTEXT(2) 
PARAMETRIC_REPRESENTATION_CONTEXT() REPRESENTATION_CONTEXT('2D SPACE',''
  ) );
#1711 = PCURVE('',#1326,#1712);
#1712 = DEFINITIONAL_REPRESENTATION('',(#1713),#1717);
#1713 = LINE('',#1714,#1715);
#1714 = CARTESIAN_POINT('',(0.,-6.));
#1715 = VECTOR('',#1716,1.);
#1716 = DIRECTION('',(1.,0.));
#1717 = ( GEOMETRIC_REPRESENTATION_CONTEXT(2) 
PARAMETRIC_REPRESENTATION_CONTEXT() REPRESENTATION_CONTEXT('2D SPACE',''
  ) );
#1718 = ORIENTED_EDGE('',*,*,#1009,.F.);
#1719 = ORIENTED_EDGE('',*,*,#1720,.T.);
#1720 = EDGE_CURVE('',#504,#1666,#1721,.T.);
#1721 = SURFACE_CURVE('',#1722,(#1726,#1733),.PCURVE_S1.);
#1722 = LINE('',#1723,#1724);
#1723 = CARTESIAN_POINT('',(-40.,-30.,191.5));
#1724 = VECTOR('',#1725,1.);
#1725 = DIRECTION('',(0.,8.01433845646E-02,-0.996783345522));
#1726 = PCURVE('',#1023,#1727);
#1727 = DEFINITIONAL_REPRESENTATION('',(#1728),#1732);
#1728 = LINE('',#1729,#1730);
#1729 = CARTESIAN_POINT('',(91.5,30.));
#1730 = VECTOR('',#1731,1.);
#1731 = DIRECTION('',(-0.996783345522,-8.01433845646E-02));
#1732 = ( GEOMETRIC_REPRESENTATION_CONTEXT(2) 
PARAMETRIC_REPRESENTATION_CONTEXT() REPRESENTATION_CONTEXT('2D SPACE',''
  ) );
#1733 = PCURVE('',#1270,#1734);
#1734 = DEFINITIONAL_REPRESENTATION('',(#1735),#1739);
#1735 = LINE('',#1736,#1737);
#1736 = CARTESIAN_POINT('',(0.,-6.));
#1737 = VECTOR('',#1738,1.);
#1738 = DIRECTION('',(1.,0.));
#1739 = ( GEOMETRIC_REPRESENTATION_CONTEXT(2) 
PARAMETRIC_REPRESENTATION_CONTEXT() REPRESENTATION_CONTEXT('2D SPACE',''
  ) );
#1740 = FACE_BOUND('',#1741,.T.);
#1741 = EDGE_LOOP('',(#1742));
#1742 = ORIENTED_EDGE('',*,*,#1743,.T.);
#1743 = EDGE_CURVE('',#1744,#1744,#1746,.T.);
#1744 = VERTEX_POINT('',#1745);
#1745 = CARTESIAN_POINT('',(-40.,2.55,100.));
#1746 = SURFACE_CURVE('',#1747,(#1752,#1763),.PCURVE_S1.);
#1747 = CIRCLE('',#1748,2.55);
#1748 = AXIS2_PLACEMENT_3D('',#1749,#1750,#1751);
#1749 = CARTESIAN_POINT('',(-40.,0.,100.));
#1750 = DIRECTION('',(-1.,0.,0.));
#1751 = DIRECTION('',(0.,1.,0.));
#1752 = PCURVE('',#1023,#1753);
#1753 = DEFINITIONAL_REPRESENTATION('',(#1754),#1762);
#1754 = ( BOUNDED_CURVE() B_SPLINE_CURVE(2,(#1755,#1756,#1757,#1758,
#1759,#1760,#1761),.UNSPECIFIED.,.T.,.F.) B_SPLINE_CURVE_WITH_KNOTS((1,2
    ,2,2,2,1),(-2.094395102393,0.,2.094395102393,4.188790204786,
6.28318530718,8.377580409573),.UNSPECIFIED.) CURVE() 
GEOMETRIC_REPRESENTATION_ITEM() RATIONAL_B_SPLINE_CURVE((1.,0.5,1.,0.5,
1.,0.5,1.)) REPRESENTATION_ITEM('') );
#1755 = CARTESIAN_POINT('',(0.,-2.55));
#1756 = CARTESIAN_POINT('',(-4.416729559301,-2.55));
#1757 = CARTESIAN_POINT('',(-2.20836477965,1.275));
#1758 = CARTESIAN_POINT('',(-6.245698675651E-16,5.1));
#1759 = CARTESIAN_POINT('',(2.20836477965,1.275));
#1760 = CARTESIAN_POINT('',(4.416729559301,-2.55));
#1761 = CARTESIAN_POINT('',(0.,-2.55));
#1762 = ( GEOMETRIC_REPRESENTATION_CONTEXT(2) 
PARAMETRIC_REPRESENTATION_CONTEXT() REPRESENTATION_CONTEXT('2D SPACE',''
  ) );
#1763 = PCURVE('',#1764,#1769);
#1764 = CYLINDRICAL_SURFACE('',#1765,2.55);
#1765 = AXIS2_PLACEMENT_3D('',#1766,#1767,#1768);
#1766 = CARTESIAN_POINT('',(-47.,0.,100.));
#1767 = DIRECTION('',(-1.,-0.,-0.));
#1768 = DIRECTION('',(0.,1.,0.));
#1769 = DEFINITIONAL_REPRESENTATION('',(#1770),#1774);
#1770 = LINE('',#1771,#1772);
#1771 = CARTESIAN_POINT('',(-6.28318530718,-7.));
#1772 = VECTOR('',#1773,1.);
#1773 = DIRECTION('',(1.,-0.));
#1774 = ( GEOMETRIC_REPRESENTATION_CONTEXT(2) 
PARAMETRIC_REPRESENTATION_CONTEXT() REPRESENTATION_CONTEXT('2D SPACE',''
  ) );
#1775 = FACE_BOUND('',#1776,.T.);
#1776 = EDGE_LOOP('',(#1777));
#1777 = ORIENTED_EDGE('',*,*,#1778,.T.);
#1778 = EDGE_CURVE('',#1779,#1779,#1781,.T.);
#1779 = VERTEX_POINT('',#1780);
#1780 = CARTESIAN_POINT('',(-40.,12.,150.));
#1781 = SURFACE_CURVE('',#1782,(#1787,#1798),.PCURVE_S1.);
#1782 = CIRCLE('',#1783,12.);
#1783 = AXIS2_PLACEMENT_3D('',#1784,#1785,#1786);
#1784 = CARTESIAN_POINT('',(-40.,0.,150.));
#1785 = DIRECTION('',(-1.,0.,0.));
#1786 = DIRECTION('',(0.,1.,0.));
#1787 = PCURVE('',#1023,#1788);
#1788 = DEFINITIONAL_REPRESENTATION('',(#1789),#1797);
#1789 = ( BOUNDED_CURVE() B_SPLINE_CURVE(2,(#1790,#1791,#1792,#1793,
#1794,#1795,#1796),.UNSPECIFIED.,.T.,.F.) B_SPLINE_CURVE_WITH_KNOTS((1,2
    ,2,2,2,1),(-2.094395102393,0.,2.094395102393,4.188790204786,
6.28318530718,8.377580409573),.UNSPECIFIED.) CURVE() 
GEOMETRIC_REPRESENTATION_ITEM() RATIONAL_B_SPLINE_CURVE((1.,0.5,1.,0.5,
1.,0.5,1.)) REPRESENTATION_ITEM('') );
#1790 = CARTESIAN_POINT('',(50.,-12.));
#1791 = CARTESIAN_POINT('',(29.215390309173,-12.));
#1792 = CARTESIAN_POINT('',(39.607695154587,6.));
#1793 = CARTESIAN_POINT('',(50.,24.));
#1794 = CARTESIAN_POINT('',(60.392304845413,6.));
#1795 = CARTESIAN_POINT('',(70.784609690827,-12.));
#1796 = CARTESIAN_POINT('',(50.,-12.));
#1797 = ( GEOMETRIC_REPRESENTATION_CONTEXT(2) 
PARAMETRIC_REPRESENTATION_CONTEXT() REPRESENTATION_CONTEXT('2D SPACE',''
  ) );
#1798 = PCURVE('',#1799,#1804);
#1799 = CYLINDRICAL_SURFACE('',#1800,12.);
#1800 = AXIS2_PLACEMENT_3D('',#1801,#1802,#1803);
#1801 = CARTESIAN_POINT('',(-47.,0.,150.));
#1802 = DIRECTION('',(-1.,-0.,-0.));
#1803 = DIRECTION('',(0.,1.,0.));
#1804 = DEFINITIONAL_REPRESENTATION('',(#1805),#1809);
#1805 = LINE('',#1806,#1807);
#1806 = CARTESIAN_POINT('',(-6.28318530718,-7.));
#1807 = VECTOR('',#1808,1.);
#1808 = DIRECTION('',(1.,-0.));
#1809 = ( GEOMETRIC_REPRESENTATION_CONTEXT(2) 
PARAMETRIC_REPRESENTATION_CONTEXT() REPRESENTATION_CONTEXT('2D SPACE',''
  ) );
#1810 = ADVANCED_FACE('',(#1811),#997,.F.);
#1811 = FACE_BOUND('',#1812,.F.);
#1812 = EDGE_LOOP('',(#1813,#1814,#1835,#1836));
#1813 = ORIENTED_EDGE('',*,*,#1338,.F.);
#1814 = ORIENTED_EDGE('',*,*,#1815,.F.);
#1815 = EDGE_CURVE('',#982,#1311,#1816,.T.);
#1816 = SURFACE_CURVE('',#1817,(#1821,#1828),.PCURVE_S1.);
#1817 = LINE('',#1818,#1819);
#1818 = CARTESIAN_POINT('',(-40.,22.,92.));
#1819 = VECTOR('',#1820,1.);
#1820 = DIRECTION('',(0.,8.01433845646E-02,0.996783345522));
#1821 = PCURVE('',#997,#1822);
#1822 = DEFINITIONAL_REPRESENTATION('',(#1823),#1827);
#1823 = LINE('',#1824,#1825);
#1824 = CARTESIAN_POINT('',(-88.,-54.));
#1825 = VECTOR('',#1826,1.);
#1826 = DIRECTION('',(0.996783345522,-8.01433845646E-02));
#1827 = ( GEOMETRIC_REPRESENTATION_CONTEXT(2) 
PARAMETRIC_REPRESENTATION_CONTEXT() REPRESENTATION_CONTEXT('2D SPACE',''
  ) );
#1828 = PCURVE('',#1326,#1829);
#1829 = DEFINITIONAL_REPRESENTATION('',(#1830),#1834);
#1830 = LINE('',#1831,#1832);
#1831 = CARTESIAN_POINT('',(0.,-6.));
#1832 = VECTOR('',#1833,1.);
#1833 = DIRECTION('',(1.,0.));
#1834 = ( GEOMETRIC_REPRESENTATION_CONTEXT(2) 
PARAMETRIC_REPRESENTATION_CONTEXT() REPRESENTATION_CONTEXT('2D SPACE',''
  ) );
#1835 = ORIENTED_EDGE('',*,*,#981,.T.);
#1836 = ORIENTED_EDGE('',*,*,#1837,.T.);
#1837 = EDGE_CURVE('',#959,#1339,#1838,.T.);
#1838 = SURFACE_CURVE('',#1839,(#1843,#1850),.PCURVE_S1.);
#1839 = LINE('',#1840,#1841);
#1840 = CARTESIAN_POINT('',(-40.,32.,180.));
#1841 = VECTOR('',#1842,1.);
#1842 = DIRECTION('',(0.,0.,1.));
#1843 = PCURVE('',#997,#1844);
#1844 = DEFINITIONAL_REPRESENTATION('',(#1845),#1849);
#1845 = LINE('',#1846,#1847);
#1846 = CARTESIAN_POINT('',(0.,-64.));
#1847 = VECTOR('',#1848,1.);
#1848 = DIRECTION('',(1.,0.));
#1849 = ( GEOMETRIC_REPRESENTATION_CONTEXT(2) 
PARAMETRIC_REPRESENTATION_CONTEXT() REPRESENTATION_CONTEXT('2D SPACE',''
  ) );
#1850 = PCURVE('',#620,#1851);
#1851 = DEFINITIONAL_REPRESENTATION('',(#1852),#1856);
#1852 = LINE('',#1853,#1854);
#1853 = CARTESIAN_POINT('',(0.,0.));
#1854 = VECTOR('',#1855,1.);
#1855 = DIRECTION('',(1.,0.));
#1856 = ( GEOMETRIC_REPRESENTATION_CONTEXT(2) 
PARAMETRIC_REPRESENTATION_CONTEXT() REPRESENTATION_CONTEXT('2D SPACE',''
  ) );
#1857 = ADVANCED_FACE('',(#1858),#620,.T.);
#1858 = FACE_BOUND('',#1859,.T.);
#1859 = EDGE_LOOP('',(#1860,#1861,#1862,#1863,#1864,#1865,#1893,#1921));
#1860 = ORIENTED_EDGE('',*,*,#958,.F.);
#1861 = ORIENTED_EDGE('',*,*,#1837,.T.);
#1862 = ORIENTED_EDGE('',*,*,#1361,.T.);
#1863 = ORIENTED_EDGE('',*,*,#1592,.F.);
#1864 = ORIENTED_EDGE('',*,*,#604,.F.);
#1865 = ORIENTED_EDGE('',*,*,#1866,.F.);
#1866 = EDGE_CURVE('',#1867,#605,#1869,.T.);
#1867 = VERTEX_POINT('',#1868);
#1868 = CARTESIAN_POINT('',(14.,32.,180.));
#1869 = SURFACE_CURVE('',#1870,(#1874,#1881),.PCURVE_S1.);
#1870 = LINE('',#1871,#1872);
#1871 = CARTESIAN_POINT('',(-40.,32.,180.));
#1872 = VECTOR('',#1873,1.);
#1873 = DIRECTION('',(1.,0.,0.));
#1874 = PCURVE('',#620,#1875);
#1875 = DEFINITIONAL_REPRESENTATION('',(#1876),#1880);
#1876 = LINE('',#1877,#1878);
#1877 = CARTESIAN_POINT('',(0.,0.));
#1878 = VECTOR('',#1879,1.);
#1879 = DIRECTION('',(0.,1.));
#1880 = ( GEOMETRIC_REPRESENTATION_CONTEXT(2) 
PARAMETRIC_REPRESENTATION_CONTEXT() REPRESENTATION_CONTEXT('2D SPACE',''
  ) );
#1881 = PCURVE('',#1882,#1887);
#1882 = PLANE('',#1883);
#1883 = AXIS2_PLACEMENT_3D('',#1884,#1885,#1886);
#1884 = CARTESIAN_POINT('',(14.,-18.5,180.));
#1885 = DIRECTION('',(0.,0.,1.));
#1886 = DIRECTION('',(1.,0.,0.));
#1887 = DEFINITIONAL_REPRESENTATION('',(#1888),#1892);
#1888 = LINE('',#1889,#1890);
#1889 = CARTESIAN_POINT('',(-54.,50.5));
#1890 = VECTOR('',#1891,1.);
#1891 = DIRECTION('',(1.,0.));
#1892 = ( GEOMETRIC_REPRESENTATION_CONTEXT(2) 
PARAMETRIC_REPRESENTATION_CONTEXT() REPRESENTATION_CONTEXT('2D SPACE',''
  ) );
#1893 = ORIENTED_EDGE('',*,*,#1894,.F.);
#1894 = EDGE_CURVE('',#1895,#1867,#1897,.T.);
#1895 = VERTEX_POINT('',#1896);
#1896 = CARTESIAN_POINT('',(-14.,32.,180.));
#1897 = SURFACE_CURVE('',#1898,(#1902,#1909),.PCURVE_S1.);
#1898 = LINE('',#1899,#1900);
#1899 = CARTESIAN_POINT('',(-40.,32.,180.));
#1900 = VECTOR('',#1901,1.);
#1901 = DIRECTION('',(1.,0.,0.));
#1902 = PCURVE('',#620,#1903);
#1903 = DEFINITIONAL_REPRESENTATION('',(#1904),#1908);
#1904 = LINE('',#1905,#1906);
#1905 = CARTESIAN_POINT('',(0.,0.));
#1906 = VECTOR('',#1907,1.);
#1907 = DIRECTION('',(0.,1.));
#1908 = ( GEOMETRIC_REPRESENTATION_CONTEXT(2) 
PARAMETRIC_REPRESENTATION_CONTEXT() REPRESENTATION_CONTEXT('2D SPACE',''
  ) );
#1909 = PCURVE('',#1910,#1915);
#1910 = PLANE('',#1911);
#1911 = AXIS2_PLACEMENT_3D('',#1912,#1913,#1914);
#1912 = CARTESIAN_POINT('',(-40.,-32.,180.));
#1913 = DIRECTION('',(0.,0.,1.));
#1914 = DIRECTION('',(1.,0.,0.));
#1915 = DEFINITIONAL_REPRESENTATION('',(#1916),#1920);
#1916 = LINE('',#1917,#1918);
#1917 = CARTESIAN_POINT('',(0.,64.));
#1918 = VECTOR('',#1919,1.);
#1919 = DIRECTION('',(1.,0.));
#1920 = ( GEOMETRIC_REPRESENTATION_CONTEXT(2) 
PARAMETRIC_REPRESENTATION_CONTEXT() REPRESENTATION_CONTEXT('2D SPACE',''
  ) );
#1921 = ORIENTED_EDGE('',*,*,#1922,.F.);
#1922 = EDGE_CURVE('',#936,#1895,#1923,.T.);
#1923 = SURFACE_CURVE('',#1924,(#1928,#1935),.PCURVE_S1.);
#1924 = LINE('',#1925,#1926);
#1925 = CARTESIAN_POINT('',(-40.,32.,180.));
#1926 = VECTOR('',#1927,1.);
#1927 = DIRECTION('',(1.,0.,0.));
#1928 = PCURVE('',#620,#1929);
#1929 = DEFINITIONAL_REPRESENTATION('',(#1930),#1934);
#1930 = LINE('',#1931,#1932);
#1931 = CARTESIAN_POINT('',(0.,0.));
#1932 = VECTOR('',#1933,1.);
#1933 = DIRECTION('',(0.,1.));
#1934 = ( GEOMETRIC_REPRESENTATION_CONTEXT(2) 
PARAMETRIC_REPRESENTATION_CONTEXT() REPRESENTATION_CONTEXT('2D SPACE',''
  ) );
#1935 = PCURVE('',#1936,#1941);
#1936 = PLANE('',#1937);
#1937 = AXIS2_PLACEMENT_3D('',#1938,#1939,#1940);
#1938 = CARTESIAN_POINT('',(-17.,-18.5,180.));
#1939 = DIRECTION('',(0.,0.,1.));
#1940 = DIRECTION('',(1.,0.,0.));
#1941 = DEFINITIONAL_REPRESENTATION('',(#1942),#1946);
#1942 = LINE('',#1943,#1944);
#1943 = CARTESIAN_POINT('',(-23.,50.5));
#1944 = VECTOR('',#1945,1.);
#1945 = DIRECTION('',(1.,0.));
#1946 = ( GEOMETRIC_REPRESENTATION_CONTEXT(2) 
PARAMETRIC_REPRESENTATION_CONTEXT() REPRESENTATION_CONTEXT('2D SPACE',''
  ) );
#1947 = ADVANCED_FACE('',(#1948),#895,.F.);
#1948 = FACE_BOUND('',#1949,.F.);
#1949 = EDGE_LOOP('',(#1950,#1973,#2001,#2029,#2050,#2051,#2072,#2098,
    #2117));
#1950 = ORIENTED_EDGE('',*,*,#1951,.F.);
#1951 = EDGE_CURVE('',#1952,#857,#1954,.T.);
#1952 = VERTEX_POINT('',#1953);
#1953 = CARTESIAN_POINT('',(-17.,-18.5,160.4));
#1954 = SURFACE_CURVE('',#1955,(#1959,#1966),.PCURVE_S1.);
#1955 = LINE('',#1956,#1957);
#1956 = CARTESIAN_POINT('',(-17.,-18.5,160.4));
#1957 = VECTOR('',#1958,1.);
#1958 = DIRECTION('',(0.,0.,1.));
#1959 = PCURVE('',#895,#1960);
#1960 = DEFINITIONAL_REPRESENTATION('',(#1961),#1965);
#1961 = LINE('',#1962,#1963);
#1962 = CARTESIAN_POINT('',(0.,0.));
#1963 = VECTOR('',#1964,1.);
#1964 = DIRECTION('',(1.,0.));
#1965 = ( GEOMETRIC_REPRESENTATION_CONTEXT(2) 
PARAMETRIC_REPRESENTATION_CONTEXT() REPRESENTATION_CONTEXT('2D SPACE',''
  ) );
#1966 = PCURVE('',#760,#1967);
#1967 = DEFINITIONAL_REPRESENTATION('',(#1968),#1972);
#1968 = LINE('',#1969,#1970);
#1969 = CARTESIAN_POINT('',(0.,0.));
#1970 = VECTOR('',#1971,1.);
#1971 = DIRECTION('',(1.,0.));
#1972 = ( GEOMETRIC_REPRESENTATION_CONTEXT(2) 
PARAMETRIC_REPRESENTATION_CONTEXT() REPRESENTATION_CONTEXT('2D SPACE',''
  ) );
#1973 = ORIENTED_EDGE('',*,*,#1974,.T.);
#1974 = EDGE_CURVE('',#1952,#1975,#1977,.T.);
#1975 = VERTEX_POINT('',#1976);
#1976 = CARTESIAN_POINT('',(-17.,38.5,160.4));
#1977 = SURFACE_CURVE('',#1978,(#1982,#1989),.PCURVE_S1.);
#1978 = LINE('',#1979,#1980);
#1979 = CARTESIAN_POINT('',(-17.,-18.5,160.4));
#1980 = VECTOR('',#1981,1.);
#1981 = DIRECTION('',(0.,1.,0.));
#1982 = PCURVE('',#895,#1983);
#1983 = DEFINITIONAL_REPRESENTATION('',(#1984),#1988);
#1984 = LINE('',#1985,#1986);
#1985 = CARTESIAN_POINT('',(0.,0.));
#1986 = VECTOR('',#1987,1.);
#1987 = DIRECTION('',(0.,-1.));
#1988 = ( GEOMETRIC_REPRESENTATION_CONTEXT(2) 
PARAMETRIC_REPRESENTATION_CONTEXT() REPRESENTATION_CONTEXT('2D SPACE',''
  ) );
#1989 = PCURVE('',#1990,#1995);
#1990 = PLANE('',#1991);
#1991 = AXIS2_PLACEMENT_3D('',#1992,#1993,#1994);
#1992 = CARTESIAN_POINT('',(-17.,-18.5,160.4));
#1993 = DIRECTION('',(0.,0.,1.));
#1994 = DIRECTION('',(1.,0.,0.));
#1995 = DEFINITIONAL_REPRESENTATION('',(#1996),#2000);
#1996 = LINE('',#1997,#1998);
#1997 = CARTESIAN_POINT('',(0.,0.));
#1998 = VECTOR('',#1999,1.);
#1999 = DIRECTION('',(0.,1.));
#2000 = ( GEOMETRIC_REPRESENTATION_CONTEXT(2) 
PARAMETRIC_REPRESENTATION_CONTEXT() REPRESENTATION_CONTEXT('2D SPACE',''
  ) );
#2001 = ORIENTED_EDGE('',*,*,#2002,.F.);
#2002 = EDGE_CURVE('',#2003,#1975,#2005,.T.);
#2003 = VERTEX_POINT('',#2004);
#2004 = CARTESIAN_POINT('',(-17.,38.5,180.));
#2005 = SURFACE_CURVE('',#2006,(#2010,#2017),.PCURVE_S1.);
#2006 = LINE('',#2007,#2008);
#2007 = CARTESIAN_POINT('',(-17.,38.5,180.));
#2008 = VECTOR('',#2009,1.);
#2009 = DIRECTION('',(0.,0.,-1.));
#2010 = PCURVE('',#895,#2011);
#2011 = DEFINITIONAL_REPRESENTATION('',(#2012),#2016);
#2012 = LINE('',#2013,#2014);
#2013 = CARTESIAN_POINT('',(19.6,-57.));
#2014 = VECTOR('',#2015,1.);
#2015 = DIRECTION('',(-1.,0.));
#2016 = ( GEOMETRIC_REPRESENTATION_CONTEXT(2) 
PARAMETRIC_REPRESENTATION_CONTEXT() REPRESENTATION_CONTEXT('2D SPACE',''
  ) );
#2017 = PCURVE('',#2018,#2023);
#2018 = PLANE('',#2019);
#2019 = AXIS2_PLACEMENT_3D('',#2020,#2021,#2022);
#2020 = CARTESIAN_POINT('',(-17.,38.5,160.4));
#2021 = DIRECTION('',(0.,1.,0.));
#2022 = DIRECTION('',(0.,0.,1.));
#2023 = DEFINITIONAL_REPRESENTATION('',(#2024),#2028);
#2024 = LINE('',#2025,#2026);
#2025 = CARTESIAN_POINT('',(19.6,0.));
#2026 = VECTOR('',#2027,1.);
#2027 = DIRECTION('',(-1.,0.));
#2028 = ( GEOMETRIC_REPRESENTATION_CONTEXT(2) 
PARAMETRIC_REPRESENTATION_CONTEXT() REPRESENTATION_CONTEXT('2D SPACE',''
  ) );
#2029 = ORIENTED_EDGE('',*,*,#2030,.F.);
#2030 = EDGE_CURVE('',#936,#2003,#2031,.T.);
#2031 = SURFACE_CURVE('',#2032,(#2036,#2043),.PCURVE_S1.);
#2032 = LINE('',#2033,#2034);
#2033 = CARTESIAN_POINT('',(-17.,-18.5,180.));
#2034 = VECTOR('',#2035,1.);
#2035 = DIRECTION('',(0.,1.,0.));
#2036 = PCURVE('',#895,#2037);
#2037 = DEFINITIONAL_REPRESENTATION('',(#2038),#2042);
#2038 = LINE('',#2039,#2040);
#2039 = CARTESIAN_POINT('',(19.6,0.));
#2040 = VECTOR('',#2041,1.);
#2041 = DIRECTION('',(0.,-1.));
#2042 = ( GEOMETRIC_REPRESENTATION_CONTEXT(2) 
PARAMETRIC_REPRESENTATION_CONTEXT() REPRESENTATION_CONTEXT('2D SPACE',''
  ) );
#2043 = PCURVE('',#1936,#2044);
#2044 = DEFINITIONAL_REPRESENTATION('',(#2045),#2049);
#2045 = LINE('',#2046,#2047);
#2046 = CARTESIAN_POINT('',(0.,0.));
#2047 = VECTOR('',#2048,1.);
#2048 = DIRECTION('',(0.,1.));
#2049 = ( GEOMETRIC_REPRESENTATION_CONTEXT(2) 
PARAMETRIC_REPRESENTATION_CONTEXT() REPRESENTATION_CONTEXT('2D SPACE',''
  ) );
#2050 = ORIENTED_EDGE('',*,*,#935,.F.);
#2051 = ORIENTED_EDGE('',*,*,#2052,.T.);
#2052 = EDGE_CURVE('',#908,#2053,#2055,.T.);
#2053 = VERTEX_POINT('',#2054);
#2054 = CARTESIAN_POINT('',(-17.,9.552486587271,171.9));
#2055 = SURFACE_CURVE('',#2056,(#2060,#2066),.PCURVE_S1.);
#2056 = LINE('',#2057,#2058);
#2057 = CARTESIAN_POINT('',(-17.,9.552486587271,171.9));
#2058 = VECTOR('',#2059,1.);
#2059 = DIRECTION('',(-0.,-0.,-1.));
#2060 = PCURVE('',#895,#2061);
#2061 = DEFINITIONAL_REPRESENTATION('',(#2062),#2065);
#2062 = B_SPLINE_CURVE_WITH_KNOTS('',1,(#2063,#2064),.UNSPECIFIED.,.F.,
  .F.,(2,2),(-8.6000006,5.999999928008E-07),.PIECEWISE_BEZIER_KNOTS.);
#2063 = CARTESIAN_POINT('',(20.1000006,-28.05248658727));
#2064 = CARTESIAN_POINT('',(11.4999994,-28.05248658727));
#2065 = ( GEOMETRIC_REPRESENTATION_CONTEXT(2) 
PARAMETRIC_REPRESENTATION_CONTEXT() REPRESENTATION_CONTEXT('2D SPACE',''
  ) );
#2066 = PCURVE('',#681,#2067);
#2067 = DEFINITIONAL_REPRESENTATION('',(#2068),#2071);
#2068 = B_SPLINE_CURVE_WITH_KNOTS('',1,(#2069,#2070),.UNSPECIFIED.,.F.,
  .F.,(2,2),(-8.6000006,5.999999928008E-07),.PIECEWISE_BEZIER_KNOTS.);
#2069 = CARTESIAN_POINT('',(-2.629650754606,-1.5000006));
#2070 = CARTESIAN_POINT('',(-2.629650754606,7.1000006));
#2071 = ( GEOMETRIC_REPRESENTATION_CONTEXT(2) 
PARAMETRIC_REPRESENTATION_CONTEXT() REPRESENTATION_CONTEXT('2D SPACE',''
  ) );
#2072 = ORIENTED_EDGE('',*,*,#2073,.T.);
#2073 = EDGE_CURVE('',#2053,#2074,#2076,.T.);
#2074 = VERTEX_POINT('',#2075);
#2075 = CARTESIAN_POINT('',(-17.,-9.552486587271,171.9));
#2076 = SURFACE_CURVE('',#2077,(#2081,#2087),.PCURVE_S1.);
#2077 = LINE('',#2078,#2079);
#2078 = CARTESIAN_POINT('',(-17.,-9.25,171.9));
#2079 = VECTOR('',#2080,1.);
#2080 = DIRECTION('',(0.,-1.,0.));
#2081 = PCURVE('',#895,#2082);
#2082 = DEFINITIONAL_REPRESENTATION('',(#2083),#2086);
#2083 = B_SPLINE_CURVE_WITH_KNOTS('',1,(#2084,#2085),.UNSPECIFIED.,.F.,
  .F.,(2,2),(-28.75,9.25),.PIECEWISE_BEZIER_KNOTS.);
#2084 = CARTESIAN_POINT('',(11.5,-38.));
#2085 = CARTESIAN_POINT('',(11.5,0.));
#2086 = ( GEOMETRIC_REPRESENTATION_CONTEXT(2) 
PARAMETRIC_REPRESENTATION_CONTEXT() REPRESENTATION_CONTEXT('2D SPACE',''
  ) );
#2087 = PCURVE('',#2088,#2093);
#2088 = PLANE('',#2089);
#2089 = AXIS2_PLACEMENT_3D('',#2090,#2091,#2092);
#2090 = CARTESIAN_POINT('',(-2.805005400081E-15,3.259817405866E-16,171.9
    ));
#2091 = DIRECTION('',(0.,0.,1.));
#2092 = DIRECTION('',(1.,0.,-0.));
#2093 = DEFINITIONAL_REPRESENTATION('',(#2094),#2097);
#2094 = B_SPLINE_CURVE_WITH_KNOTS('',1,(#2095,#2096),.UNSPECIFIED.,.F.,
  .F.,(2,2),(-28.75,9.25),.PIECEWISE_BEZIER_KNOTS.);
#2095 = CARTESIAN_POINT('',(-17.,19.5));
#2096 = CARTESIAN_POINT('',(-17.,-18.5));
#2097 = ( GEOMETRIC_REPRESENTATION_CONTEXT(2) 
PARAMETRIC_REPRESENTATION_CONTEXT() REPRESENTATION_CONTEXT('2D SPACE',''
  ) );
#2098 = ORIENTED_EDGE('',*,*,#2099,.F.);
#2099 = EDGE_CURVE('',#880,#2074,#2100,.T.);
#2100 = SURFACE_CURVE('',#2101,(#2105,#2111),.PCURVE_S1.);
#2101 = LINE('',#2102,#2103);
#2102 = CARTESIAN_POINT('',(-17.,-9.552486587271,171.9));
#2103 = VECTOR('',#2104,1.);
#2104 = DIRECTION('',(-0.,-0.,-1.));
#2105 = PCURVE('',#895,#2106);
#2106 = DEFINITIONAL_REPRESENTATION('',(#2107),#2110);
#2107 = B_SPLINE_CURVE_WITH_KNOTS('',1,(#2108,#2109),.UNSPECIFIED.,.F.,
  .F.,(2,2),(-8.6000006,5.999999928008E-07),.PIECEWISE_BEZIER_KNOTS.);
#2108 = CARTESIAN_POINT('',(20.1000006,-8.947513412729));
#2109 = CARTESIAN_POINT('',(11.4999994,-8.947513412729));
#2110 = ( GEOMETRIC_REPRESENTATION_CONTEXT(2) 
PARAMETRIC_REPRESENTATION_CONTEXT() REPRESENTATION_CONTEXT('2D SPACE',''
  ) );
#2111 = PCURVE('',#681,#2112);
#2112 = DEFINITIONAL_REPRESENTATION('',(#2113),#2116);
#2113 = B_SPLINE_CURVE_WITH_KNOTS('',1,(#2114,#2115),.UNSPECIFIED.,.F.,
  .F.,(2,2),(-8.6000006,5.999999928008E-07),.PIECEWISE_BEZIER_KNOTS.);
#2114 = CARTESIAN_POINT('',(-3.653534552574,-1.5000006));
#2115 = CARTESIAN_POINT('',(-3.653534552574,7.1000006));
#2116 = ( GEOMETRIC_REPRESENTATION_CONTEXT(2) 
PARAMETRIC_REPRESENTATION_CONTEXT() REPRESENTATION_CONTEXT('2D SPACE',''
  ) );
#2117 = ORIENTED_EDGE('',*,*,#879,.F.);
#2118 = ADVANCED_FACE('',(#2119,#2436),#681,.F.);
#2119 = FACE_BOUND('',#2120,.T.);
#2120 = EDGE_LOOP('',(#2121,#2150,#2171,#2172,#2193,#2217,#2238,#2271,
    #2290,#2291,#2312,#2345,#2366,#2388,#2389,#2390,#2391,#2415,#2434,
    #2435));
#2121 = ORIENTED_EDGE('',*,*,#2122,.T.);
#2122 = EDGE_CURVE('',#2123,#2123,#2125,.T.);
#2123 = VERTEX_POINT('',#2124);
#2124 = CARTESIAN_POINT('',(19.5,0.,184.5));
#2125 = SURFACE_CURVE('',#2126,(#2131,#2138),.PCURVE_S1.);
#2126 = CIRCLE('',#2127,19.5);
#2127 = AXIS2_PLACEMENT_3D('',#2128,#2129,#2130);
#2128 = CARTESIAN_POINT('',(0.,0.,184.5));
#2129 = DIRECTION('',(0.,0.,1.));
#2130 = DIRECTION('',(1.,0.,0.));
#2131 = PCURVE('',#681,#2132);
#2132 = DEFINITIONAL_REPRESENTATION('',(#2133),#2137);
#2133 = LINE('',#2134,#2135);
#2134 = CARTESIAN_POINT('',(-0.,-5.5));
#2135 = VECTOR('',#2136,1.);
#2136 = DIRECTION('',(-1.,0.));
#2137 = ( GEOMETRIC_REPRESENTATION_CONTEXT(2) 
PARAMETRIC_REPRESENTATION_CONTEXT() REPRESENTATION_CONTEXT('2D SPACE',''
  ) );
#2138 = PCURVE('',#2139,#2144);
#2139 = PLANE('',#2140);
#2140 = AXIS2_PLACEMENT_3D('',#2141,#2142,#2143);
#2141 = CARTESIAN_POINT('',(-5.196922118915E-16,-8.592938374017E-16,
    184.5));
#2142 = DIRECTION('',(0.,0.,1.));
#2143 = DIRECTION('',(1.,0.,-0.));
#2144 = DEFINITIONAL_REPRESENTATION('',(#2145),#2149);
#2145 = CIRCLE('',#2146,19.5);
#2146 = AXIS2_PLACEMENT_2D('',#2147,#2148);
#2147 = CARTESIAN_POINT('',(5.196922118915E-16,8.592938374017E-16));
#2148 = DIRECTION('',(1.,0.));
#2149 = ( GEOMETRIC_REPRESENTATION_CONTEXT(2) 
PARAMETRIC_REPRESENTATION_CONTEXT() REPRESENTATION_CONTEXT('2D SPACE',''
  ) );
#2150 = ORIENTED_EDGE('',*,*,#2151,.F.);
#2151 = EDGE_CURVE('',#661,#2123,#2152,.T.);
#2152 = SEAM_CURVE('',#2153,(#2157,#2164),.PCURVE_S1.);
#2153 = LINE('',#2154,#2155);
#2154 = CARTESIAN_POINT('',(19.5,0.,179.));
#2155 = VECTOR('',#2156,1.);
#2156 = DIRECTION('',(0.,0.,1.));
#2157 = PCURVE('',#681,#2158);
#2158 = DEFINITIONAL_REPRESENTATION('',(#2159),#2163);
#2159 = LINE('',#2160,#2161);
#2160 = CARTESIAN_POINT('',(-6.28318530718,0.));
#2161 = VECTOR('',#2162,1.);
#2162 = DIRECTION('',(-0.,-1.));
#2163 = ( GEOMETRIC_REPRESENTATION_CONTEXT(2) 
PARAMETRIC_REPRESENTATION_CONTEXT() REPRESENTATION_CONTEXT('2D SPACE',''
  ) );
#2164 = PCURVE('',#681,#2165);
#2165 = DEFINITIONAL_REPRESENTATION('',(#2166),#2170);
#2166 = LINE('',#2167,#2168);
#2167 = CARTESIAN_POINT('',(-0.,0.));
#2168 = VECTOR('',#2169,1.);
#2169 = DIRECTION('',(-0.,-1.));
#2170 = ( GEOMETRIC_REPRESENTATION_CONTEXT(2) 
PARAMETRIC_REPRESENTATION_CONTEXT() REPRESENTATION_CONTEXT('2D SPACE',''
  ) );
#2171 = ORIENTED_EDGE('',*,*,#693,.T.);
#2172 = ORIENTED_EDGE('',*,*,#2173,.T.);
#2173 = EDGE_CURVE('',#694,#2174,#2176,.T.);
#2174 = VERTEX_POINT('',#2175);
#2175 = CARTESIAN_POINT('',(17.,-9.552486587271,171.9));
#2176 = SURFACE_CURVE('',#2177,(#2181,#2187),.PCURVE_S1.);
#2177 = LINE('',#2178,#2179);
#2178 = CARTESIAN_POINT('',(17.,-9.552486587271,171.9));
#2179 = VECTOR('',#2180,1.);
#2180 = DIRECTION('',(-0.,-0.,-1.));
#2181 = PCURVE('',#681,#2182);
#2182 = DEFINITIONAL_REPRESENTATION('',(#2183),#2186);
#2183 = B_SPLINE_CURVE_WITH_KNOTS('',1,(#2184,#2185),.UNSPECIFIED.,.F.,
  .F.,(2,2),(-8.6000006,5.999999928008E-07),.PIECEWISE_BEZIER_KNOTS.);
#2184 = CARTESIAN_POINT('',(-5.771243408195,-1.5000006));
#2185 = CARTESIAN_POINT('',(-5.771243408195,7.1000006));
#2186 = ( GEOMETRIC_REPRESENTATION_CONTEXT(2) 
PARAMETRIC_REPRESENTATION_CONTEXT() REPRESENTATION_CONTEXT('2D SPACE',''
  ) );
#2187 = PCURVE('',#648,#2188);
#2188 = DEFINITIONAL_REPRESENTATION('',(#2189),#2192);
#2189 = B_SPLINE_CURVE_WITH_KNOTS('',1,(#2190,#2191),.UNSPECIFIED.,.F.,
  .F.,(2,2),(-8.6000006,5.999999928008E-07),.PIECEWISE_BEZIER_KNOTS.);
#2190 = CARTESIAN_POINT('',(20.1000006,-8.947513412729));
#2191 = CARTESIAN_POINT('',(11.4999994,-8.947513412729));
#2192 = ( GEOMETRIC_REPRESENTATION_CONTEXT(2) 
PARAMETRIC_REPRESENTATION_CONTEXT() REPRESENTATION_CONTEXT('2D SPACE',''
  ) );
#2193 = ORIENTED_EDGE('',*,*,#2194,.F.);
#2194 = EDGE_CURVE('',#2195,#2174,#2197,.T.);
#2195 = VERTEX_POINT('',#2196);
#2196 = CARTESIAN_POINT('',(6.164414002969,-18.5,171.9));
#2197 = SURFACE_CURVE('',#2198,(#2203,#2210),.PCURVE_S1.);
#2198 = CIRCLE('',#2199,19.5);
#2199 = AXIS2_PLACEMENT_3D('',#2200,#2201,#2202);
#2200 = CARTESIAN_POINT('',(0.,0.,171.9));
#2201 = DIRECTION('',(0.,0.,1.));
#2202 = DIRECTION('',(1.,0.,0.));
#2203 = PCURVE('',#681,#2204);
#2204 = DEFINITIONAL_REPRESENTATION('',(#2205),#2209);
#2205 = LINE('',#2206,#2207);
#2206 = CARTESIAN_POINT('',(-0.,7.1));
#2207 = VECTOR('',#2208,1.);
#2208 = DIRECTION('',(-1.,0.));
#2209 = ( GEOMETRIC_REPRESENTATION_CONTEXT(2) 
PARAMETRIC_REPRESENTATION_CONTEXT() REPRESENTATION_CONTEXT('2D SPACE',''
  ) );
#2210 = PCURVE('',#2088,#2211);
#2211 = DEFINITIONAL_REPRESENTATION('',(#2212),#2216);
#2212 = CIRCLE('',#2213,19.5);
#2213 = AXIS2_PLACEMENT_2D('',#2214,#2215);
#2214 = CARTESIAN_POINT('',(2.805005400081E-15,-3.259817405866E-16));
#2215 = DIRECTION('',(1.,0.));
#2216 = ( GEOMETRIC_REPRESENTATION_CONTEXT(2) 
PARAMETRIC_REPRESENTATION_CONTEXT() REPRESENTATION_CONTEXT('2D SPACE',''
  ) );
#2217 = ORIENTED_EDGE('',*,*,#2218,.F.);
#2218 = EDGE_CURVE('',#2219,#2195,#2221,.T.);
#2219 = VERTEX_POINT('',#2220);
#2220 = CARTESIAN_POINT('',(6.164414002969,-18.5,172.9));
#2221 = SURFACE_CURVE('',#2222,(#2226,#2232),.PCURVE_S1.);
#2222 = LINE('',#2223,#2224);
#2223 = CARTESIAN_POINT('',(6.164414002969,-18.5,171.9));
#2224 = VECTOR('',#2225,1.);
#2225 = DIRECTION('',(-0.,-0.,-1.));
#2226 = PCURVE('',#681,#2227);
#2227 = DEFINITIONAL_REPRESENTATION('',(#2228),#2231);
#2228 = B_SPLINE_CURVE_WITH_KNOTS('',1,(#2229,#2230),.UNSPECIFIED.,.F.,
  .F.,(2,2),(-8.6000006,5.999999928008E-07),.PIECEWISE_BEZIER_KNOTS.);
#2229 = CARTESIAN_POINT('',(-5.034029941734,-1.5000006));
#2230 = CARTESIAN_POINT('',(-5.034029941734,7.1000006));
#2231 = ( GEOMETRIC_REPRESENTATION_CONTEXT(2) 
PARAMETRIC_REPRESENTATION_CONTEXT() REPRESENTATION_CONTEXT('2D SPACE',''
  ) );
#2232 = PCURVE('',#760,#2233);
#2233 = DEFINITIONAL_REPRESENTATION('',(#2234),#2237);
#2234 = B_SPLINE_CURVE_WITH_KNOTS('',1,(#2235,#2236),.UNSPECIFIED.,.F.,
  .F.,(2,2),(-8.6000006,5.999999928008E-07),.PIECEWISE_BEZIER_KNOTS.);
#2235 = CARTESIAN_POINT('',(20.1000006,23.164414002969));
#2236 = CARTESIAN_POINT('',(11.4999994,23.164414002969));
#2237 = ( GEOMETRIC_REPRESENTATION_CONTEXT(2) 
PARAMETRIC_REPRESENTATION_CONTEXT() REPRESENTATION_CONTEXT('2D SPACE',''
  ) );
#2238 = ORIENTED_EDGE('',*,*,#2239,.F.);
#2239 = EDGE_CURVE('',#2240,#2219,#2242,.T.);
#2240 = VERTEX_POINT('',#2241);
#2241 = CARTESIAN_POINT('',(14.,-13.57387196049,172.9));
#2242 = SURFACE_CURVE('',#2243,(#2248,#2255),.PCURVE_S1.);
#2243 = CIRCLE('',#2244,19.5);
#2244 = AXIS2_PLACEMENT_3D('',#2245,#2246,#2247);
#2245 = CARTESIAN_POINT('',(0.,0.,172.9));
#2246 = DIRECTION('',(0.,0.,-1.));
#2247 = DIRECTION('',(1.,0.,0.));
#2248 = PCURVE('',#681,#2249);
#2249 = DEFINITIONAL_REPRESENTATION('',(#2250),#2254);
#2250 = LINE('',#2251,#2252);
#2251 = CARTESIAN_POINT('',(-6.28318530718,6.1));
#2252 = VECTOR('',#2253,1.);
#2253 = DIRECTION('',(1.,-0.));
#2254 = ( GEOMETRIC_REPRESENTATION_CONTEXT(2) 
PARAMETRIC_REPRESENTATION_CONTEXT() REPRESENTATION_CONTEXT('2D SPACE',''
  ) );
#2255 = PCURVE('',#2256,#2261);
#2256 = PLANE('',#2257);
#2257 = AXIS2_PLACEMENT_3D('',#2258,#2259,#2260);
#2258 = CARTESIAN_POINT('',(-17.,-18.5,172.9));
#2259 = DIRECTION('',(0.,0.,1.));
#2260 = DIRECTION('',(1.,0.,0.));
#2261 = DEFINITIONAL_REPRESENTATION('',(#2262),#2270);
#2262 = ( BOUNDED_CURVE() B_SPLINE_CURVE(2,(#2263,#2264,#2265,#2266,
#2267,#2268,#2269),.UNSPECIFIED.,.T.,.F.) B_SPLINE_CURVE_WITH_KNOTS((1,2
    ,2,2,2,1),(-2.094395102393,0.,2.094395102393,4.188790204786,
6.28318530718,8.377580409573),.UNSPECIFIED.) CURVE() 
GEOMETRIC_REPRESENTATION_ITEM() RATIONAL_B_SPLINE_CURVE((1.,0.5,1.,0.5,
1.,0.5,1.)) REPRESENTATION_ITEM('') );
#2263 = CARTESIAN_POINT('',(36.5,18.5));
#2264 = CARTESIAN_POINT('',(36.5,-15.27499074759));
#2265 = CARTESIAN_POINT('',(7.25,1.612504626203));
#2266 = CARTESIAN_POINT('',(-22.,18.5));
#2267 = CARTESIAN_POINT('',(7.25,35.387495373797));
#2268 = CARTESIAN_POINT('',(36.5,52.274990747593));
#2269 = CARTESIAN_POINT('',(36.5,18.5));
#2270 = ( GEOMETRIC_REPRESENTATION_CONTEXT(2) 
PARAMETRIC_REPRESENTATION_CONTEXT() REPRESENTATION_CONTEXT('2D SPACE',''
  ) );
#2271 = ORIENTED_EDGE('',*,*,#2272,.F.);
#2272 = EDGE_CURVE('',#773,#2240,#2273,.T.);
#2273 = SURFACE_CURVE('',#2274,(#2278,#2284),.PCURVE_S1.);
#2274 = LINE('',#2275,#2276);
#2275 = CARTESIAN_POINT('',(14.,-13.57387196049,171.9));
#2276 = VECTOR('',#2277,1.);
#2277 = DIRECTION('',(-0.,-0.,-1.));
#2278 = PCURVE('',#681,#2279);
#2279 = DEFINITIONAL_REPRESENTATION('',(#2280),#2283);
#2280 = B_SPLINE_CURVE_WITH_KNOTS('',1,(#2281,#2282),.UNSPECIFIED.,.F.,
  .F.,(2,2),(-8.6000006,-0.29),.PIECEWISE_BEZIER_KNOTS.);
#2281 = CARTESIAN_POINT('',(-5.513239965252,-1.5000006));
#2282 = CARTESIAN_POINT('',(-5.513239965252,6.81));
#2283 = ( GEOMETRIC_REPRESENTATION_CONTEXT(2) 
PARAMETRIC_REPRESENTATION_CONTEXT() REPRESENTATION_CONTEXT('2D SPACE',''
  ) );
#2284 = PCURVE('',#788,#2285);
#2285 = DEFINITIONAL_REPRESENTATION('',(#2286),#2289);
#2286 = B_SPLINE_CURVE_WITH_KNOTS('',1,(#2287,#2288),.UNSPECIFIED.,.F.,
  .F.,(2,2),(-8.6000006,-0.29),.PIECEWISE_BEZIER_KNOTS.);
#2287 = CARTESIAN_POINT('',(7.6000006,-4.926128039502));
#2288 = CARTESIAN_POINT('',(-0.71,-4.926128039502));
#2289 = ( GEOMETRIC_REPRESENTATION_CONTEXT(2) 
PARAMETRIC_REPRESENTATION_CONTEXT() REPRESENTATION_CONTEXT('2D SPACE',''
  ) );
#2290 = ORIENTED_EDGE('',*,*,#800,.T.);
#2291 = ORIENTED_EDGE('',*,*,#2292,.T.);
#2292 = EDGE_CURVE('',#801,#2293,#2295,.T.);
#2293 = VERTEX_POINT('',#2294);
#2294 = CARTESIAN_POINT('',(-14.,-13.57387196049,172.9));
#2295 = SURFACE_CURVE('',#2296,(#2300,#2306),.PCURVE_S1.);
#2296 = LINE('',#2297,#2298);
#2297 = CARTESIAN_POINT('',(-14.,-13.57387196049,171.9));
#2298 = VECTOR('',#2299,1.);
#2299 = DIRECTION('',(-0.,-0.,-1.));
#2300 = PCURVE('',#681,#2301);
#2301 = DEFINITIONAL_REPRESENTATION('',(#2302),#2305);
#2302 = B_SPLINE_CURVE_WITH_KNOTS('',1,(#2303,#2304),.UNSPECIFIED.,.F.,
  .F.,(2,2),(-8.6000006,-0.29),.PIECEWISE_BEZIER_KNOTS.);
#2303 = CARTESIAN_POINT('',(-3.911537995518,-1.5000006));
#2304 = CARTESIAN_POINT('',(-3.911537995518,6.81));
#2305 = ( GEOMETRIC_REPRESENTATION_CONTEXT(2) 
PARAMETRIC_REPRESENTATION_CONTEXT() REPRESENTATION_CONTEXT('2D SPACE',''
  ) );
#2306 = PCURVE('',#844,#2307);
#2307 = DEFINITIONAL_REPRESENTATION('',(#2308),#2311);
#2308 = B_SPLINE_CURVE_WITH_KNOTS('',1,(#2309,#2310),.UNSPECIFIED.,.F.,
  .F.,(2,2),(-8.6000006,-0.29),.PIECEWISE_BEZIER_KNOTS.);
#2309 = CARTESIAN_POINT('',(7.6000006,-4.926128039502));
#2310 = CARTESIAN_POINT('',(-0.71,-4.926128039502));
#2311 = ( GEOMETRIC_REPRESENTATION_CONTEXT(2) 
PARAMETRIC_REPRESENTATION_CONTEXT() REPRESENTATION_CONTEXT('2D SPACE',''
  ) );
#2312 = ORIENTED_EDGE('',*,*,#2313,.F.);
#2313 = EDGE_CURVE('',#2314,#2293,#2316,.T.);
#2314 = VERTEX_POINT('',#2315);
#2315 = CARTESIAN_POINT('',(-6.164414002969,-18.5,172.9));
#2316 = SURFACE_CURVE('',#2317,(#2322,#2329),.PCURVE_S1.);
#2317 = CIRCLE('',#2318,19.5);
#2318 = AXIS2_PLACEMENT_3D('',#2319,#2320,#2321);
#2319 = CARTESIAN_POINT('',(0.,0.,172.9));
#2320 = DIRECTION('',(0.,0.,-1.));
#2321 = DIRECTION('',(1.,0.,0.));
#2322 = PCURVE('',#681,#2323);
#2323 = DEFINITIONAL_REPRESENTATION('',(#2324),#2328);
#2324 = LINE('',#2325,#2326);
#2325 = CARTESIAN_POINT('',(-6.28318530718,6.1));
#2326 = VECTOR('',#2327,1.);
#2327 = DIRECTION('',(1.,-0.));
#2328 = ( GEOMETRIC_REPRESENTATION_CONTEXT(2) 
PARAMETRIC_REPRESENTATION_CONTEXT() REPRESENTATION_CONTEXT('2D SPACE',''
  ) );
#2329 = PCURVE('',#2330,#2335);
#2330 = PLANE('',#2331);
#2331 = AXIS2_PLACEMENT_3D('',#2332,#2333,#2334);
#2332 = CARTESIAN_POINT('',(-17.,-18.5,172.9));
#2333 = DIRECTION('',(0.,0.,1.));
#2334 = DIRECTION('',(1.,0.,0.));
#2335 = DEFINITIONAL_REPRESENTATION('',(#2336),#2344);
#2336 = ( BOUNDED_CURVE() B_SPLINE_CURVE(2,(#2337,#2338,#2339,#2340,
#2341,#2342,#2343),.UNSPECIFIED.,.T.,.F.) B_SPLINE_CURVE_WITH_KNOTS((1,2
    ,2,2,2,1),(-2.094395102393,0.,2.094395102393,4.188790204786,
6.28318530718,8.377580409573),.UNSPECIFIED.) CURVE() 
GEOMETRIC_REPRESENTATION_ITEM() RATIONAL_B_SPLINE_CURVE((1.,0.5,1.,0.5,
1.,0.5,1.)) REPRESENTATION_ITEM('') );
#2337 = CARTESIAN_POINT('',(36.5,18.5));
#2338 = CARTESIAN_POINT('',(36.5,-15.27499074759));
#2339 = CARTESIAN_POINT('',(7.25,1.612504626203));
#2340 = CARTESIAN_POINT('',(-22.,18.5));
#2341 = CARTESIAN_POINT('',(7.25,35.387495373797));
#2342 = CARTESIAN_POINT('',(36.5,52.274990747593));
#2343 = CARTESIAN_POINT('',(36.5,18.5));
#2344 = ( GEOMETRIC_REPRESENTATION_CONTEXT(2) 
PARAMETRIC_REPRESENTATION_CONTEXT() REPRESENTATION_CONTEXT('2D SPACE',''
  ) );
#2345 = ORIENTED_EDGE('',*,*,#2346,.T.);
#2346 = EDGE_CURVE('',#2314,#2347,#2349,.T.);
#2347 = VERTEX_POINT('',#2348);
#2348 = CARTESIAN_POINT('',(-6.164414002969,-18.5,171.9));
#2349 = SURFACE_CURVE('',#2350,(#2354,#2360),.PCURVE_S1.);
#2350 = LINE('',#2351,#2352);
#2351 = CARTESIAN_POINT('',(-6.164414002969,-18.5,171.9));
#2352 = VECTOR('',#2353,1.);
#2353 = DIRECTION('',(-0.,-0.,-1.));
#2354 = PCURVE('',#681,#2355);
#2355 = DEFINITIONAL_REPRESENTATION('',(#2356),#2359);
#2356 = B_SPLINE_CURVE_WITH_KNOTS('',1,(#2357,#2358),.UNSPECIFIED.,.F.,
  .F.,(2,2),(-8.6000006,5.999999928008E-07),.PIECEWISE_BEZIER_KNOTS.);
#2357 = CARTESIAN_POINT('',(-4.390748019036,-1.5000006));
#2358 = CARTESIAN_POINT('',(-4.390748019036,7.1000006));
#2359 = ( GEOMETRIC_REPRESENTATION_CONTEXT(2) 
PARAMETRIC_REPRESENTATION_CONTEXT() REPRESENTATION_CONTEXT('2D SPACE',''
  ) );
#2360 = PCURVE('',#760,#2361);
#2361 = DEFINITIONAL_REPRESENTATION('',(#2362),#2365);
#2362 = B_SPLINE_CURVE_WITH_KNOTS('',1,(#2363,#2364),.UNSPECIFIED.,.F.,
  .F.,(2,2),(-8.6000006,5.999999928008E-07),.PIECEWISE_BEZIER_KNOTS.);
#2363 = CARTESIAN_POINT('',(20.1000006,10.835585997031));
#2364 = CARTESIAN_POINT('',(11.4999994,10.835585997031));
#2365 = ( GEOMETRIC_REPRESENTATION_CONTEXT(2) 
PARAMETRIC_REPRESENTATION_CONTEXT() REPRESENTATION_CONTEXT('2D SPACE',''
  ) );
#2366 = ORIENTED_EDGE('',*,*,#2367,.F.);
#2367 = EDGE_CURVE('',#2074,#2347,#2368,.T.);
#2368 = SURFACE_CURVE('',#2369,(#2374,#2381),.PCURVE_S1.);
#2369 = CIRCLE('',#2370,19.5);
#2370 = AXIS2_PLACEMENT_3D('',#2371,#2372,#2373);
#2371 = CARTESIAN_POINT('',(0.,0.,171.9));
#2372 = DIRECTION('',(0.,0.,1.));
#2373 = DIRECTION('',(1.,0.,0.));
#2374 = PCURVE('',#681,#2375);
#2375 = DEFINITIONAL_REPRESENTATION('',(#2376),#2380);
#2376 = LINE('',#2377,#2378);
#2377 = CARTESIAN_POINT('',(-0.,7.1));
#2378 = VECTOR('',#2379,1.);
#2379 = DIRECTION('',(-1.,0.));
#2380 = ( GEOMETRIC_REPRESENTATION_CONTEXT(2) 
PARAMETRIC_REPRESENTATION_CONTEXT() REPRESENTATION_CONTEXT('2D SPACE',''
  ) );
#2381 = PCURVE('',#2088,#2382);
#2382 = DEFINITIONAL_REPRESENTATION('',(#2383),#2387);
#2383 = CIRCLE('',#2384,19.5);
#2384 = AXIS2_PLACEMENT_2D('',#2385,#2386);
#2385 = CARTESIAN_POINT('',(2.805005400081E-15,-3.259817405866E-16));
#2386 = DIRECTION('',(1.,0.));
#2387 = ( GEOMETRIC_REPRESENTATION_CONTEXT(2) 
PARAMETRIC_REPRESENTATION_CONTEXT() REPRESENTATION_CONTEXT('2D SPACE',''
  ) );
#2388 = ORIENTED_EDGE('',*,*,#2099,.F.);
#2389 = ORIENTED_EDGE('',*,*,#907,.T.);
#2390 = ORIENTED_EDGE('',*,*,#2052,.T.);
#2391 = ORIENTED_EDGE('',*,*,#2392,.F.);
#2392 = EDGE_CURVE('',#2393,#2053,#2395,.T.);
#2393 = VERTEX_POINT('',#2394);
#2394 = CARTESIAN_POINT('',(17.,9.552486587271,171.9));
#2395 = SURFACE_CURVE('',#2396,(#2401,#2408),.PCURVE_S1.);
#2396 = CIRCLE('',#2397,19.5);
#2397 = AXIS2_PLACEMENT_3D('',#2398,#2399,#2400);
#2398 = CARTESIAN_POINT('',(0.,0.,171.9));
#2399 = DIRECTION('',(0.,0.,1.));
#2400 = DIRECTION('',(1.,0.,0.));
#2401 = PCURVE('',#681,#2402);
#2402 = DEFINITIONAL_REPRESENTATION('',(#2403),#2407);
#2403 = LINE('',#2404,#2405);
#2404 = CARTESIAN_POINT('',(-0.,7.1));
#2405 = VECTOR('',#2406,1.);
#2406 = DIRECTION('',(-1.,0.));
#2407 = ( GEOMETRIC_REPRESENTATION_CONTEXT(2) 
PARAMETRIC_REPRESENTATION_CONTEXT() REPRESENTATION_CONTEXT('2D SPACE',''
  ) );
#2408 = PCURVE('',#2088,#2409);
#2409 = DEFINITIONAL_REPRESENTATION('',(#2410),#2414);
#2410 = CIRCLE('',#2411,19.5);
#2411 = AXIS2_PLACEMENT_2D('',#2412,#2413);
#2412 = CARTESIAN_POINT('',(2.805005400081E-15,-3.259817405866E-16));
#2413 = DIRECTION('',(1.,0.));
#2414 = ( GEOMETRIC_REPRESENTATION_CONTEXT(2) 
PARAMETRIC_REPRESENTATION_CONTEXT() REPRESENTATION_CONTEXT('2D SPACE',''
  ) );
#2415 = ORIENTED_EDGE('',*,*,#2416,.F.);
#2416 = EDGE_CURVE('',#633,#2393,#2417,.T.);
#2417 = SURFACE_CURVE('',#2418,(#2422,#2428),.PCURVE_S1.);
#2418 = LINE('',#2419,#2420);
#2419 = CARTESIAN_POINT('',(17.,9.552486587271,171.9));
#2420 = VECTOR('',#2421,1.);
#2421 = DIRECTION('',(-0.,-0.,-1.));
#2422 = PCURVE('',#681,#2423);
#2423 = DEFINITIONAL_REPRESENTATION('',(#2424),#2427);
#2424 = B_SPLINE_CURVE_WITH_KNOTS('',1,(#2425,#2426),.UNSPECIFIED.,.F.,
  .F.,(2,2),(-8.6000006,5.999999928008E-07),.PIECEWISE_BEZIER_KNOTS.);
#2425 = CARTESIAN_POINT('',(-0.511941898984,-1.5000006));
#2426 = CARTESIAN_POINT('',(-0.511941898984,7.1000006));
#2427 = ( GEOMETRIC_REPRESENTATION_CONTEXT(2) 
PARAMETRIC_REPRESENTATION_CONTEXT() REPRESENTATION_CONTEXT('2D SPACE',''
  ) );
#2428 = PCURVE('',#648,#2429);
#2429 = DEFINITIONAL_REPRESENTATION('',(#2430),#2433);
#2430 = B_SPLINE_CURVE_WITH_KNOTS('',1,(#2431,#2432),.UNSPECIFIED.,.F.,
  .F.,(2,2),(-8.6000006,5.999999928008E-07),.PIECEWISE_BEZIER_KNOTS.);
#2431 = CARTESIAN_POINT('',(20.1000006,-28.05248658727));
#2432 = CARTESIAN_POINT('',(11.4999994,-28.05248658727));
#2433 = ( GEOMETRIC_REPRESENTATION_CONTEXT(2) 
PARAMETRIC_REPRESENTATION_CONTEXT() REPRESENTATION_CONTEXT('2D SPACE',''
  ) );
#2434 = ORIENTED_EDGE('',*,*,#660,.T.);
#2435 = ORIENTED_EDGE('',*,*,#2151,.T.);
#2436 = FACE_BOUND('',#2437,.T.);
#2437 = EDGE_LOOP('',(#2438,#2468,#2494,#2527));
#2438 = ORIENTED_EDGE('',*,*,#2439,.T.);
#2439 = EDGE_CURVE('',#2440,#2442,#2444,.T.);
#2440 = VERTEX_POINT('',#2441);
#2441 = CARTESIAN_POINT('',(-14.,13.573871960498,180.));
#2442 = VERTEX_POINT('',#2443);
#2443 = CARTESIAN_POINT('',(14.,13.573871960498,180.));
#2444 = SURFACE_CURVE('',#2445,(#2450,#2457),.PCURVE_S1.);
#2445 = CIRCLE('',#2446,19.5);
#2446 = AXIS2_PLACEMENT_3D('',#2447,#2448,#2449);
#2447 = CARTESIAN_POINT('',(0.,0.,180.));
#2448 = DIRECTION('',(0.,0.,-1.));
#2449 = DIRECTION('',(1.,0.,0.));
#2450 = PCURVE('',#681,#2451);
#2451 = DEFINITIONAL_REPRESENTATION('',(#2452),#2456);
#2452 = LINE('',#2453,#2454);
#2453 = CARTESIAN_POINT('',(-6.28318530718,-1.));
#2454 = VECTOR('',#2455,1.);
#2455 = DIRECTION('',(1.,-0.));
#2456 = ( GEOMETRIC_REPRESENTATION_CONTEXT(2) 
PARAMETRIC_REPRESENTATION_CONTEXT() REPRESENTATION_CONTEXT('2D SPACE',''
  ) );
#2457 = PCURVE('',#1910,#2458);
#2458 = DEFINITIONAL_REPRESENTATION('',(#2459),#2467);
#2459 = ( BOUNDED_CURVE() B_SPLINE_CURVE(2,(#2460,#2461,#2462,#2463,
#2464,#2465,#2466),.UNSPECIFIED.,.T.,.F.) B_SPLINE_CURVE_WITH_KNOTS((1,2
    ,2,2,2,1),(-2.094395102393,0.,2.094395102393,4.188790204786,
6.28318530718,8.377580409573),.UNSPECIFIED.) CURVE() 
GEOMETRIC_REPRESENTATION_ITEM() RATIONAL_B_SPLINE_CURVE((1.,0.5,1.,0.5,
1.,0.5,1.)) REPRESENTATION_ITEM('') );
#2460 = CARTESIAN_POINT('',(59.5,32.));
#2461 = CARTESIAN_POINT('',(59.5,-1.774990747593));
#2462 = CARTESIAN_POINT('',(30.25,15.112504626203));
#2463 = CARTESIAN_POINT('',(1.,32.));
#2464 = CARTESIAN_POINT('',(30.25,48.887495373797));
#2465 = CARTESIAN_POINT('',(59.5,65.774990747593));
#2466 = CARTESIAN_POINT('',(59.5,32.));
#2467 = ( GEOMETRIC_REPRESENTATION_CONTEXT(2) 
PARAMETRIC_REPRESENTATION_CONTEXT() REPRESENTATION_CONTEXT('2D SPACE',''
  ) );
#2468 = ORIENTED_EDGE('',*,*,#2469,.T.);
#2469 = EDGE_CURVE('',#2442,#2470,#2472,.T.);
#2470 = VERTEX_POINT('',#2471);
#2471 = CARTESIAN_POINT('',(14.,13.573871960498,172.9));
#2472 = SURFACE_CURVE('',#2473,(#2477,#2483),.PCURVE_S1.);
#2473 = LINE('',#2474,#2475);
#2474 = CARTESIAN_POINT('',(14.,13.573871960498,171.9));
#2475 = VECTOR('',#2476,1.);
#2476 = DIRECTION('',(-0.,-0.,-1.));
#2477 = PCURVE('',#681,#2478);
#2478 = DEFINITIONAL_REPRESENTATION('',(#2479),#2482);
#2479 = B_SPLINE_CURVE_WITH_KNOTS('',1,(#2480,#2481),.UNSPECIFIED.,.F.,
  .F.,(2,2),(-8.6000006,-0.29),.PIECEWISE_BEZIER_KNOTS.);
#2480 = CARTESIAN_POINT('',(-0.769945341928,-1.5000006));
#2481 = CARTESIAN_POINT('',(-0.769945341928,6.81));
#2482 = ( GEOMETRIC_REPRESENTATION_CONTEXT(2) 
PARAMETRIC_REPRESENTATION_CONTEXT() REPRESENTATION_CONTEXT('2D SPACE',''
  ) );
#2483 = PCURVE('',#2484,#2489);
#2484 = PLANE('',#2485);
#2485 = AXIS2_PLACEMENT_3D('',#2486,#2487,#2488);
#2486 = CARTESIAN_POINT('',(14.,-18.5,172.9));
#2487 = DIRECTION('',(1.,0.,0.));
#2488 = DIRECTION('',(0.,0.,1.));
#2489 = DEFINITIONAL_REPRESENTATION('',(#2490),#2493);
#2490 = B_SPLINE_CURVE_WITH_KNOTS('',1,(#2491,#2492),.UNSPECIFIED.,.F.,
  .F.,(2,2),(-8.6000006,-0.29),.PIECEWISE_BEZIER_KNOTS.);
#2491 = CARTESIAN_POINT('',(7.6000006,-32.07387196049));
#2492 = CARTESIAN_POINT('',(-0.71,-32.07387196049));
#2493 = ( GEOMETRIC_REPRESENTATION_CONTEXT(2) 
PARAMETRIC_REPRESENTATION_CONTEXT() REPRESENTATION_CONTEXT('2D SPACE',''
  ) );
#2494 = ORIENTED_EDGE('',*,*,#2495,.F.);
#2495 = EDGE_CURVE('',#2496,#2470,#2498,.T.);
#2496 = VERTEX_POINT('',#2497);
#2497 = CARTESIAN_POINT('',(-14.,13.573871960498,172.9));
#2498 = SURFACE_CURVE('',#2499,(#2504,#2511),.PCURVE_S1.);
#2499 = CIRCLE('',#2500,19.5);
#2500 = AXIS2_PLACEMENT_3D('',#2501,#2502,#2503);
#2501 = CARTESIAN_POINT('',(0.,0.,172.9));
#2502 = DIRECTION('',(0.,0.,-1.));
#2503 = DIRECTION('',(1.,0.,0.));
#2504 = PCURVE('',#681,#2505);
#2505 = DEFINITIONAL_REPRESENTATION('',(#2506),#2510);
#2506 = LINE('',#2507,#2508);
#2507 = CARTESIAN_POINT('',(-6.28318530718,6.1));
#2508 = VECTOR('',#2509,1.);
#2509 = DIRECTION('',(1.,-0.));
#2510 = ( GEOMETRIC_REPRESENTATION_CONTEXT(2) 
PARAMETRIC_REPRESENTATION_CONTEXT() REPRESENTATION_CONTEXT('2D SPACE',''
  ) );
#2511 = PCURVE('',#2512,#2517);
#2512 = PLANE('',#2513);
#2513 = AXIS2_PLACEMENT_3D('',#2514,#2515,#2516);
#2514 = CARTESIAN_POINT('',(-17.,-18.5,172.9));
#2515 = DIRECTION('',(0.,0.,1.));
#2516 = DIRECTION('',(1.,0.,0.));
#2517 = DEFINITIONAL_REPRESENTATION('',(#2518),#2526);
#2518 = ( BOUNDED_CURVE() B_SPLINE_CURVE(2,(#2519,#2520,#2521,#2522,
#2523,#2524,#2525),.UNSPECIFIED.,.T.,.F.) B_SPLINE_CURVE_WITH_KNOTS((1,2
    ,2,2,2,1),(-2.094395102393,0.,2.094395102393,4.188790204786,
6.28318530718,8.377580409573),.UNSPECIFIED.) CURVE() 
GEOMETRIC_REPRESENTATION_ITEM() RATIONAL_B_SPLINE_CURVE((1.,0.5,1.,0.5,
1.,0.5,1.)) REPRESENTATION_ITEM('') );
#2519 = CARTESIAN_POINT('',(36.5,18.5));
#2520 = CARTESIAN_POINT('',(36.5,-15.27499074759));
#2521 = CARTESIAN_POINT('',(7.25,1.612504626203));
#2522 = CARTESIAN_POINT('',(-22.,18.5));
#2523 = CARTESIAN_POINT('',(7.25,35.387495373797));
#2524 = CARTESIAN_POINT('',(36.5,52.274990747593));
#2525 = CARTESIAN_POINT('',(36.5,18.5));
#2526 = ( GEOMETRIC_REPRESENTATION_CONTEXT(2) 
PARAMETRIC_REPRESENTATION_CONTEXT() REPRESENTATION_CONTEXT('2D SPACE',''
  ) );
#2527 = ORIENTED_EDGE('',*,*,#2528,.F.);
#2528 = EDGE_CURVE('',#2440,#2496,#2529,.T.);
#2529 = SURFACE_CURVE('',#2530,(#2534,#2540),.PCURVE_S1.);
#2530 = LINE('',#2531,#2532);
#2531 = CARTESIAN_POINT('',(-14.,13.573871960498,171.9));
#2532 = VECTOR('',#2533,1.);
#2533 = DIRECTION('',(-0.,-0.,-1.));
#2534 = PCURVE('',#681,#2535);
#2535 = DEFINITIONAL_REPRESENTATION('',(#2536),#2539);
#2536 = B_SPLINE_CURVE_WITH_KNOTS('',1,(#2537,#2538),.UNSPECIFIED.,.F.,
  .F.,(2,2),(-8.6000006,-0.29),.PIECEWISE_BEZIER_KNOTS.);
#2537 = CARTESIAN_POINT('',(-2.371647311662,-1.5000006));
#2538 = CARTESIAN_POINT('',(-2.371647311662,6.81));
#2539 = ( GEOMETRIC_REPRESENTATION_CONTEXT(2) 
PARAMETRIC_REPRESENTATION_CONTEXT() REPRESENTATION_CONTEXT('2D SPACE',''
  ) );
#2540 = PCURVE('',#2541,#2546);
#2541 = PLANE('',#2542);
#2542 = AXIS2_PLACEMENT_3D('',#2543,#2544,#2545);
#2543 = CARTESIAN_POINT('',(-14.,-18.5,172.9));
#2544 = DIRECTION('',(1.,0.,0.));
#2545 = DIRECTION('',(0.,0.,1.));
#2546 = DEFINITIONAL_REPRESENTATION('',(#2547),#2550);
#2547 = B_SPLINE_CURVE_WITH_KNOTS('',1,(#2548,#2549),.UNSPECIFIED.,.F.,
  .F.,(2,2),(-8.6000006,-0.29),.PIECEWISE_BEZIER_KNOTS.);
#2548 = CARTESIAN_POINT('',(7.6000006,-32.07387196049));
#2549 = CARTESIAN_POINT('',(-0.71,-32.07387196049));
#2550 = ( GEOMETRIC_REPRESENTATION_CONTEXT(2) 
PARAMETRIC_REPRESENTATION_CONTEXT() REPRESENTATION_CONTEXT('2D SPACE',''
  ) );
#2551 = ADVANCED_FACE('',(#2552,#2816),#760,.F.);
#2552 = FACE_BOUND('',#2553,.F.);
#2553 = EDGE_LOOP('',(#2554,#2577,#2578,#2579,#2602,#2623,#2624,#2643,
    #2644,#2667,#2688,#2689,#2712,#2740,#2766,#2792));
#2554 = ORIENTED_EDGE('',*,*,#2555,.F.);
#2555 = EDGE_CURVE('',#1952,#2556,#2558,.T.);
#2556 = VERTEX_POINT('',#2557);
#2557 = CARTESIAN_POINT('',(-1.5,-18.5,160.4));
#2558 = SURFACE_CURVE('',#2559,(#2563,#2570),.PCURVE_S1.);
#2559 = LINE('',#2560,#2561);
#2560 = CARTESIAN_POINT('',(-17.,-18.5,160.4));
#2561 = VECTOR('',#2562,1.);
#2562 = DIRECTION('',(1.,0.,0.));
#2563 = PCURVE('',#760,#2564);
#2564 = DEFINITIONAL_REPRESENTATION('',(#2565),#2569);
#2565 = LINE('',#2566,#2567);
#2566 = CARTESIAN_POINT('',(0.,0.));
#2567 = VECTOR('',#2568,1.);
#2568 = DIRECTION('',(0.,1.));
#2569 = ( GEOMETRIC_REPRESENTATION_CONTEXT(2) 
PARAMETRIC_REPRESENTATION_CONTEXT() REPRESENTATION_CONTEXT('2D SPACE',''
  ) );
#2570 = PCURVE('',#1990,#2571);
#2571 = DEFINITIONAL_REPRESENTATION('',(#2572),#2576);
#2572 = LINE('',#2573,#2574);
#2573 = CARTESIAN_POINT('',(0.,0.));
#2574 = VECTOR('',#2575,1.);
#2575 = DIRECTION('',(1.,0.));
#2576 = ( GEOMETRIC_REPRESENTATION_CONTEXT(2) 
PARAMETRIC_REPRESENTATION_CONTEXT() REPRESENTATION_CONTEXT('2D SPACE',''
  ) );
#2577 = ORIENTED_EDGE('',*,*,#1951,.T.);
#2578 = ORIENTED_EDGE('',*,*,#856,.T.);
#2579 = ORIENTED_EDGE('',*,*,#2580,.F.);
#2580 = EDGE_CURVE('',#2581,#829,#2583,.T.);
#2581 = VERTEX_POINT('',#2582);
#2582 = CARTESIAN_POINT('',(-14.,-18.5,172.9));
#2583 = SURFACE_CURVE('',#2584,(#2588,#2595),.PCURVE_S1.);
#2584 = LINE('',#2585,#2586);
#2585 = CARTESIAN_POINT('',(-14.,-18.5,172.9));
#2586 = VECTOR('',#2587,1.);
#2587 = DIRECTION('',(0.,0.,1.));
#2588 = PCURVE('',#760,#2589);
#2589 = DEFINITIONAL_REPRESENTATION('',(#2590),#2594);
#2590 = LINE('',#2591,#2592);
#2591 = CARTESIAN_POINT('',(12.5,3.));
#2592 = VECTOR('',#2593,1.);
#2593 = DIRECTION('',(1.,0.));
#2594 = ( GEOMETRIC_REPRESENTATION_CONTEXT(2) 
PARAMETRIC_REPRESENTATION_CONTEXT() REPRESENTATION_CONTEXT('2D SPACE',''
  ) );
#2595 = PCURVE('',#844,#2596);
#2596 = DEFINITIONAL_REPRESENTATION('',(#2597),#2601);
#2597 = LINE('',#2598,#2599);
#2598 = CARTESIAN_POINT('',(0.,0.));
#2599 = VECTOR('',#2600,1.);
#2600 = DIRECTION('',(1.,0.));
#2601 = ( GEOMETRIC_REPRESENTATION_CONTEXT(2) 
PARAMETRIC_REPRESENTATION_CONTEXT() REPRESENTATION_CONTEXT('2D SPACE',''
  ) );
#2602 = ORIENTED_EDGE('',*,*,#2603,.T.);
#2603 = EDGE_CURVE('',#2581,#2314,#2604,.T.);
#2604 = SURFACE_CURVE('',#2605,(#2609,#2616),.PCURVE_S1.);
#2605 = LINE('',#2606,#2607);
#2606 = CARTESIAN_POINT('',(-17.,-18.5,172.9));
#2607 = VECTOR('',#2608,1.);
#2608 = DIRECTION('',(1.,0.,0.));
#2609 = PCURVE('',#760,#2610);
#2610 = DEFINITIONAL_REPRESENTATION('',(#2611),#2615);
#2611 = LINE('',#2612,#2613);
#2612 = CARTESIAN_POINT('',(12.5,0.));
#2613 = VECTOR('',#2614,1.);
#2614 = DIRECTION('',(0.,1.));
#2615 = ( GEOMETRIC_REPRESENTATION_CONTEXT(2) 
PARAMETRIC_REPRESENTATION_CONTEXT() REPRESENTATION_CONTEXT('2D SPACE',''
  ) );
#2616 = PCURVE('',#2330,#2617);
#2617 = DEFINITIONAL_REPRESENTATION('',(#2618),#2622);
#2618 = LINE('',#2619,#2620);
#2619 = CARTESIAN_POINT('',(0.,0.));
#2620 = VECTOR('',#2621,1.);
#2621 = DIRECTION('',(1.,0.));
#2622 = ( GEOMETRIC_REPRESENTATION_CONTEXT(2) 
PARAMETRIC_REPRESENTATION_CONTEXT() REPRESENTATION_CONTEXT('2D SPACE',''
  ) );
#2623 = ORIENTED_EDGE('',*,*,#2346,.T.);
#2624 = ORIENTED_EDGE('',*,*,#2625,.T.);
#2625 = EDGE_CURVE('',#2347,#2195,#2626,.T.);
#2626 = SURFACE_CURVE('',#2627,(#2631,#2637),.PCURVE_S1.);
#2627 = LINE('',#2628,#2629);
#2628 = CARTESIAN_POINT('',(-8.5,-18.5,171.9));
#2629 = VECTOR('',#2630,1.);
#2630 = DIRECTION('',(1.,0.,0.));
#2631 = PCURVE('',#760,#2632);
#2632 = DEFINITIONAL_REPRESENTATION('',(#2633),#2636);
#2633 = B_SPLINE_CURVE_WITH_KNOTS('',1,(#2634,#2635),.UNSPECIFIED.,.F.,
  .F.,(2,2),(-8.5,25.5),.PIECEWISE_BEZIER_KNOTS.);
#2634 = CARTESIAN_POINT('',(11.5,0.));
#2635 = CARTESIAN_POINT('',(11.5,34.));
#2636 = ( GEOMETRIC_REPRESENTATION_CONTEXT(2) 
PARAMETRIC_REPRESENTATION_CONTEXT() REPRESENTATION_CONTEXT('2D SPACE',''
  ) );
#2637 = PCURVE('',#2088,#2638);
#2638 = DEFINITIONAL_REPRESENTATION('',(#2639),#2642);
#2639 = B_SPLINE_CURVE_WITH_KNOTS('',1,(#2640,#2641),.UNSPECIFIED.,.F.,
  .F.,(2,2),(-8.5,25.5),.PIECEWISE_BEZIER_KNOTS.);
#2640 = CARTESIAN_POINT('',(-17.,-18.5));
#2641 = CARTESIAN_POINT('',(17.,-18.5));
#2642 = ( GEOMETRIC_REPRESENTATION_CONTEXT(2) 
PARAMETRIC_REPRESENTATION_CONTEXT() REPRESENTATION_CONTEXT('2D SPACE',''
  ) );
#2643 = ORIENTED_EDGE('',*,*,#2218,.F.);
#2644 = ORIENTED_EDGE('',*,*,#2645,.T.);
#2645 = EDGE_CURVE('',#2219,#2646,#2648,.T.);
#2646 = VERTEX_POINT('',#2647);
#2647 = CARTESIAN_POINT('',(14.,-18.5,172.9));
#2648 = SURFACE_CURVE('',#2649,(#2653,#2660),.PCURVE_S1.);
#2649 = LINE('',#2650,#2651);
#2650 = CARTESIAN_POINT('',(-17.,-18.5,172.9));
#2651 = VECTOR('',#2652,1.);
#2652 = DIRECTION('',(1.,0.,0.));
#2653 = PCURVE('',#760,#2654);
#2654 = DEFINITIONAL_REPRESENTATION('',(#2655),#2659);
#2655 = LINE('',#2656,#2657);
#2656 = CARTESIAN_POINT('',(12.5,0.));
#2657 = VECTOR('',#2658,1.);
#2658 = DIRECTION('',(0.,1.));
#2659 = ( GEOMETRIC_REPRESENTATION_CONTEXT(2) 
PARAMETRIC_REPRESENTATION_CONTEXT() REPRESENTATION_CONTEXT('2D SPACE',''
  ) );
#2660 = PCURVE('',#2256,#2661);
#2661 = DEFINITIONAL_REPRESENTATION('',(#2662),#2666);
#2662 = LINE('',#2663,#2664);
#2663 = CARTESIAN_POINT('',(0.,0.));
#2664 = VECTOR('',#2665,1.);
#2665 = DIRECTION('',(1.,0.));
#2666 = ( GEOMETRIC_REPRESENTATION_CONTEXT(2) 
PARAMETRIC_REPRESENTATION_CONTEXT() REPRESENTATION_CONTEXT('2D SPACE',''
  ) );
#2667 = ORIENTED_EDGE('',*,*,#2668,.T.);
#2668 = EDGE_CURVE('',#2646,#745,#2669,.T.);
#2669 = SURFACE_CURVE('',#2670,(#2674,#2681),.PCURVE_S1.);
#2670 = LINE('',#2671,#2672);
#2671 = CARTESIAN_POINT('',(14.,-18.5,172.9));
#2672 = VECTOR('',#2673,1.);
#2673 = DIRECTION('',(0.,0.,1.));
#2674 = PCURVE('',#760,#2675);
#2675 = DEFINITIONAL_REPRESENTATION('',(#2676),#2680);
#2676 = LINE('',#2677,#2678);
#2677 = CARTESIAN_POINT('',(12.5,31.));
#2678 = VECTOR('',#2679,1.);
#2679 = DIRECTION('',(1.,0.));
#2680 = ( GEOMETRIC_REPRESENTATION_CONTEXT(2) 
PARAMETRIC_REPRESENTATION_CONTEXT() REPRESENTATION_CONTEXT('2D SPACE',''
  ) );
#2681 = PCURVE('',#788,#2682);
#2682 = DEFINITIONAL_REPRESENTATION('',(#2683),#2687);
#2683 = LINE('',#2684,#2685);
#2684 = CARTESIAN_POINT('',(0.,0.));
#2685 = VECTOR('',#2686,1.);
#2686 = DIRECTION('',(1.,0.));
#2687 = ( GEOMETRIC_REPRESENTATION_CONTEXT(2) 
PARAMETRIC_REPRESENTATION_CONTEXT() REPRESENTATION_CONTEXT('2D SPACE',''
  ) );
#2688 = ORIENTED_EDGE('',*,*,#744,.T.);
#2689 = ORIENTED_EDGE('',*,*,#2690,.F.);
#2690 = EDGE_CURVE('',#2691,#722,#2693,.T.);
#2691 = VERTEX_POINT('',#2692);
#2692 = CARTESIAN_POINT('',(17.,-18.5,160.4));
#2693 = SURFACE_CURVE('',#2694,(#2698,#2705),.PCURVE_S1.);
#2694 = LINE('',#2695,#2696);
#2695 = CARTESIAN_POINT('',(17.,-18.5,160.4));
#2696 = VECTOR('',#2697,1.);
#2697 = DIRECTION('',(0.,0.,1.));
#2698 = PCURVE('',#760,#2699);
#2699 = DEFINITIONAL_REPRESENTATION('',(#2700),#2704);
#2700 = LINE('',#2701,#2702);
#2701 = CARTESIAN_POINT('',(0.,34.));
#2702 = VECTOR('',#2703,1.);
#2703 = DIRECTION('',(1.,0.));
#2704 = ( GEOMETRIC_REPRESENTATION_CONTEXT(2) 
PARAMETRIC_REPRESENTATION_CONTEXT() REPRESENTATION_CONTEXT('2D SPACE',''
  ) );
#2705 = PCURVE('',#648,#2706);
#2706 = DEFINITIONAL_REPRESENTATION('',(#2707),#2711);
#2707 = LINE('',#2708,#2709);
#2708 = CARTESIAN_POINT('',(0.,0.));
#2709 = VECTOR('',#2710,1.);
#2710 = DIRECTION('',(1.,0.));
#2711 = ( GEOMETRIC_REPRESENTATION_CONTEXT(2) 
PARAMETRIC_REPRESENTATION_CONTEXT() REPRESENTATION_CONTEXT('2D SPACE',''
  ) );
#2712 = ORIENTED_EDGE('',*,*,#2713,.F.);
#2713 = EDGE_CURVE('',#2714,#2691,#2716,.T.);
#2714 = VERTEX_POINT('',#2715);
#2715 = CARTESIAN_POINT('',(1.5,-18.5,160.4));
#2716 = SURFACE_CURVE('',#2717,(#2721,#2728),.PCURVE_S1.);
#2717 = LINE('',#2718,#2719);
#2718 = CARTESIAN_POINT('',(-17.,-18.5,160.4));
#2719 = VECTOR('',#2720,1.);
#2720 = DIRECTION('',(1.,0.,0.));
#2721 = PCURVE('',#760,#2722);
#2722 = DEFINITIONAL_REPRESENTATION('',(#2723),#2727);
#2723 = LINE('',#2724,#2725);
#2724 = CARTESIAN_POINT('',(0.,0.));
#2725 = VECTOR('',#2726,1.);
#2726 = DIRECTION('',(0.,1.));
#2727 = ( GEOMETRIC_REPRESENTATION_CONTEXT(2) 
PARAMETRIC_REPRESENTATION_CONTEXT() REPRESENTATION_CONTEXT('2D SPACE',''
  ) );
#2728 = PCURVE('',#2729,#2734);
#2729 = PLANE('',#2730);
#2730 = AXIS2_PLACEMENT_3D('',#2731,#2732,#2733);
#2731 = CARTESIAN_POINT('',(-17.,-18.5,160.4));
#2732 = DIRECTION('',(0.,0.,1.));
#2733 = DIRECTION('',(1.,0.,0.));
#2734 = DEFINITIONAL_REPRESENTATION('',(#2735),#2739);
#2735 = LINE('',#2736,#2737);
#2736 = CARTESIAN_POINT('',(0.,0.));
#2737 = VECTOR('',#2738,1.);
#2738 = DIRECTION('',(1.,0.));
#2739 = ( GEOMETRIC_REPRESENTATION_CONTEXT(2) 
PARAMETRIC_REPRESENTATION_CONTEXT() REPRESENTATION_CONTEXT('2D SPACE',''
  ) );
#2740 = ORIENTED_EDGE('',*,*,#2741,.F.);
#2741 = EDGE_CURVE('',#2742,#2714,#2744,.T.);
#2742 = VERTEX_POINT('',#2743);
#2743 = CARTESIAN_POINT('',(1.5,-18.5,162.9));
#2744 = SURFACE_CURVE('',#2745,(#2749,#2755),.PCURVE_S1.);
#2745 = LINE('',#2746,#2747);
#2746 = CARTESIAN_POINT('',(1.5,-18.5,160.4));
#2747 = VECTOR('',#2748,1.);
#2748 = DIRECTION('',(0.,0.,-1.));
#2749 = PCURVE('',#760,#2750);
#2750 = DEFINITIONAL_REPRESENTATION('',(#2751),#2754);
#2751 = B_SPLINE_CURVE_WITH_KNOTS('',1,(#2752,#2753),.UNSPECIFIED.,.F.,
  .F.,(2,2),(-2.5,0.),.PIECEWISE_BEZIER_KNOTS.);
#2752 = CARTESIAN_POINT('',(2.5,18.5));
#2753 = CARTESIAN_POINT('',(0.,18.5));
#2754 = ( GEOMETRIC_REPRESENTATION_CONTEXT(2) 
PARAMETRIC_REPRESENTATION_CONTEXT() REPRESENTATION_CONTEXT('2D SPACE',''
  ) );
#2755 = PCURVE('',#2756,#2761);
#2756 = PLANE('',#2757);
#2757 = AXIS2_PLACEMENT_3D('',#2758,#2759,#2760);
#2758 = CARTESIAN_POINT('',(1.5,-19.5,160.4));
#2759 = DIRECTION('',(1.,0.,0.));
#2760 = DIRECTION('',(0.,0.,1.));
#2761 = DEFINITIONAL_REPRESENTATION('',(#2762),#2765);
#2762 = B_SPLINE_CURVE_WITH_KNOTS('',1,(#2763,#2764),.UNSPECIFIED.,.F.,
  .F.,(2,2),(-2.5,0.),.PIECEWISE_BEZIER_KNOTS.);
#2763 = CARTESIAN_POINT('',(2.5,-1.));
#2764 = CARTESIAN_POINT('',(0.,-1.));
#2765 = ( GEOMETRIC_REPRESENTATION_CONTEXT(2) 
PARAMETRIC_REPRESENTATION_CONTEXT() REPRESENTATION_CONTEXT('2D SPACE',''
  ) );
#2766 = ORIENTED_EDGE('',*,*,#2767,.F.);
#2767 = EDGE_CURVE('',#2768,#2742,#2770,.T.);
#2768 = VERTEX_POINT('',#2769);
#2769 = CARTESIAN_POINT('',(-1.5,-18.5,162.9));
#2770 = SURFACE_CURVE('',#2771,(#2775,#2781),.PCURVE_S1.);
#2771 = LINE('',#2772,#2773);
#2772 = CARTESIAN_POINT('',(-9.25,-18.5,162.9));
#2773 = VECTOR('',#2774,1.);
#2774 = DIRECTION('',(1.,0.,0.));
#2775 = PCURVE('',#760,#2776);
#2776 = DEFINITIONAL_REPRESENTATION('',(#2777),#2780);
#2777 = B_SPLINE_CURVE_WITH_KNOTS('',1,(#2778,#2779),.UNSPECIFIED.,.F.,
  .F.,(2,2),(7.75,10.75),.PIECEWISE_BEZIER_KNOTS.);
#2778 = CARTESIAN_POINT('',(2.5,15.5));
#2779 = CARTESIAN_POINT('',(2.5,18.5));
#2780 = ( GEOMETRIC_REPRESENTATION_CONTEXT(2) 
PARAMETRIC_REPRESENTATION_CONTEXT() REPRESENTATION_CONTEXT('2D SPACE',''
  ) );
#2781 = PCURVE('',#2782,#2787);
#2782 = PLANE('',#2783);
#2783 = AXIS2_PLACEMENT_3D('',#2784,#2785,#2786);
#2784 = CARTESIAN_POINT('',(-1.5,-19.5,162.9));
#2785 = DIRECTION('',(0.,0.,1.));
#2786 = DIRECTION('',(1.,0.,0.));
#2787 = DEFINITIONAL_REPRESENTATION('',(#2788),#2791);
#2788 = B_SPLINE_CURVE_WITH_KNOTS('',1,(#2789,#2790),.UNSPECIFIED.,.F.,
  .F.,(2,2),(7.75,10.75),.PIECEWISE_BEZIER_KNOTS.);
#2789 = CARTESIAN_POINT('',(0.,1.));
#2790 = CARTESIAN_POINT('',(3.,1.));
#2791 = ( GEOMETRIC_REPRESENTATION_CONTEXT(2) 
PARAMETRIC_REPRESENTATION_CONTEXT() REPRESENTATION_CONTEXT('2D SPACE',''
  ) );
#2792 = ORIENTED_EDGE('',*,*,#2793,.T.);
#2793 = EDGE_CURVE('',#2768,#2556,#2794,.T.);
#2794 = SURFACE_CURVE('',#2795,(#2799,#2805),.PCURVE_S1.);
#2795 = LINE('',#2796,#2797);
#2796 = CARTESIAN_POINT('',(-1.5,-18.5,160.4));
#2797 = VECTOR('',#2798,1.);
#2798 = DIRECTION('',(0.,0.,-1.));
#2799 = PCURVE('',#760,#2800);
#2800 = DEFINITIONAL_REPRESENTATION('',(#2801),#2804);
#2801 = B_SPLINE_CURVE_WITH_KNOTS('',1,(#2802,#2803),.UNSPECIFIED.,.F.,
  .F.,(2,2),(-2.5,0.),.PIECEWISE_BEZIER_KNOTS.);
#2802 = CARTESIAN_POINT('',(2.5,15.5));
#2803 = CARTESIAN_POINT('',(0.,15.5));
#2804 = ( GEOMETRIC_REPRESENTATION_CONTEXT(2) 
PARAMETRIC_REPRESENTATION_CONTEXT() REPRESENTATION_CONTEXT('2D SPACE',''
  ) );
#2805 = PCURVE('',#2806,#2811);
#2806 = PLANE('',#2807);
#2807 = AXIS2_PLACEMENT_3D('',#2808,#2809,#2810);
#2808 = CARTESIAN_POINT('',(-1.5,-19.5,160.4));
#2809 = DIRECTION('',(1.,0.,0.));
#2810 = DIRECTION('',(0.,0.,1.));
#2811 = DEFINITIONAL_REPRESENTATION('',(#2812),#2815);
#2812 = B_SPLINE_CURVE_WITH_KNOTS('',1,(#2813,#2814),.UNSPECIFIED.,.F.,
  .F.,(2,2),(-2.5,0.),.PIECEWISE_BEZIER_KNOTS.);
#2813 = CARTESIAN_POINT('',(2.5,-1.));
#2814 = CARTESIAN_POINT('',(0.,-1.));
#2815 = ( GEOMETRIC_REPRESENTATION_CONTEXT(2) 
PARAMETRIC_REPRESENTATION_CONTEXT() REPRESENTATION_CONTEXT('2D SPACE',''
  ) );
#2816 = FACE_BOUND('',#2817,.F.);
#2817 = EDGE_LOOP('',(#2818,#2847,#2874,#2900));
#2818 = ORIENTED_EDGE('',*,*,#2819,.F.);
#2819 = EDGE_CURVE('',#2820,#2822,#2824,.T.);
#2820 = VERTEX_POINT('',#2821);
#2821 = CARTESIAN_POINT('',(-10.32,-18.5,170.5));
#2822 = VERTEX_POINT('',#2823);
#2823 = CARTESIAN_POINT('',(10.32,-18.5,170.5));
#2824 = SURFACE_CURVE('',#2825,(#2829,#2835),.PCURVE_S1.);
#2825 = LINE('',#2826,#2827);
#2826 = CARTESIAN_POINT('',(-13.66,-18.5,170.5));
#2827 = VECTOR('',#2828,1.);
#2828 = DIRECTION('',(1.,0.,0.));
#2829 = PCURVE('',#760,#2830);
#2830 = DEFINITIONAL_REPRESENTATION('',(#2831),#2834);
#2831 = B_SPLINE_CURVE_WITH_KNOTS('',1,(#2832,#2833),.UNSPECIFIED.,.F.,
  .F.,(2,2),(3.34,23.98),.PIECEWISE_BEZIER_KNOTS.);
#2832 = CARTESIAN_POINT('',(10.1,6.68));
#2833 = CARTESIAN_POINT('',(10.1,27.32));
#2834 = ( GEOMETRIC_REPRESENTATION_CONTEXT(2) 
PARAMETRIC_REPRESENTATION_CONTEXT() REPRESENTATION_CONTEXT('2D SPACE',''
  ) );
#2835 = PCURVE('',#2836,#2841);
#2836 = PLANE('',#2837);
#2837 = AXIS2_PLACEMENT_3D('',#2838,#2839,#2840);
#2838 = CARTESIAN_POINT('',(-10.32,-19.5,170.5));
#2839 = DIRECTION('',(0.,0.,1.));
#2840 = DIRECTION('',(1.,0.,0.));
#2841 = DEFINITIONAL_REPRESENTATION('',(#2842),#2846);
#2842 = LINE('',#2843,#2844);
#2843 = CARTESIAN_POINT('',(-3.34,1.));
#2844 = VECTOR('',#2845,1.);
#2845 = DIRECTION('',(1.,0.));
#2846 = ( GEOMETRIC_REPRESENTATION_CONTEXT(2) 
PARAMETRIC_REPRESENTATION_CONTEXT() REPRESENTATION_CONTEXT('2D SPACE',''
  ) );
#2847 = ORIENTED_EDGE('',*,*,#2848,.T.);
#2848 = EDGE_CURVE('',#2820,#2849,#2851,.T.);
#2849 = VERTEX_POINT('',#2850);
#2850 = CARTESIAN_POINT('',(-10.32,-18.5,166.4));
#2851 = SURFACE_CURVE('',#2852,(#2856,#2862),.PCURVE_S1.);
#2852 = LINE('',#2853,#2854);
#2853 = CARTESIAN_POINT('',(-10.32,-18.5,163.4));
#2854 = VECTOR('',#2855,1.);
#2855 = DIRECTION('',(0.,0.,-1.));
#2856 = PCURVE('',#760,#2857);
#2857 = DEFINITIONAL_REPRESENTATION('',(#2858),#2861);
#2858 = B_SPLINE_CURVE_WITH_KNOTS('',1,(#2859,#2860),.UNSPECIFIED.,.F.,
  .F.,(2,2),(-7.1,-3.),.PIECEWISE_BEZIER_KNOTS.);
#2859 = CARTESIAN_POINT('',(10.1,6.68));
#2860 = CARTESIAN_POINT('',(6.,6.68));
#2861 = ( GEOMETRIC_REPRESENTATION_CONTEXT(2) 
PARAMETRIC_REPRESENTATION_CONTEXT() REPRESENTATION_CONTEXT('2D SPACE',''
  ) );
#2862 = PCURVE('',#2863,#2868);
#2863 = PLANE('',#2864);
#2864 = AXIS2_PLACEMENT_3D('',#2865,#2866,#2867);
#2865 = CARTESIAN_POINT('',(-10.32,-19.5,166.4));
#2866 = DIRECTION('',(1.,0.,0.));
#2867 = DIRECTION('',(0.,0.,1.));
#2868 = DEFINITIONAL_REPRESENTATION('',(#2869),#2873);
#2869 = LINE('',#2870,#2871);
#2870 = CARTESIAN_POINT('',(-3.,-1.));
#2871 = VECTOR('',#2872,1.);
#2872 = DIRECTION('',(-1.,0.));
#2873 = ( GEOMETRIC_REPRESENTATION_CONTEXT(2) 
PARAMETRIC_REPRESENTATION_CONTEXT() REPRESENTATION_CONTEXT('2D SPACE',''
  ) );
#2874 = ORIENTED_EDGE('',*,*,#2875,.T.);
#2875 = EDGE_CURVE('',#2849,#2876,#2878,.T.);
#2876 = VERTEX_POINT('',#2877);
#2877 = CARTESIAN_POINT('',(10.32,-18.5,166.4));
#2878 = SURFACE_CURVE('',#2879,(#2883,#2889),.PCURVE_S1.);
#2879 = LINE('',#2880,#2881);
#2880 = CARTESIAN_POINT('',(-13.66,-18.5,166.4));
#2881 = VECTOR('',#2882,1.);
#2882 = DIRECTION('',(1.,0.,0.));
#2883 = PCURVE('',#760,#2884);
#2884 = DEFINITIONAL_REPRESENTATION('',(#2885),#2888);
#2885 = B_SPLINE_CURVE_WITH_KNOTS('',1,(#2886,#2887),.UNSPECIFIED.,.F.,
  .F.,(2,2),(3.34,23.98),.PIECEWISE_BEZIER_KNOTS.);
#2886 = CARTESIAN_POINT('',(6.,6.68));
#2887 = CARTESIAN_POINT('',(6.,27.32));
#2888 = ( GEOMETRIC_REPRESENTATION_CONTEXT(2) 
PARAMETRIC_REPRESENTATION_CONTEXT() REPRESENTATION_CONTEXT('2D SPACE',''
  ) );
#2889 = PCURVE('',#2890,#2895);
#2890 = PLANE('',#2891);
#2891 = AXIS2_PLACEMENT_3D('',#2892,#2893,#2894);
#2892 = CARTESIAN_POINT('',(-10.32,-19.5,166.4));
#2893 = DIRECTION('',(0.,0.,1.));
#2894 = DIRECTION('',(1.,0.,0.));
#2895 = DEFINITIONAL_REPRESENTATION('',(#2896),#2899);
#2896 = B_SPLINE_CURVE_WITH_KNOTS('',1,(#2897,#2898),.UNSPECIFIED.,.F.,
  .F.,(2,2),(3.34,23.98),.PIECEWISE_BEZIER_KNOTS.);
#2897 = CARTESIAN_POINT('',(0.,1.));
#2898 = CARTESIAN_POINT('',(20.64,1.));
#2899 = ( GEOMETRIC_REPRESENTATION_CONTEXT(2) 
PARAMETRIC_REPRESENTATION_CONTEXT() REPRESENTATION_CONTEXT('2D SPACE',''
  ) );
#2900 = ORIENTED_EDGE('',*,*,#2901,.F.);
#2901 = EDGE_CURVE('',#2822,#2876,#2902,.T.);
#2902 = SURFACE_CURVE('',#2903,(#2907,#2913),.PCURVE_S1.);
#2903 = LINE('',#2904,#2905);
#2904 = CARTESIAN_POINT('',(10.32,-18.5,163.4));
#2905 = VECTOR('',#2906,1.);
#2906 = DIRECTION('',(0.,0.,-1.));
#2907 = PCURVE('',#760,#2908);
#2908 = DEFINITIONAL_REPRESENTATION('',(#2909),#2912);
#2909 = B_SPLINE_CURVE_WITH_KNOTS('',1,(#2910,#2911),.UNSPECIFIED.,.F.,
  .F.,(2,2),(-7.1,-3.),.PIECEWISE_BEZIER_KNOTS.);
#2910 = CARTESIAN_POINT('',(10.1,27.32));
#2911 = CARTESIAN_POINT('',(6.,27.32));
#2912 = ( GEOMETRIC_REPRESENTATION_CONTEXT(2) 
PARAMETRIC_REPRESENTATION_CONTEXT() REPRESENTATION_CONTEXT('2D SPACE',''
  ) );
#2913 = PCURVE('',#2914,#2919);
#2914 = PLANE('',#2915);
#2915 = AXIS2_PLACEMENT_3D('',#2916,#2917,#2918);
#2916 = CARTESIAN_POINT('',(10.32,-19.5,166.4));
#2917 = DIRECTION('',(1.,0.,0.));
#2918 = DIRECTION('',(0.,0.,1.));
#2919 = DEFINITIONAL_REPRESENTATION('',(#2920),#2924);
#2920 = LINE('',#2921,#2922);
#2921 = CARTESIAN_POINT('',(-3.,-1.));
#2922 = VECTOR('',#2923,1.);
#2923 = DIRECTION('',(-1.,0.));
#2924 = ( GEOMETRIC_REPRESENTATION_CONTEXT(2) 
PARAMETRIC_REPRESENTATION_CONTEXT() REPRESENTATION_CONTEXT('2D SPACE',''
  ) );
#2925 = ADVANCED_FACE('',(#2926),#844,.T.);
#2926 = FACE_BOUND('',#2927,.T.);
#2927 = EDGE_LOOP('',(#2928,#2929,#2930,#2951));
#2928 = ORIENTED_EDGE('',*,*,#828,.F.);
#2929 = ORIENTED_EDGE('',*,*,#2580,.F.);
#2930 = ORIENTED_EDGE('',*,*,#2931,.T.);
#2931 = EDGE_CURVE('',#2581,#2293,#2932,.T.);
#2932 = SURFACE_CURVE('',#2933,(#2937,#2944),.PCURVE_S1.);
#2933 = LINE('',#2934,#2935);
#2934 = CARTESIAN_POINT('',(-14.,-18.5,172.9));
#2935 = VECTOR('',#2936,1.);
#2936 = DIRECTION('',(0.,1.,0.));
#2937 = PCURVE('',#844,#2938);
#2938 = DEFINITIONAL_REPRESENTATION('',(#2939),#2943);
#2939 = LINE('',#2940,#2941);
#2940 = CARTESIAN_POINT('',(0.,0.));
#2941 = VECTOR('',#2942,1.);
#2942 = DIRECTION('',(0.,-1.));
#2943 = ( GEOMETRIC_REPRESENTATION_CONTEXT(2) 
PARAMETRIC_REPRESENTATION_CONTEXT() REPRESENTATION_CONTEXT('2D SPACE',''
  ) );
#2944 = PCURVE('',#2330,#2945);
#2945 = DEFINITIONAL_REPRESENTATION('',(#2946),#2950);
#2946 = LINE('',#2947,#2948);
#2947 = CARTESIAN_POINT('',(3.,0.));
#2948 = VECTOR('',#2949,1.);
#2949 = DIRECTION('',(0.,1.));
#2950 = ( GEOMETRIC_REPRESENTATION_CONTEXT(2) 
PARAMETRIC_REPRESENTATION_CONTEXT() REPRESENTATION_CONTEXT('2D SPACE',''
  ) );
#2951 = ORIENTED_EDGE('',*,*,#2292,.F.);
#2952 = ADVANCED_FACE('',(#2953),#788,.F.);
#2953 = FACE_BOUND('',#2954,.F.);
#2954 = EDGE_LOOP('',(#2955,#2956,#2957,#2978));
#2955 = ORIENTED_EDGE('',*,*,#772,.F.);
#2956 = ORIENTED_EDGE('',*,*,#2668,.F.);
#2957 = ORIENTED_EDGE('',*,*,#2958,.T.);
#2958 = EDGE_CURVE('',#2646,#2240,#2959,.T.);
#2959 = SURFACE_CURVE('',#2960,(#2964,#2971),.PCURVE_S1.);
#2960 = LINE('',#2961,#2962);
#2961 = CARTESIAN_POINT('',(14.,-18.5,172.9));
#2962 = VECTOR('',#2963,1.);
#2963 = DIRECTION('',(0.,1.,0.));
#2964 = PCURVE('',#788,#2965);
#2965 = DEFINITIONAL_REPRESENTATION('',(#2966),#2970);
#2966 = LINE('',#2967,#2968);
#2967 = CARTESIAN_POINT('',(0.,0.));
#2968 = VECTOR('',#2969,1.);
#2969 = DIRECTION('',(0.,-1.));
#2970 = ( GEOMETRIC_REPRESENTATION_CONTEXT(2) 
PARAMETRIC_REPRESENTATION_CONTEXT() REPRESENTATION_CONTEXT('2D SPACE',''
  ) );
#2971 = PCURVE('',#2256,#2972);
#2972 = DEFINITIONAL_REPRESENTATION('',(#2973),#2977);
#2973 = LINE('',#2974,#2975);
#2974 = CARTESIAN_POINT('',(31.,0.));
#2975 = VECTOR('',#2976,1.);
#2976 = DIRECTION('',(0.,1.));
#2977 = ( GEOMETRIC_REPRESENTATION_CONTEXT(2) 
PARAMETRIC_REPRESENTATION_CONTEXT() REPRESENTATION_CONTEXT('2D SPACE',''
  ) );
#2978 = ORIENTED_EDGE('',*,*,#2272,.F.);
#2979 = ADVANCED_FACE('',(#2980),#648,.T.);
#2980 = FACE_BOUND('',#2981,.T.);
#2981 = EDGE_LOOP('',(#2982,#2983,#3006,#3029,#3050,#3051,#3052,#3071,
    #3072));
#2982 = ORIENTED_EDGE('',*,*,#2690,.F.);
#2983 = ORIENTED_EDGE('',*,*,#2984,.T.);
#2984 = EDGE_CURVE('',#2691,#2985,#2987,.T.);
#2985 = VERTEX_POINT('',#2986);
#2986 = CARTESIAN_POINT('',(17.,38.5,160.4));
#2987 = SURFACE_CURVE('',#2988,(#2992,#2999),.PCURVE_S1.);
#2988 = LINE('',#2989,#2990);
#2989 = CARTESIAN_POINT('',(17.,-18.5,160.4));
#2990 = VECTOR('',#2991,1.);
#2991 = DIRECTION('',(0.,1.,0.));
#2992 = PCURVE('',#648,#2993);
#2993 = DEFINITIONAL_REPRESENTATION('',(#2994),#2998);
#2994 = LINE('',#2995,#2996);
#2995 = CARTESIAN_POINT('',(0.,0.));
#2996 = VECTOR('',#2997,1.);
#2997 = DIRECTION('',(0.,-1.));
#2998 = ( GEOMETRIC_REPRESENTATION_CONTEXT(2) 
PARAMETRIC_REPRESENTATION_CONTEXT() REPRESENTATION_CONTEXT('2D SPACE',''
  ) );
#2999 = PCURVE('',#2729,#3000);
#3000 = DEFINITIONAL_REPRESENTATION('',(#3001),#3005);
#3001 = LINE('',#3002,#3003);
#3002 = CARTESIAN_POINT('',(34.,0.));
#3003 = VECTOR('',#3004,1.);
#3004 = DIRECTION('',(0.,1.));
#3005 = ( GEOMETRIC_REPRESENTATION_CONTEXT(2) 
PARAMETRIC_REPRESENTATION_CONTEXT() REPRESENTATION_CONTEXT('2D SPACE',''
  ) );
#3006 = ORIENTED_EDGE('',*,*,#3007,.F.);
#3007 = EDGE_CURVE('',#3008,#2985,#3010,.T.);
#3008 = VERTEX_POINT('',#3009);
#3009 = CARTESIAN_POINT('',(17.,38.5,180.));
#3010 = SURFACE_CURVE('',#3011,(#3015,#3022),.PCURVE_S1.);
#3011 = LINE('',#3012,#3013);
#3012 = CARTESIAN_POINT('',(17.,38.5,180.));
#3013 = VECTOR('',#3014,1.);
#3014 = DIRECTION('',(0.,0.,-1.));
#3015 = PCURVE('',#648,#3016);
#3016 = DEFINITIONAL_REPRESENTATION('',(#3017),#3021);
#3017 = LINE('',#3018,#3019);
#3018 = CARTESIAN_POINT('',(19.6,-57.));
#3019 = VECTOR('',#3020,1.);
#3020 = DIRECTION('',(-1.,0.));
#3021 = ( GEOMETRIC_REPRESENTATION_CONTEXT(2) 
PARAMETRIC_REPRESENTATION_CONTEXT() REPRESENTATION_CONTEXT('2D SPACE',''
  ) );
#3022 = PCURVE('',#2018,#3023);
#3023 = DEFINITIONAL_REPRESENTATION('',(#3024),#3028);
#3024 = LINE('',#3025,#3026);
#3025 = CARTESIAN_POINT('',(19.6,34.));
#3026 = VECTOR('',#3027,1.);
#3027 = DIRECTION('',(-1.,0.));
#3028 = ( GEOMETRIC_REPRESENTATION_CONTEXT(2) 
PARAMETRIC_REPRESENTATION_CONTEXT() REPRESENTATION_CONTEXT('2D SPACE',''
  ) );
#3029 = ORIENTED_EDGE('',*,*,#3030,.F.);
#3030 = EDGE_CURVE('',#605,#3008,#3031,.T.);
#3031 = SURFACE_CURVE('',#3032,(#3036,#3043),.PCURVE_S1.);
#3032 = LINE('',#3033,#3034);
#3033 = CARTESIAN_POINT('',(17.,-18.5,180.));
#3034 = VECTOR('',#3035,1.);
#3035 = DIRECTION('',(0.,1.,0.));
#3036 = PCURVE('',#648,#3037);
#3037 = DEFINITIONAL_REPRESENTATION('',(#3038),#3042);
#3038 = LINE('',#3039,#3040);
#3039 = CARTESIAN_POINT('',(19.6,0.));
#3040 = VECTOR('',#3041,1.);
#3041 = DIRECTION('',(0.,-1.));
#3042 = ( GEOMETRIC_REPRESENTATION_CONTEXT(2) 
PARAMETRIC_REPRESENTATION_CONTEXT() REPRESENTATION_CONTEXT('2D SPACE',''
  ) );
#3043 = PCURVE('',#1882,#3044);
#3044 = DEFINITIONAL_REPRESENTATION('',(#3045),#3049);
#3045 = LINE('',#3046,#3047);
#3046 = CARTESIAN_POINT('',(3.,0.));
#3047 = VECTOR('',#3048,1.);
#3048 = DIRECTION('',(0.,1.));
#3049 = ( GEOMETRIC_REPRESENTATION_CONTEXT(2) 
PARAMETRIC_REPRESENTATION_CONTEXT() REPRESENTATION_CONTEXT('2D SPACE',''
  ) );
#3050 = ORIENTED_EDGE('',*,*,#632,.F.);
#3051 = ORIENTED_EDGE('',*,*,#2416,.T.);
#3052 = ORIENTED_EDGE('',*,*,#3053,.T.);
#3053 = EDGE_CURVE('',#2393,#2174,#3054,.T.);
#3054 = SURFACE_CURVE('',#3055,(#3059,#3065),.PCURVE_S1.);
#3055 = LINE('',#3056,#3057);
#3056 = CARTESIAN_POINT('',(17.,-9.25,171.9));
#3057 = VECTOR('',#3058,1.);
#3058 = DIRECTION('',(0.,-1.,0.));
#3059 = PCURVE('',#648,#3060);
#3060 = DEFINITIONAL_REPRESENTATION('',(#3061),#3064);
#3061 = B_SPLINE_CURVE_WITH_KNOTS('',1,(#3062,#3063),.UNSPECIFIED.,.F.,
  .F.,(2,2),(-28.75,9.25),.PIECEWISE_BEZIER_KNOTS.);
#3062 = CARTESIAN_POINT('',(11.5,-38.));
#3063 = CARTESIAN_POINT('',(11.5,0.));
#3064 = ( GEOMETRIC_REPRESENTATION_CONTEXT(2) 
PARAMETRIC_REPRESENTATION_CONTEXT() REPRESENTATION_CONTEXT('2D SPACE',''
  ) );
#3065 = PCURVE('',#2088,#3066);
#3066 = DEFINITIONAL_REPRESENTATION('',(#3067),#3070);
#3067 = B_SPLINE_CURVE_WITH_KNOTS('',1,(#3068,#3069),.UNSPECIFIED.,.F.,
  .F.,(2,2),(-28.75,9.25),.PIECEWISE_BEZIER_KNOTS.);
#3068 = CARTESIAN_POINT('',(17.,19.5));
#3069 = CARTESIAN_POINT('',(17.,-18.5));
#3070 = ( GEOMETRIC_REPRESENTATION_CONTEXT(2) 
PARAMETRIC_REPRESENTATION_CONTEXT() REPRESENTATION_CONTEXT('2D SPACE',''
  ) );
#3071 = ORIENTED_EDGE('',*,*,#2173,.F.);
#3072 = ORIENTED_EDGE('',*,*,#721,.F.);
#3073 = ADVANCED_FACE('',(#3074),#547,.F.);
#3074 = FACE_BOUND('',#3075,.F.);
#3075 = EDGE_LOOP('',(#3076,#3077,#3078,#3079));
#3076 = ORIENTED_EDGE('',*,*,#531,.F.);
#3077 = ORIENTED_EDGE('',*,*,#1617,.T.);
#3078 = ORIENTED_EDGE('',*,*,#1208,.T.);
#3079 = ORIENTED_EDGE('',*,*,#1178,.F.);
#3080 = ADVANCED_FACE('',(#3081),#1058,.F.);
#3081 = FACE_BOUND('',#3082,.T.);
#3082 = EDGE_LOOP('',(#3083,#3084,#3105,#3106));
#3083 = ORIENTED_EDGE('',*,*,#1037,.T.);
#3084 = ORIENTED_EDGE('',*,*,#3085,.T.);
#3085 = EDGE_CURVE('',#1038,#1532,#3086,.T.);
#3086 = SEAM_CURVE('',#3087,(#3091,#3098),.PCURVE_S1.);
#3087 = LINE('',#3088,#3089);
#3088 = CARTESIAN_POINT('',(-30.,26.,179.));
#3089 = VECTOR('',#3090,1.);
#3090 = DIRECTION('',(0.,0.,1.));
#3091 = PCURVE('',#1058,#3092);
#3092 = DEFINITIONAL_REPRESENTATION('',(#3093),#3097);
#3093 = LINE('',#3094,#3095);
#3094 = CARTESIAN_POINT('',(-6.28318530718,0.));
#3095 = VECTOR('',#3096,1.);
#3096 = DIRECTION('',(-0.,-1.));
#3097 = ( GEOMETRIC_REPRESENTATION_CONTEXT(2) 
PARAMETRIC_REPRESENTATION_CONTEXT() REPRESENTATION_CONTEXT('2D SPACE',''
  ) );
#3098 = PCURVE('',#1058,#3099);
#3099 = DEFINITIONAL_REPRESENTATION('',(#3100),#3104);
#3100 = LINE('',#3101,#3102);
#3101 = CARTESIAN_POINT('',(-0.,0.));
#3102 = VECTOR('',#3103,1.);
#3103 = DIRECTION('',(-0.,-1.));
#3104 = ( GEOMETRIC_REPRESENTATION_CONTEXT(2) 
PARAMETRIC_REPRESENTATION_CONTEXT() REPRESENTATION_CONTEXT('2D SPACE',''
  ) );
#3105 = ORIENTED_EDGE('',*,*,#1531,.F.);
#3106 = ORIENTED_EDGE('',*,*,#3085,.F.);
#3107 = ADVANCED_FACE('',(#3108,#3111,#3142,#3173,#3204),#1090,.F.);
#3108 = FACE_BOUND('',#3109,.F.);
#3109 = EDGE_LOOP('',(#3110));
#3110 = ORIENTED_EDGE('',*,*,#1073,.T.);
#3111 = FACE_BOUND('',#3112,.F.);
#3112 = EDGE_LOOP('',(#3113));
#3113 = ORIENTED_EDGE('',*,*,#3114,.F.);
#3114 = EDGE_CURVE('',#3115,#3115,#3117,.T.);
#3115 = VERTEX_POINT('',#3116);
#3116 = CARTESIAN_POINT('',(39.1,8.25,100.));
#3117 = SURFACE_CURVE('',#3118,(#3123,#3130),.PCURVE_S1.);
#3118 = CIRCLE('',#3119,1.25);
#3119 = AXIS2_PLACEMENT_3D('',#3120,#3121,#3122);
#3120 = CARTESIAN_POINT('',(39.1,7.,100.));
#3121 = DIRECTION('',(1.,0.,0.));
#3122 = DIRECTION('',(0.,1.,0.));
#3123 = PCURVE('',#1090,#3124);
#3124 = DEFINITIONAL_REPRESENTATION('',(#3125),#3129);
#3125 = CIRCLE('',#3126,1.25);
#3126 = AXIS2_PLACEMENT_2D('',#3127,#3128);
#3127 = CARTESIAN_POINT('',(1.42108547152E-14,-7.));
#3128 = DIRECTION('',(0.,-1.));
#3129 = ( GEOMETRIC_REPRESENTATION_CONTEXT(2) 
PARAMETRIC_REPRESENTATION_CONTEXT() REPRESENTATION_CONTEXT('2D SPACE',''
  ) );
#3130 = PCURVE('',#3131,#3136);
#3131 = CYLINDRICAL_SURFACE('',#3132,1.25);
#3132 = AXIS2_PLACEMENT_3D('',#3133,#3134,#3135);
#3133 = CARTESIAN_POINT('',(39.1,7.,100.));
#3134 = DIRECTION('',(-1.,-0.,-0.));
#3135 = DIRECTION('',(0.,1.,0.));
#3136 = DEFINITIONAL_REPRESENTATION('',(#3137),#3141);
#3137 = LINE('',#3138,#3139);
#3138 = CARTESIAN_POINT('',(-0.,0.));
#3139 = VECTOR('',#3140,1.);
#3140 = DIRECTION('',(-1.,0.));
#3141 = ( GEOMETRIC_REPRESENTATION_CONTEXT(2) 
PARAMETRIC_REPRESENTATION_CONTEXT() REPRESENTATION_CONTEXT('2D SPACE',''
  ) );
#3142 = FACE_BOUND('',#3143,.F.);
#3143 = EDGE_LOOP('',(#3144));
#3144 = ORIENTED_EDGE('',*,*,#3145,.F.);
#3145 = EDGE_CURVE('',#3146,#3146,#3148,.T.);
#3146 = VERTEX_POINT('',#3147);
#3147 = CARTESIAN_POINT('',(39.1,1.25,93.));
#3148 = SURFACE_CURVE('',#3149,(#3154,#3161),.PCURVE_S1.);
#3149 = CIRCLE('',#3150,1.25);
#3150 = AXIS2_PLACEMENT_3D('',#3151,#3152,#3153);
#3151 = CARTESIAN_POINT('',(39.1,-1.285879139105E-15,93.));
#3152 = DIRECTION('',(1.,0.,0.));
#3153 = DIRECTION('',(0.,1.,0.));
#3154 = PCURVE('',#1090,#3155);
#3155 = DEFINITIONAL_REPRESENTATION('',(#3156),#3160);
#3156 = CIRCLE('',#3157,1.25);
#3157 = AXIS2_PLACEMENT_2D('',#3158,#3159);
#3158 = CARTESIAN_POINT('',(-7.,1.04806346388E-15));
#3159 = DIRECTION('',(0.,-1.));
#3160 = ( GEOMETRIC_REPRESENTATION_CONTEXT(2) 
PARAMETRIC_REPRESENTATION_CONTEXT() REPRESENTATION_CONTEXT('2D SPACE',''
  ) );
#3161 = PCURVE('',#3162,#3167);
#3162 = CYLINDRICAL_SURFACE('',#3163,1.25);
#3163 = AXIS2_PLACEMENT_3D('',#3164,#3165,#3166);
#3164 = CARTESIAN_POINT('',(39.1,-1.285879139105E-15,93.));
#3165 = DIRECTION('',(-1.,-0.,-0.));
#3166 = DIRECTION('',(0.,1.,0.));
#3167 = DEFINITIONAL_REPRESENTATION('',(#3168),#3172);
#3168 = LINE('',#3169,#3170);
#3169 = CARTESIAN_POINT('',(-0.,0.));
#3170 = VECTOR('',#3171,1.);
#3171 = DIRECTION('',(-1.,0.));
#3172 = ( GEOMETRIC_REPRESENTATION_CONTEXT(2) 
PARAMETRIC_REPRESENTATION_CONTEXT() REPRESENTATION_CONTEXT('2D SPACE',''
  ) );
#3173 = FACE_BOUND('',#3174,.F.);
#3174 = EDGE_LOOP('',(#3175));
#3175 = ORIENTED_EDGE('',*,*,#3176,.F.);
#3176 = EDGE_CURVE('',#3177,#3177,#3179,.T.);
#3177 = VERTEX_POINT('',#3178);
#3178 = CARTESIAN_POINT('',(39.1,1.25,107.));
#3179 = SURFACE_CURVE('',#3180,(#3185,#3192),.PCURVE_S1.);
#3180 = CIRCLE('',#3181,1.25);
#3181 = AXIS2_PLACEMENT_3D('',#3182,#3183,#3184);
#3182 = CARTESIAN_POINT('',(39.1,4.286263797016E-16,107.));
#3183 = DIRECTION('',(1.,0.,0.));
#3184 = DIRECTION('',(0.,1.,0.));
#3185 = PCURVE('',#1090,#3186);
#3186 = DEFINITIONAL_REPRESENTATION('',(#3187),#3191);
#3187 = CIRCLE('',#3188,1.25);
#3188 = AXIS2_PLACEMENT_2D('',#3189,#3190);
#3189 = CARTESIAN_POINT('',(7.,-6.664420549258E-16));
#3190 = DIRECTION('',(0.,-1.));
#3191 = ( GEOMETRIC_REPRESENTATION_CONTEXT(2) 
PARAMETRIC_REPRESENTATION_CONTEXT() REPRESENTATION_CONTEXT('2D SPACE',''
  ) );
#3192 = PCURVE('',#3193,#3198);
#3193 = CYLINDRICAL_SURFACE('',#3194,1.25);
#3194 = AXIS2_PLACEMENT_3D('',#3195,#3196,#3197);
#3195 = CARTESIAN_POINT('',(39.1,4.286263797016E-16,107.));
#3196 = DIRECTION('',(-1.,-0.,-0.));
#3197 = DIRECTION('',(0.,1.,0.));
#3198 = DEFINITIONAL_REPRESENTATION('',(#3199),#3203);
#3199 = LINE('',#3200,#3201);
#3200 = CARTESIAN_POINT('',(-0.,0.));
#3201 = VECTOR('',#3202,1.);
#3202 = DIRECTION('',(-1.,0.));
#3203 = ( GEOMETRIC_REPRESENTATION_CONTEXT(2) 
PARAMETRIC_REPRESENTATION_CONTEXT() REPRESENTATION_CONTEXT('2D SPACE',''
  ) );
#3204 = FACE_BOUND('',#3205,.F.);
#3205 = EDGE_LOOP('',(#3206));
#3206 = ORIENTED_EDGE('',*,*,#3207,.F.);
#3207 = EDGE_CURVE('',#3208,#3208,#3210,.T.);
#3208 = VERTEX_POINT('',#3209);
#3209 = CARTESIAN_POINT('',(39.1,-5.75,100.));
#3210 = SURFACE_CURVE('',#3211,(#3216,#3223),.PCURVE_S1.);
#3211 = CIRCLE('',#3212,1.25);
#3212 = AXIS2_PLACEMENT_3D('',#3213,#3214,#3215);
#3213 = CARTESIAN_POINT('',(39.1,-7.,100.));
#3214 = DIRECTION('',(1.,0.,0.));
#3215 = DIRECTION('',(0.,1.,0.));
#3216 = PCURVE('',#1090,#3217);
#3217 = DEFINITIONAL_REPRESENTATION('',(#3218),#3222);
#3218 = CIRCLE('',#3219,1.25);
#3219 = AXIS2_PLACEMENT_2D('',#3220,#3221);
#3220 = CARTESIAN_POINT('',(1.42108547152E-14,7.));
#3221 = DIRECTION('',(0.,-1.));
#3222 = ( GEOMETRIC_REPRESENTATION_CONTEXT(2) 
PARAMETRIC_REPRESENTATION_CONTEXT() REPRESENTATION_CONTEXT('2D SPACE',''
  ) );
#3223 = PCURVE('',#3224,#3229);
#3224 = CYLINDRICAL_SURFACE('',#3225,1.25);
#3225 = AXIS2_PLACEMENT_3D('',#3226,#3227,#3228);
#3226 = CARTESIAN_POINT('',(39.1,-7.,100.));
#3227 = DIRECTION('',(-1.,-0.,-0.));
#3228 = DIRECTION('',(0.,1.,0.));
#3229 = DEFINITIONAL_REPRESENTATION('',(#3230),#3234);
#3230 = LINE('',#3231,#3232);
#3231 = CARTESIAN_POINT('',(-0.,0.));
#3232 = VECTOR('',#3233,1.);
#3233 = DIRECTION('',(-1.,0.));
#3234 = ( GEOMETRIC_REPRESENTATION_CONTEXT(2) 
PARAMETRIC_REPRESENTATION_CONTEXT() REPRESENTATION_CONTEXT('2D SPACE',''
  ) );
#3235 = ADVANCED_FACE('',(#3236),#1270,.F.);
#3236 = FACE_BOUND('',#3237,.F.);
#3237 = EDGE_LOOP('',(#3238,#3261,#3262,#3263,#3264));
#3238 = ORIENTED_EDGE('',*,*,#3239,.F.);
#3239 = EDGE_CURVE('',#1255,#3240,#3242,.T.);
#3240 = VERTEX_POINT('',#3241);
#3241 = CARTESIAN_POINT('',(-46.,-23.15171184496,106.32441607169));
#3242 = SURFACE_CURVE('',#3243,(#3247,#3254),.PCURVE_S1.);
#3243 = LINE('',#3244,#3245);
#3244 = CARTESIAN_POINT('',(-46.,-30.,191.5));
#3245 = VECTOR('',#3246,1.);
#3246 = DIRECTION('',(0.,8.01433845646E-02,-0.996783345522));
#3247 = PCURVE('',#1270,#3248);
#3248 = DEFINITIONAL_REPRESENTATION('',(#3249),#3253);
#3249 = LINE('',#3250,#3251);
#3250 = CARTESIAN_POINT('',(0.,0.));
#3251 = VECTOR('',#3252,1.);
#3252 = DIRECTION('',(1.,0.));
#3253 = ( GEOMETRIC_REPRESENTATION_CONTEXT(2) 
PARAMETRIC_REPRESENTATION_CONTEXT() REPRESENTATION_CONTEXT('2D SPACE',''
  ) );
#3254 = PCURVE('',#1298,#3255);
#3255 = DEFINITIONAL_REPRESENTATION('',(#3256),#3260);
#3256 = LINE('',#3257,#3258);
#3257 = CARTESIAN_POINT('',(91.5,30.));
#3258 = VECTOR('',#3259,1.);
#3259 = DIRECTION('',(-0.996783345522,-8.01433845646E-02));
#3260 = ( GEOMETRIC_REPRESENTATION_CONTEXT(2) 
PARAMETRIC_REPRESENTATION_CONTEXT() REPRESENTATION_CONTEXT('2D SPACE',''
  ) );
#3261 = ORIENTED_EDGE('',*,*,#1254,.T.);
#3262 = ORIENTED_EDGE('',*,*,#1639,.T.);
#3263 = ORIENTED_EDGE('',*,*,#1720,.T.);
#3264 = ORIENTED_EDGE('',*,*,#3265,.T.);
#3265 = EDGE_CURVE('',#1666,#3240,#3266,.T.);
#3266 = SURFACE_CURVE('',#3267,(#3271,#3277),.PCURVE_S1.);
#3267 = LINE('',#3268,#3269);
#3268 = CARTESIAN_POINT('',(-46.,-23.15171184496,106.32441607169));
#3269 = VECTOR('',#3270,1.);
#3270 = DIRECTION('',(-1.,-0.,-0.));
#3271 = PCURVE('',#1270,#3272);
#3272 = DEFINITIONAL_REPRESENTATION('',(#3273),#3276);
#3273 = B_SPLINE_CURVE_WITH_KNOTS('',1,(#3274,#3275),.UNSPECIFIED.,.F.,
  .F.,(2,2),(-6.0000006,5.999999999062E-07),.PIECEWISE_BEZIER_KNOTS.);
#3274 = CARTESIAN_POINT('',(85.450448496085,-6.0000006));
#3275 = CARTESIAN_POINT('',(85.450448496085,5.999999999062E-07));
#3276 = ( GEOMETRIC_REPRESENTATION_CONTEXT(2) 
PARAMETRIC_REPRESENTATION_CONTEXT() REPRESENTATION_CONTEXT('2D SPACE',''
  ) );
#3277 = PCURVE('',#1686,#3278);
#3278 = DEFINITIONAL_REPRESENTATION('',(#3279),#3282);
#3279 = B_SPLINE_CURVE_WITH_KNOTS('',1,(#3280,#3281),.UNSPECIFIED.,.F.,
  .F.,(2,2),(-6.,0.),.PIECEWISE_BEZIER_KNOTS.);
#3280 = CARTESIAN_POINT('',(-2.874926043755,-6.));
#3281 = CARTESIAN_POINT('',(-2.874926043755,0.));
#3282 = ( GEOMETRIC_REPRESENTATION_CONTEXT(2) 
PARAMETRIC_REPRESENTATION_CONTEXT() REPRESENTATION_CONTEXT('2D SPACE',''
  ) );
#3283 = ADVANCED_FACE('',(#3284,#3333,#3363),#1298,.F.);
#3284 = FACE_BOUND('',#3285,.F.);
#3285 = EDGE_LOOP('',(#3286,#3310,#3331,#3332));
#3286 = ORIENTED_EDGE('',*,*,#3287,.T.);
#3287 = EDGE_CURVE('',#3240,#3288,#3290,.T.);
#3288 = VERTEX_POINT('',#3289);
#3289 = CARTESIAN_POINT('',(-46.,23.15171184496,106.32441607169));
#3290 = SURFACE_CURVE('',#3291,(#3296,#3303),.PCURVE_S1.);
#3291 = CIRCLE('',#3292,24.);
#3292 = AXIS2_PLACEMENT_3D('',#3293,#3294,#3295);
#3293 = CARTESIAN_POINT('',(-46.,0.,100.));
#3294 = DIRECTION('',(1.,0.,0.));
#3295 = DIRECTION('',(0.,-0.964654660207,0.263517336321));
#3296 = PCURVE('',#1298,#3297);
#3297 = DEFINITIONAL_REPRESENTATION('',(#3298),#3302);
#3298 = CIRCLE('',#3299,24.);
#3299 = AXIS2_PLACEMENT_2D('',#3300,#3301);
#3300 = CARTESIAN_POINT('',(0.,-1.823253510053E-15));
#3301 = DIRECTION('',(0.263517336321,0.964654660207));
#3302 = ( GEOMETRIC_REPRESENTATION_CONTEXT(2) 
PARAMETRIC_REPRESENTATION_CONTEXT() REPRESENTATION_CONTEXT('2D SPACE',''
  ) );
#3303 = PCURVE('',#1686,#3304);
#3304 = DEFINITIONAL_REPRESENTATION('',(#3305),#3309);
#3305 = LINE('',#3306,#3307);
#3306 = CARTESIAN_POINT('',(-2.874926043755,0.));
#3307 = VECTOR('',#3308,1.);
#3308 = DIRECTION('',(-1.,0.));
#3309 = ( GEOMETRIC_REPRESENTATION_CONTEXT(2) 
PARAMETRIC_REPRESENTATION_CONTEXT() REPRESENTATION_CONTEXT('2D SPACE',''
  ) );
#3310 = ORIENTED_EDGE('',*,*,#3311,.T.);
#3311 = EDGE_CURVE('',#3288,#1283,#3312,.T.);
#3312 = SURFACE_CURVE('',#3313,(#3317,#3324),.PCURVE_S1.);
#3313 = LINE('',#3314,#3315);
#3314 = CARTESIAN_POINT('',(-46.,22.,92.));
#3315 = VECTOR('',#3316,1.);
#3316 = DIRECTION('',(0.,8.01433845646E-02,0.996783345522));
#3317 = PCURVE('',#1298,#3318);
#3318 = DEFINITIONAL_REPRESENTATION('',(#3319),#3323);
#3319 = LINE('',#3320,#3321);
#3320 = CARTESIAN_POINT('',(-8.,-22.));
#3321 = VECTOR('',#3322,1.);
#3322 = DIRECTION('',(0.996783345522,-8.01433845646E-02));
#3323 = ( GEOMETRIC_REPRESENTATION_CONTEXT(2) 
PARAMETRIC_REPRESENTATION_CONTEXT() REPRESENTATION_CONTEXT('2D SPACE',''
  ) );
#3324 = PCURVE('',#1326,#3325);
#3325 = DEFINITIONAL_REPRESENTATION('',(#3326),#3330);
#3326 = LINE('',#3327,#3328);
#3327 = CARTESIAN_POINT('',(0.,0.));
#3328 = VECTOR('',#3329,1.);
#3329 = DIRECTION('',(1.,0.));
#3330 = ( GEOMETRIC_REPRESENTATION_CONTEXT(2) 
PARAMETRIC_REPRESENTATION_CONTEXT() REPRESENTATION_CONTEXT('2D SPACE',''
  ) );
#3331 = ORIENTED_EDGE('',*,*,#1282,.T.);
#3332 = ORIENTED_EDGE('',*,*,#3239,.T.);
#3333 = FACE_BOUND('',#3334,.F.);
#3334 = EDGE_LOOP('',(#3335));
#3335 = ORIENTED_EDGE('',*,*,#3336,.T.);
#3336 = EDGE_CURVE('',#3337,#3337,#3339,.T.);
#3337 = VERTEX_POINT('',#3338);
#3338 = CARTESIAN_POINT('',(-46.,2.55,100.));
#3339 = SURFACE_CURVE('',#3340,(#3345,#3356),.PCURVE_S1.);
#3340 = CIRCLE('',#3341,2.55);
#3341 = AXIS2_PLACEMENT_3D('',#3342,#3343,#3344);
#3342 = CARTESIAN_POINT('',(-46.,0.,100.));
#3343 = DIRECTION('',(-1.,0.,0.));
#3344 = DIRECTION('',(0.,1.,0.));
#3345 = PCURVE('',#1298,#3346);
#3346 = DEFINITIONAL_REPRESENTATION('',(#3347),#3355);
#3347 = ( BOUNDED_CURVE() B_SPLINE_CURVE(2,(#3348,#3349,#3350,#3351,
#3352,#3353,#3354),.UNSPECIFIED.,.T.,.F.) B_SPLINE_CURVE_WITH_KNOTS((1,2
    ,2,2,2,1),(-2.094395102393,0.,2.094395102393,4.188790204786,
6.28318530718,8.377580409573),.UNSPECIFIED.) CURVE() 
GEOMETRIC_REPRESENTATION_ITEM() RATIONAL_B_SPLINE_CURVE((1.,0.5,1.,0.5,
1.,0.5,1.)) REPRESENTATION_ITEM('') );
#3348 = CARTESIAN_POINT('',(0.,-2.55));
#3349 = CARTESIAN_POINT('',(-4.416729559301,-2.55));
#3350 = CARTESIAN_POINT('',(-2.20836477965,1.275));
#3351 = CARTESIAN_POINT('',(-6.245698675651E-16,5.1));
#3352 = CARTESIAN_POINT('',(2.20836477965,1.275));
#3353 = CARTESIAN_POINT('',(4.416729559301,-2.55));
#3354 = CARTESIAN_POINT('',(0.,-2.55));
#3355 = ( GEOMETRIC_REPRESENTATION_CONTEXT(2) 
PARAMETRIC_REPRESENTATION_CONTEXT() REPRESENTATION_CONTEXT('2D SPACE',''
  ) );
#3356 = PCURVE('',#1764,#3357);
#3357 = DEFINITIONAL_REPRESENTATION('',(#3358),#3362);
#3358 = LINE('',#3359,#3360);
#3359 = CARTESIAN_POINT('',(-6.28318530718,-1.));
#3360 = VECTOR('',#3361,1.);
#3361 = DIRECTION('',(1.,-0.));
#3362 = ( GEOMETRIC_REPRESENTATION_CONTEXT(2) 
PARAMETRIC_REPRESENTATION_CONTEXT() REPRESENTATION_CONTEXT('2D SPACE',''
  ) );
#3363 = FACE_BOUND('',#3364,.F.);
#3364 = EDGE_LOOP('',(#3365));
#3365 = ORIENTED_EDGE('',*,*,#3366,.T.);
#3366 = EDGE_CURVE('',#3367,#3367,#3369,.T.);
#3367 = VERTEX_POINT('',#3368);
#3368 = CARTESIAN_POINT('',(-46.,12.,150.));
#3369 = SURFACE_CURVE('',#3370,(#3375,#3386),.PCURVE_S1.);
#3370 = CIRCLE('',#3371,12.);
#3371 = AXIS2_PLACEMENT_3D('',#3372,#3373,#3374);
#3372 = CARTESIAN_POINT('',(-46.,0.,150.));
#3373 = DIRECTION('',(-1.,0.,0.));
#3374 = DIRECTION('',(0.,1.,0.));
#3375 = PCURVE('',#1298,#3376);
#3376 = DEFINITIONAL_REPRESENTATION('',(#3377),#3385);
#3377 = ( BOUNDED_CURVE() B_SPLINE_CURVE(2,(#3378,#3379,#3380,#3381,
#3382,#3383,#3384),.UNSPECIFIED.,.T.,.F.) B_SPLINE_CURVE_WITH_KNOTS((1,2
    ,2,2,2,1),(-2.094395102393,0.,2.094395102393,4.188790204786,
6.28318530718,8.377580409573),.UNSPECIFIED.) CURVE() 
GEOMETRIC_REPRESENTATION_ITEM() RATIONAL_B_SPLINE_CURVE((1.,0.5,1.,0.5,
1.,0.5,1.)) REPRESENTATION_ITEM('') );
#3378 = CARTESIAN_POINT('',(50.,-12.));
#3379 = CARTESIAN_POINT('',(29.215390309173,-12.));
#3380 = CARTESIAN_POINT('',(39.607695154587,6.));
#3381 = CARTESIAN_POINT('',(50.,24.));
#3382 = CARTESIAN_POINT('',(60.392304845413,6.));
#3383 = CARTESIAN_POINT('',(70.784609690827,-12.));
#3384 = CARTESIAN_POINT('',(50.,-12.));
#3385 = ( GEOMETRIC_REPRESENTATION_CONTEXT(2) 
PARAMETRIC_REPRESENTATION_CONTEXT() REPRESENTATION_CONTEXT('2D SPACE',''
  ) );
#3386 = PCURVE('',#1799,#3387);
#3387 = DEFINITIONAL_REPRESENTATION('',(#3388),#3392);
#3388 = LINE('',#3389,#3390);
#3389 = CARTESIAN_POINT('',(-6.28318530718,-1.));
#3390 = VECTOR('',#3391,1.);
#3391 = DIRECTION('',(1.,-0.));
#3392 = ( GEOMETRIC_REPRESENTATION_CONTEXT(2) 
PARAMETRIC_REPRESENTATION_CONTEXT() REPRESENTATION_CONTEXT('2D SPACE',''
  ) );
#3393 = ADVANCED_FACE('',(#3394),#1326,.F.);
#3394 = FACE_BOUND('',#3395,.F.);
#3395 = EDGE_LOOP('',(#3396,#3397,#3416,#3417,#3418));
#3396 = ORIENTED_EDGE('',*,*,#3311,.F.);
#3397 = ORIENTED_EDGE('',*,*,#3398,.F.);
#3398 = EDGE_CURVE('',#1664,#3288,#3399,.T.);
#3399 = SURFACE_CURVE('',#3400,(#3404,#3410),.PCURVE_S1.);
#3400 = LINE('',#3401,#3402);
#3401 = CARTESIAN_POINT('',(-46.,23.15171184496,106.32441607169));
#3402 = VECTOR('',#3403,1.);
#3403 = DIRECTION('',(-1.,-0.,-0.));
#3404 = PCURVE('',#1326,#3405);
#3405 = DEFINITIONAL_REPRESENTATION('',(#3406),#3409);
#3406 = B_SPLINE_CURVE_WITH_KNOTS('',1,(#3407,#3408),.UNSPECIFIED.,.F.,
  .F.,(2,2),(-6.0000006,5.999999999062E-07),.PIECEWISE_BEZIER_KNOTS.);
#3407 = CARTESIAN_POINT('',(14.370641459895,-6.0000006));
#3408 = CARTESIAN_POINT('',(14.370641459895,5.999999999062E-07));
#3409 = ( GEOMETRIC_REPRESENTATION_CONTEXT(2) 
PARAMETRIC_REPRESENTATION_CONTEXT() REPRESENTATION_CONTEXT('2D SPACE',''
  ) );
#3410 = PCURVE('',#1686,#3411);
#3411 = DEFINITIONAL_REPRESENTATION('',(#3412),#3415);
#3412 = B_SPLINE_CURVE_WITH_KNOTS('',1,(#3413,#3414),.UNSPECIFIED.,.F.,
  .F.,(2,2),(-6.,0.),.PIECEWISE_BEZIER_KNOTS.);
#3413 = CARTESIAN_POINT('',(-6.549851917015,-6.));
#3414 = CARTESIAN_POINT('',(-6.549851917015,0.));
#3415 = ( GEOMETRIC_REPRESENTATION_CONTEXT(2) 
PARAMETRIC_REPRESENTATION_CONTEXT() REPRESENTATION_CONTEXT('2D SPACE',''
  ) );
#3416 = ORIENTED_EDGE('',*,*,#1698,.T.);
#3417 = ORIENTED_EDGE('',*,*,#1815,.T.);
#3418 = ORIENTED_EDGE('',*,*,#1310,.F.);
#3419 = ADVANCED_FACE('',(#3420),#1424,.F.);
#3420 = FACE_BOUND('',#3421,.T.);
#3421 = EDGE_LOOP('',(#3422,#3451,#3472,#3473));
#3422 = ORIENTED_EDGE('',*,*,#3423,.F.);
#3423 = EDGE_CURVE('',#3424,#3424,#3426,.T.);
#3424 = VERTEX_POINT('',#3425);
#3425 = CARTESIAN_POINT('',(18.927669529664,17.677669529664,185.));
#3426 = SURFACE_CURVE('',#3427,(#3432,#3439),.PCURVE_S1.);
#3427 = CIRCLE('',#3428,1.25);
#3428 = AXIS2_PLACEMENT_3D('',#3429,#3430,#3431);
#3429 = CARTESIAN_POINT('',(17.677669529664,17.677669529664,185.));
#3430 = DIRECTION('',(0.,0.,1.));
#3431 = DIRECTION('',(1.,0.,0.));
#3432 = PCURVE('',#1424,#3433);
#3433 = DEFINITIONAL_REPRESENTATION('',(#3434),#3438);
#3434 = LINE('',#3435,#3436);
#3435 = CARTESIAN_POINT('',(-0.,0.));
#3436 = VECTOR('',#3437,1.);
#3437 = DIRECTION('',(-1.,0.));
#3438 = ( GEOMETRIC_REPRESENTATION_CONTEXT(2) 
PARAMETRIC_REPRESENTATION_CONTEXT() REPRESENTATION_CONTEXT('2D SPACE',''
  ) );
#3439 = PCURVE('',#3440,#3445);
#3440 = PLANE('',#3441);
#3441 = AXIS2_PLACEMENT_3D('',#3442,#3443,#3444);
#3442 = CARTESIAN_POINT('',(17.677669529664,17.677669529664,185.));
#3443 = DIRECTION('',(0.,0.,1.));
#3444 = DIRECTION('',(1.,0.,-0.));
#3445 = DEFINITIONAL_REPRESENTATION('',(#3446),#3450);
#3446 = CIRCLE('',#3447,1.25);
#3447 = AXIS2_PLACEMENT_2D('',#3448,#3449);
#3448 = CARTESIAN_POINT('',(0.,0.));
#3449 = DIRECTION('',(1.,0.));
#3450 = ( GEOMETRIC_REPRESENTATION_CONTEXT(2) 
PARAMETRIC_REPRESENTATION_CONTEXT() REPRESENTATION_CONTEXT('2D SPACE',''
  ) );
#3451 = ORIENTED_EDGE('',*,*,#3452,.T.);
#3452 = EDGE_CURVE('',#3424,#1408,#3453,.T.);
#3453 = SEAM_CURVE('',#3454,(#3458,#3465),.PCURVE_S1.);
#3454 = LINE('',#3455,#3456);
#3455 = CARTESIAN_POINT('',(18.927669529664,17.677669529664,185.));
#3456 = VECTOR('',#3457,1.);
#3457 = DIRECTION('',(0.,0.,1.));
#3458 = PCURVE('',#1424,#3459);
#3459 = DEFINITIONAL_REPRESENTATION('',(#3460),#3464);
#3460 = LINE('',#3461,#3462);
#3461 = CARTESIAN_POINT('',(-6.28318530718,0.));
#3462 = VECTOR('',#3463,1.);
#3463 = DIRECTION('',(-0.,-1.));
#3464 = ( GEOMETRIC_REPRESENTATION_CONTEXT(2) 
PARAMETRIC_REPRESENTATION_CONTEXT() REPRESENTATION_CONTEXT('2D SPACE',''
  ) );
#3465 = PCURVE('',#1424,#3466);
#3466 = DEFINITIONAL_REPRESENTATION('',(#3467),#3471);
#3467 = LINE('',#3468,#3469);
#3468 = CARTESIAN_POINT('',(-0.,0.));
#3469 = VECTOR('',#3470,1.);
#3470 = DIRECTION('',(-0.,-1.));
#3471 = ( GEOMETRIC_REPRESENTATION_CONTEXT(2) 
PARAMETRIC_REPRESENTATION_CONTEXT() REPRESENTATION_CONTEXT('2D SPACE',''
  ) );
#3472 = ORIENTED_EDGE('',*,*,#1407,.F.);
#3473 = ORIENTED_EDGE('',*,*,#3452,.F.);
#3474 = ADVANCED_FACE('',(#3475),#1455,.F.);
#3475 = FACE_BOUND('',#3476,.T.);
#3476 = EDGE_LOOP('',(#3477,#3506,#3527,#3528));
#3477 = ORIENTED_EDGE('',*,*,#3478,.F.);
#3478 = EDGE_CURVE('',#3479,#3479,#3481,.T.);
#3479 = VERTEX_POINT('',#3480);
#3480 = CARTESIAN_POINT('',(-16.42766952966,-17.67766952966,185.));
#3481 = SURFACE_CURVE('',#3482,(#3487,#3494),.PCURVE_S1.);
#3482 = CIRCLE('',#3483,1.25);
#3483 = AXIS2_PLACEMENT_3D('',#3484,#3485,#3486);
#3484 = CARTESIAN_POINT('',(-17.67766952966,-17.67766952966,185.));
#3485 = DIRECTION('',(0.,0.,1.));
#3486 = DIRECTION('',(1.,0.,0.));
#3487 = PCURVE('',#1455,#3488);
#3488 = DEFINITIONAL_REPRESENTATION('',(#3489),#3493);
#3489 = LINE('',#3490,#3491);
#3490 = CARTESIAN_POINT('',(-0.,0.));
#3491 = VECTOR('',#3492,1.);
#3492 = DIRECTION('',(-1.,0.));
#3493 = ( GEOMETRIC_REPRESENTATION_CONTEXT(2) 
PARAMETRIC_REPRESENTATION_CONTEXT() REPRESENTATION_CONTEXT('2D SPACE',''
  ) );
#3494 = PCURVE('',#3495,#3500);
#3495 = PLANE('',#3496);
#3496 = AXIS2_PLACEMENT_3D('',#3497,#3498,#3499);
#3497 = CARTESIAN_POINT('',(-17.67766952966,-17.67766952966,185.));
#3498 = DIRECTION('',(0.,0.,1.));
#3499 = DIRECTION('',(1.,0.,-0.));
#3500 = DEFINITIONAL_REPRESENTATION('',(#3501),#3505);
#3501 = CIRCLE('',#3502,1.25);
#3502 = AXIS2_PLACEMENT_2D('',#3503,#3504);
#3503 = CARTESIAN_POINT('',(0.,0.));
#3504 = DIRECTION('',(1.,0.));
#3505 = ( GEOMETRIC_REPRESENTATION_CONTEXT(2) 
PARAMETRIC_REPRESENTATION_CONTEXT() REPRESENTATION_CONTEXT('2D SPACE',''
  ) );
#3506 = ORIENTED_EDGE('',*,*,#3507,.T.);
#3507 = EDGE_CURVE('',#3479,#1439,#3508,.T.);
#3508 = SEAM_CURVE('',#3509,(#3513,#3520),.PCURVE_S1.);
#3509 = LINE('',#3510,#3511);
#3510 = CARTESIAN_POINT('',(-16.42766952966,-17.67766952966,185.));
#3511 = VECTOR('',#3512,1.);
#3512 = DIRECTION('',(0.,0.,1.));
#3513 = PCURVE('',#1455,#3514);
#3514 = DEFINITIONAL_REPRESENTATION('',(#3515),#3519);
#3515 = LINE('',#3516,#3517);
#3516 = CARTESIAN_POINT('',(-6.28318530718,0.));
#3517 = VECTOR('',#3518,1.);
#3518 = DIRECTION('',(-0.,-1.));
#3519 = ( GEOMETRIC_REPRESENTATION_CONTEXT(2) 
PARAMETRIC_REPRESENTATION_CONTEXT() REPRESENTATION_CONTEXT('2D SPACE',''
  ) );
#3520 = PCURVE('',#1455,#3521);
#3521 = DEFINITIONAL_REPRESENTATION('',(#3522),#3526);
#3522 = LINE('',#3523,#3524);
#3523 = CARTESIAN_POINT('',(-0.,0.));
#3524 = VECTOR('',#3525,1.);
#3525 = DIRECTION('',(-0.,-1.));
#3526 = ( GEOMETRIC_REPRESENTATION_CONTEXT(2) 
PARAMETRIC_REPRESENTATION_CONTEXT() REPRESENTATION_CONTEXT('2D SPACE',''
  ) );
#3527 = ORIENTED_EDGE('',*,*,#1438,.F.);
#3528 = ORIENTED_EDGE('',*,*,#3507,.F.);
#3529 = ADVANCED_FACE('',(#3530),#1486,.F.);
#3530 = FACE_BOUND('',#3531,.T.);
#3531 = EDGE_LOOP('',(#3532,#3561,#3582,#3583));
#3532 = ORIENTED_EDGE('',*,*,#3533,.F.);
#3533 = EDGE_CURVE('',#3534,#3534,#3536,.T.);
#3534 = VERTEX_POINT('',#3535);
#3535 = CARTESIAN_POINT('',(18.927669529664,-17.67766952966,185.));
#3536 = SURFACE_CURVE('',#3537,(#3542,#3549),.PCURVE_S1.);
#3537 = CIRCLE('',#3538,1.25);
#3538 = AXIS2_PLACEMENT_3D('',#3539,#3540,#3541);
#3539 = CARTESIAN_POINT('',(17.677669529664,-17.67766952966,185.));
#3540 = DIRECTION('',(0.,0.,1.));
#3541 = DIRECTION('',(1.,0.,0.));
#3542 = PCURVE('',#1486,#3543);
#3543 = DEFINITIONAL_REPRESENTATION('',(#3544),#3548);
#3544 = LINE('',#3545,#3546);
#3545 = CARTESIAN_POINT('',(-0.,0.));
#3546 = VECTOR('',#3547,1.);
#3547 = DIRECTION('',(-1.,0.));
#3548 = ( GEOMETRIC_REPRESENTATION_CONTEXT(2) 
PARAMETRIC_REPRESENTATION_CONTEXT() REPRESENTATION_CONTEXT('2D SPACE',''
  ) );
#3549 = PCURVE('',#3550,#3555);
#3550 = PLANE('',#3551);
#3551 = AXIS2_PLACEMENT_3D('',#3552,#3553,#3554);
#3552 = CARTESIAN_POINT('',(17.677669529664,-17.67766952966,185.));
#3553 = DIRECTION('',(0.,0.,1.));
#3554 = DIRECTION('',(1.,0.,-0.));
#3555 = DEFINITIONAL_REPRESENTATION('',(#3556),#3560);
#3556 = CIRCLE('',#3557,1.25);
#3557 = AXIS2_PLACEMENT_2D('',#3558,#3559);
#3558 = CARTESIAN_POINT('',(0.,0.));
#3559 = DIRECTION('',(1.,0.));
#3560 = ( GEOMETRIC_REPRESENTATION_CONTEXT(2) 
PARAMETRIC_REPRESENTATION_CONTEXT() REPRESENTATION_CONTEXT('2D SPACE',''
  ) );
#3561 = ORIENTED_EDGE('',*,*,#3562,.T.);
#3562 = EDGE_CURVE('',#3534,#1470,#3563,.T.);
#3563 = SEAM_CURVE('',#3564,(#3568,#3575),.PCURVE_S1.);
#3564 = LINE('',#3565,#3566);
#3565 = CARTESIAN_POINT('',(18.927669529664,-17.67766952966,185.));
#3566 = VECTOR('',#3567,1.);
#3567 = DIRECTION('',(0.,0.,1.));
#3568 = PCURVE('',#1486,#3569);
#3569 = DEFINITIONAL_REPRESENTATION('',(#3570),#3574);
#3570 = LINE('',#3571,#3572);
#3571 = CARTESIAN_POINT('',(-6.28318530718,0.));
#3572 = VECTOR('',#3573,1.);
#3573 = DIRECTION('',(-0.,-1.));
#3574 = ( GEOMETRIC_REPRESENTATION_CONTEXT(2) 
PARAMETRIC_REPRESENTATION_CONTEXT() REPRESENTATION_CONTEXT('2D SPACE',''
  ) );
#3575 = PCURVE('',#1486,#3576);
#3576 = DEFINITIONAL_REPRESENTATION('',(#3577),#3581);
#3577 = LINE('',#3578,#3579);
#3578 = CARTESIAN_POINT('',(-0.,0.));
#3579 = VECTOR('',#3580,1.);
#3580 = DIRECTION('',(-0.,-1.));
#3581 = ( GEOMETRIC_REPRESENTATION_CONTEXT(2) 
PARAMETRIC_REPRESENTATION_CONTEXT() REPRESENTATION_CONTEXT('2D SPACE',''
  ) );
#3582 = ORIENTED_EDGE('',*,*,#1469,.F.);
#3583 = ORIENTED_EDGE('',*,*,#3562,.F.);
#3584 = ADVANCED_FACE('',(#3585),#1517,.F.);
#3585 = FACE_BOUND('',#3586,.T.);
#3586 = EDGE_LOOP('',(#3587,#3611,#3632,#3633));
#3587 = ORIENTED_EDGE('',*,*,#3588,.F.);
#3588 = EDGE_CURVE('',#3589,#3589,#3591,.T.);
#3589 = VERTEX_POINT('',#3590);
#3590 = CARTESIAN_POINT('',(21.05,0.,184.5));
#3591 = SURFACE_CURVE('',#3592,(#3597,#3604),.PCURVE_S1.);
#3592 = CIRCLE('',#3593,21.05);
#3593 = AXIS2_PLACEMENT_3D('',#3594,#3595,#3596);
#3594 = CARTESIAN_POINT('',(0.,0.,184.5));
#3595 = DIRECTION('',(0.,0.,1.));
#3596 = DIRECTION('',(1.,0.,0.));
#3597 = PCURVE('',#1517,#3598);
#3598 = DEFINITIONAL_REPRESENTATION('',(#3599),#3603);
#3599 = LINE('',#3600,#3601);
#3600 = CARTESIAN_POINT('',(-0.,0.));
#3601 = VECTOR('',#3602,1.);
#3602 = DIRECTION('',(-1.,0.));
#3603 = ( GEOMETRIC_REPRESENTATION_CONTEXT(2) 
PARAMETRIC_REPRESENTATION_CONTEXT() REPRESENTATION_CONTEXT('2D SPACE',''
  ) );
#3604 = PCURVE('',#2139,#3605);
#3605 = DEFINITIONAL_REPRESENTATION('',(#3606),#3610);
#3606 = CIRCLE('',#3607,21.05);
#3607 = AXIS2_PLACEMENT_2D('',#3608,#3609);
#3608 = CARTESIAN_POINT('',(5.196922118915E-16,8.592938374017E-16));
#3609 = DIRECTION('',(1.,0.));
#3610 = ( GEOMETRIC_REPRESENTATION_CONTEXT(2) 
PARAMETRIC_REPRESENTATION_CONTEXT() REPRESENTATION_CONTEXT('2D SPACE',''
  ) );
#3611 = ORIENTED_EDGE('',*,*,#3612,.T.);
#3612 = EDGE_CURVE('',#3589,#1501,#3613,.T.);
#3613 = SEAM_CURVE('',#3614,(#3618,#3625),.PCURVE_S1.);
#3614 = LINE('',#3615,#3616);
#3615 = CARTESIAN_POINT('',(21.05,0.,184.5));
#3616 = VECTOR('',#3617,1.);
#3617 = DIRECTION('',(0.,0.,1.));
#3618 = PCURVE('',#1517,#3619);
#3619 = DEFINITIONAL_REPRESENTATION('',(#3620),#3624);
#3620 = LINE('',#3621,#3622);
#3621 = CARTESIAN_POINT('',(-6.28318530718,0.));
#3622 = VECTOR('',#3623,1.);
#3623 = DIRECTION('',(-0.,-1.));
#3624 = ( GEOMETRIC_REPRESENTATION_CONTEXT(2) 
PARAMETRIC_REPRESENTATION_CONTEXT() REPRESENTATION_CONTEXT('2D SPACE',''
  ) );
#3625 = PCURVE('',#1517,#3626);
#3626 = DEFINITIONAL_REPRESENTATION('',(#3627),#3631);
#3627 = LINE('',#3628,#3629);
#3628 = CARTESIAN_POINT('',(-0.,0.));
#3629 = VECTOR('',#3630,1.);
#3630 = DIRECTION('',(-0.,-1.));
#3631 = ( GEOMETRIC_REPRESENTATION_CONTEXT(2) 
PARAMETRIC_REPRESENTATION_CONTEXT() REPRESENTATION_CONTEXT('2D SPACE',''
  ) );
#3632 = ORIENTED_EDGE('',*,*,#1500,.F.);
#3633 = ORIENTED_EDGE('',*,*,#3612,.F.);
#3634 = ADVANCED_FACE('',(#3635),#1574,.F.);
#3635 = FACE_BOUND('',#3636,.T.);
#3636 = EDGE_LOOP('',(#3637,#3666,#3687,#3688));
#3637 = ORIENTED_EDGE('',*,*,#3638,.F.);
#3638 = EDGE_CURVE('',#3639,#3639,#3641,.T.);
#3639 = VERTEX_POINT('',#3640);
#3640 = CARTESIAN_POINT('',(-16.42766952966,17.677669529664,185.));
#3641 = SURFACE_CURVE('',#3642,(#3647,#3654),.PCURVE_S1.);
#3642 = CIRCLE('',#3643,1.25);
#3643 = AXIS2_PLACEMENT_3D('',#3644,#3645,#3646);
#3644 = CARTESIAN_POINT('',(-17.67766952966,17.677669529664,185.));
#3645 = DIRECTION('',(0.,0.,1.));
#3646 = DIRECTION('',(1.,0.,0.));
#3647 = PCURVE('',#1574,#3648);
#3648 = DEFINITIONAL_REPRESENTATION('',(#3649),#3653);
#3649 = LINE('',#3650,#3651);
#3650 = CARTESIAN_POINT('',(-0.,0.));
#3651 = VECTOR('',#3652,1.);
#3652 = DIRECTION('',(-1.,0.));
#3653 = ( GEOMETRIC_REPRESENTATION_CONTEXT(2) 
PARAMETRIC_REPRESENTATION_CONTEXT() REPRESENTATION_CONTEXT('2D SPACE',''
  ) );
#3654 = PCURVE('',#3655,#3660);
#3655 = PLANE('',#3656);
#3656 = AXIS2_PLACEMENT_3D('',#3657,#3658,#3659);
#3657 = CARTESIAN_POINT('',(-17.67766952966,17.677669529664,185.));
#3658 = DIRECTION('',(0.,0.,1.));
#3659 = DIRECTION('',(1.,0.,-0.));
#3660 = DEFINITIONAL_REPRESENTATION('',(#3661),#3665);
#3661 = CIRCLE('',#3662,1.25);
#3662 = AXIS2_PLACEMENT_2D('',#3663,#3664);
#3663 = CARTESIAN_POINT('',(0.,0.));
#3664 = DIRECTION('',(1.,0.));
#3665 = ( GEOMETRIC_REPRESENTATION_CONTEXT(2) 
PARAMETRIC_REPRESENTATION_CONTEXT() REPRESENTATION_CONTEXT('2D SPACE',''
  ) );
#3666 = ORIENTED_EDGE('',*,*,#3667,.T.);
#3667 = EDGE_CURVE('',#3639,#1558,#3668,.T.);
#3668 = SEAM_CURVE('',#3669,(#3673,#3680),.PCURVE_S1.);
#3669 = LINE('',#3670,#3671);
#3670 = CARTESIAN_POINT('',(-16.42766952966,17.677669529664,185.));
#3671 = VECTOR('',#3672,1.);
#3672 = DIRECTION('',(0.,0.,1.));
#3673 = PCURVE('',#1574,#3674);
#3674 = DEFINITIONAL_REPRESENTATION('',(#3675),#3679);
#3675 = LINE('',#3676,#3677);
#3676 = CARTESIAN_POINT('',(-6.28318530718,0.));
#3677 = VECTOR('',#3678,1.);
#3678 = DIRECTION('',(-0.,-1.));
#3679 = ( GEOMETRIC_REPRESENTATION_CONTEXT(2) 
PARAMETRIC_REPRESENTATION_CONTEXT() REPRESENTATION_CONTEXT('2D SPACE',''
  ) );
#3680 = PCURVE('',#1574,#3681);
#3681 = DEFINITIONAL_REPRESENTATION('',(#3682),#3686);
#3682 = LINE('',#3683,#3684);
#3683 = CARTESIAN_POINT('',(-0.,0.));
#3684 = VECTOR('',#3685,1.);
#3685 = DIRECTION('',(-0.,-1.));
#3686 = ( GEOMETRIC_REPRESENTATION_CONTEXT(2) 
PARAMETRIC_REPRESENTATION_CONTEXT() REPRESENTATION_CONTEXT('2D SPACE',''
  ) );
#3687 = ORIENTED_EDGE('',*,*,#1557,.F.);
#3688 = ORIENTED_EDGE('',*,*,#3667,.F.);
#3689 = ADVANCED_FACE('',(#3690),#1686,.T.);
#3690 = FACE_BOUND('',#3691,.F.);
#3691 = EDGE_LOOP('',(#3692,#3693,#3694,#3695));
#3692 = ORIENTED_EDGE('',*,*,#3287,.F.);
#3693 = ORIENTED_EDGE('',*,*,#3265,.F.);
#3694 = ORIENTED_EDGE('',*,*,#1663,.F.);
#3695 = ORIENTED_EDGE('',*,*,#3398,.T.);
#3696 = ADVANCED_FACE('',(#3697),#1764,.F.);
#3697 = FACE_BOUND('',#3698,.T.);
#3698 = EDGE_LOOP('',(#3699,#3700,#3721,#3722));
#3699 = ORIENTED_EDGE('',*,*,#3336,.T.);
#3700 = ORIENTED_EDGE('',*,*,#3701,.T.);
#3701 = EDGE_CURVE('',#3337,#1744,#3702,.T.);
#3702 = SEAM_CURVE('',#3703,(#3707,#3714),.PCURVE_S1.);
#3703 = LINE('',#3704,#3705);
#3704 = CARTESIAN_POINT('',(-47.,2.55,100.));
#3705 = VECTOR('',#3706,1.);
#3706 = DIRECTION('',(1.,0.,0.));
#3707 = PCURVE('',#1764,#3708);
#3708 = DEFINITIONAL_REPRESENTATION('',(#3709),#3713);
#3709 = LINE('',#3710,#3711);
#3710 = CARTESIAN_POINT('',(-6.28318530718,0.));
#3711 = VECTOR('',#3712,1.);
#3712 = DIRECTION('',(-0.,-1.));
#3713 = ( GEOMETRIC_REPRESENTATION_CONTEXT(2) 
PARAMETRIC_REPRESENTATION_CONTEXT() REPRESENTATION_CONTEXT('2D SPACE',''
  ) );
#3714 = PCURVE('',#1764,#3715);
#3715 = DEFINITIONAL_REPRESENTATION('',(#3716),#3720);
#3716 = LINE('',#3717,#3718);
#3717 = CARTESIAN_POINT('',(-0.,0.));
#3718 = VECTOR('',#3719,1.);
#3719 = DIRECTION('',(-0.,-1.));
#3720 = ( GEOMETRIC_REPRESENTATION_CONTEXT(2) 
PARAMETRIC_REPRESENTATION_CONTEXT() REPRESENTATION_CONTEXT('2D SPACE',''
  ) );
#3721 = ORIENTED_EDGE('',*,*,#1743,.F.);
#3722 = ORIENTED_EDGE('',*,*,#3701,.F.);
#3723 = ADVANCED_FACE('',(#3724),#1799,.F.);
#3724 = FACE_BOUND('',#3725,.T.);
#3725 = EDGE_LOOP('',(#3726,#3727,#3748,#3749));
#3726 = ORIENTED_EDGE('',*,*,#3366,.T.);
#3727 = ORIENTED_EDGE('',*,*,#3728,.T.);
#3728 = EDGE_CURVE('',#3367,#1779,#3729,.T.);
#3729 = SEAM_CURVE('',#3730,(#3734,#3741),.PCURVE_S1.);
#3730 = LINE('',#3731,#3732);
#3731 = CARTESIAN_POINT('',(-47.,12.,150.));
#3732 = VECTOR('',#3733,1.);
#3733 = DIRECTION('',(1.,0.,0.));
#3734 = PCURVE('',#1799,#3735);
#3735 = DEFINITIONAL_REPRESENTATION('',(#3736),#3740);
#3736 = LINE('',#3737,#3738);
#3737 = CARTESIAN_POINT('',(-6.28318530718,0.));
#3738 = VECTOR('',#3739,1.);
#3739 = DIRECTION('',(-0.,-1.));
#3740 = ( GEOMETRIC_REPRESENTATION_CONTEXT(2) 
PARAMETRIC_REPRESENTATION_CONTEXT() REPRESENTATION_CONTEXT('2D SPACE',''
  ) );
#3741 = PCURVE('',#1799,#3742);
#3742 = DEFINITIONAL_REPRESENTATION('',(#3743),#3747);
#3743 = LINE('',#3744,#3745);
#3744 = CARTESIAN_POINT('',(-0.,0.));
#3745 = VECTOR('',#3746,1.);
#3746 = DIRECTION('',(-0.,-1.));
#3747 = ( GEOMETRIC_REPRESENTATION_CONTEXT(2) 
PARAMETRIC_REPRESENTATION_CONTEXT() REPRESENTATION_CONTEXT('2D SPACE',''
  ) );
#3748 = ORIENTED_EDGE('',*,*,#1778,.F.);
#3749 = ORIENTED_EDGE('',*,*,#3728,.F.);
#3750 = ADVANCED_FACE('',(#3751),#1936,.T.);
#3751 = FACE_BOUND('',#3752,.T.);
#3752 = EDGE_LOOP('',(#3753,#3754,#3755,#3778));
#3753 = ORIENTED_EDGE('',*,*,#2030,.F.);
#3754 = ORIENTED_EDGE('',*,*,#1922,.T.);
#3755 = ORIENTED_EDGE('',*,*,#3756,.T.);
#3756 = EDGE_CURVE('',#1895,#3757,#3759,.T.);
#3757 = VERTEX_POINT('',#3758);
#3758 = CARTESIAN_POINT('',(-14.,38.5,180.));
#3759 = SURFACE_CURVE('',#3760,(#3764,#3771),.PCURVE_S1.);
#3760 = LINE('',#3761,#3762);
#3761 = CARTESIAN_POINT('',(-14.,-18.5,180.));
#3762 = VECTOR('',#3763,1.);
#3763 = DIRECTION('',(0.,1.,0.));
#3764 = PCURVE('',#1936,#3765);
#3765 = DEFINITIONAL_REPRESENTATION('',(#3766),#3770);
#3766 = LINE('',#3767,#3768);
#3767 = CARTESIAN_POINT('',(3.,0.));
#3768 = VECTOR('',#3769,1.);
#3769 = DIRECTION('',(0.,1.));
#3770 = ( GEOMETRIC_REPRESENTATION_CONTEXT(2) 
PARAMETRIC_REPRESENTATION_CONTEXT() REPRESENTATION_CONTEXT('2D SPACE',''
  ) );
#3771 = PCURVE('',#2541,#3772);
#3772 = DEFINITIONAL_REPRESENTATION('',(#3773),#3777);
#3773 = LINE('',#3774,#3775);
#3774 = CARTESIAN_POINT('',(7.1,0.));
#3775 = VECTOR('',#3776,1.);
#3776 = DIRECTION('',(0.,-1.));
#3777 = ( GEOMETRIC_REPRESENTATION_CONTEXT(2) 
PARAMETRIC_REPRESENTATION_CONTEXT() REPRESENTATION_CONTEXT('2D SPACE',''
  ) );
#3778 = ORIENTED_EDGE('',*,*,#3779,.F.);
#3779 = EDGE_CURVE('',#2003,#3757,#3780,.T.);
#3780 = SURFACE_CURVE('',#3781,(#3785,#3792),.PCURVE_S1.);
#3781 = LINE('',#3782,#3783);
#3782 = CARTESIAN_POINT('',(-17.,38.5,180.));
#3783 = VECTOR('',#3784,1.);
#3784 = DIRECTION('',(1.,0.,0.));
#3785 = PCURVE('',#1936,#3786);
#3786 = DEFINITIONAL_REPRESENTATION('',(#3787),#3791);
#3787 = LINE('',#3788,#3789);
#3788 = CARTESIAN_POINT('',(0.,57.));
#3789 = VECTOR('',#3790,1.);
#3790 = DIRECTION('',(1.,0.));
#3791 = ( GEOMETRIC_REPRESENTATION_CONTEXT(2) 
PARAMETRIC_REPRESENTATION_CONTEXT() REPRESENTATION_CONTEXT('2D SPACE',''
  ) );
#3792 = PCURVE('',#2018,#3793);
#3793 = DEFINITIONAL_REPRESENTATION('',(#3794),#3798);
#3794 = LINE('',#3795,#3796);
#3795 = CARTESIAN_POINT('',(19.6,0.));
#3796 = VECTOR('',#3797,1.);
#3797 = DIRECTION('',(0.,1.));
#3798 = ( GEOMETRIC_REPRESENTATION_CONTEXT(2) 
PARAMETRIC_REPRESENTATION_CONTEXT() REPRESENTATION_CONTEXT('2D SPACE',''
  ) );
#3799 = ADVANCED_FACE('',(#3800),#1910,.F.);
#3800 = FACE_BOUND('',#3801,.F.);
#3801 = EDGE_LOOP('',(#3802,#3803,#3824,#3825));
#3802 = ORIENTED_EDGE('',*,*,#1894,.F.);
#3803 = ORIENTED_EDGE('',*,*,#3804,.F.);
#3804 = EDGE_CURVE('',#2440,#1895,#3805,.T.);
#3805 = SURFACE_CURVE('',#3806,(#3810,#3817),.PCURVE_S1.);
#3806 = LINE('',#3807,#3808);
#3807 = CARTESIAN_POINT('',(-14.,-18.5,180.));
#3808 = VECTOR('',#3809,1.);
#3809 = DIRECTION('',(0.,1.,0.));
#3810 = PCURVE('',#1910,#3811);
#3811 = DEFINITIONAL_REPRESENTATION('',(#3812),#3816);
#3812 = LINE('',#3813,#3814);
#3813 = CARTESIAN_POINT('',(26.,13.5));
#3814 = VECTOR('',#3815,1.);
#3815 = DIRECTION('',(0.,1.));
#3816 = ( GEOMETRIC_REPRESENTATION_CONTEXT(2) 
PARAMETRIC_REPRESENTATION_CONTEXT() REPRESENTATION_CONTEXT('2D SPACE',''
  ) );
#3817 = PCURVE('',#2541,#3818);
#3818 = DEFINITIONAL_REPRESENTATION('',(#3819),#3823);
#3819 = LINE('',#3820,#3821);
#3820 = CARTESIAN_POINT('',(7.1,0.));
#3821 = VECTOR('',#3822,1.);
#3822 = DIRECTION('',(0.,-1.));
#3823 = ( GEOMETRIC_REPRESENTATION_CONTEXT(2) 
PARAMETRIC_REPRESENTATION_CONTEXT() REPRESENTATION_CONTEXT('2D SPACE',''
  ) );
#3824 = ORIENTED_EDGE('',*,*,#2439,.T.);
#3825 = ORIENTED_EDGE('',*,*,#3826,.T.);
#3826 = EDGE_CURVE('',#2442,#1867,#3827,.T.);
#3827 = SURFACE_CURVE('',#3828,(#3832,#3839),.PCURVE_S1.);
#3828 = LINE('',#3829,#3830);
#3829 = CARTESIAN_POINT('',(14.,-18.5,180.));
#3830 = VECTOR('',#3831,1.);
#3831 = DIRECTION('',(0.,1.,0.));
#3832 = PCURVE('',#1910,#3833);
#3833 = DEFINITIONAL_REPRESENTATION('',(#3834),#3838);
#3834 = LINE('',#3835,#3836);
#3835 = CARTESIAN_POINT('',(54.,13.5));
#3836 = VECTOR('',#3837,1.);
#3837 = DIRECTION('',(0.,1.));
#3838 = ( GEOMETRIC_REPRESENTATION_CONTEXT(2) 
PARAMETRIC_REPRESENTATION_CONTEXT() REPRESENTATION_CONTEXT('2D SPACE',''
  ) );
#3839 = PCURVE('',#2484,#3840);
#3840 = DEFINITIONAL_REPRESENTATION('',(#3841),#3845);
#3841 = LINE('',#3842,#3843);
#3842 = CARTESIAN_POINT('',(7.1,0.));
#3843 = VECTOR('',#3844,1.);
#3844 = DIRECTION('',(0.,-1.));
#3845 = ( GEOMETRIC_REPRESENTATION_CONTEXT(2) 
PARAMETRIC_REPRESENTATION_CONTEXT() REPRESENTATION_CONTEXT('2D SPACE',''
  ) );
#3846 = ADVANCED_FACE('',(#3847),#1882,.T.);
#3847 = FACE_BOUND('',#3848,.T.);
#3848 = EDGE_LOOP('',(#3849,#3872,#3873,#3874));
#3849 = ORIENTED_EDGE('',*,*,#3850,.F.);
#3850 = EDGE_CURVE('',#1867,#3851,#3853,.T.);
#3851 = VERTEX_POINT('',#3852);
#3852 = CARTESIAN_POINT('',(14.,38.5,180.));
#3853 = SURFACE_CURVE('',#3854,(#3858,#3865),.PCURVE_S1.);
#3854 = LINE('',#3855,#3856);
#3855 = CARTESIAN_POINT('',(14.,-18.5,180.));
#3856 = VECTOR('',#3857,1.);
#3857 = DIRECTION('',(0.,1.,0.));
#3858 = PCURVE('',#1882,#3859);
#3859 = DEFINITIONAL_REPRESENTATION('',(#3860),#3864);
#3860 = LINE('',#3861,#3862);
#3861 = CARTESIAN_POINT('',(0.,0.));
#3862 = VECTOR('',#3863,1.);
#3863 = DIRECTION('',(0.,1.));
#3864 = ( GEOMETRIC_REPRESENTATION_CONTEXT(2) 
PARAMETRIC_REPRESENTATION_CONTEXT() REPRESENTATION_CONTEXT('2D SPACE',''
  ) );
#3865 = PCURVE('',#2484,#3866);
#3866 = DEFINITIONAL_REPRESENTATION('',(#3867),#3871);
#3867 = LINE('',#3868,#3869);
#3868 = CARTESIAN_POINT('',(7.1,0.));
#3869 = VECTOR('',#3870,1.);
#3870 = DIRECTION('',(0.,-1.));
#3871 = ( GEOMETRIC_REPRESENTATION_CONTEXT(2) 
PARAMETRIC_REPRESENTATION_CONTEXT() REPRESENTATION_CONTEXT('2D SPACE',''
  ) );
#3872 = ORIENTED_EDGE('',*,*,#1866,.T.);
#3873 = ORIENTED_EDGE('',*,*,#3030,.T.);
#3874 = ORIENTED_EDGE('',*,*,#3875,.F.);
#3875 = EDGE_CURVE('',#3851,#3008,#3876,.T.);
#3876 = SURFACE_CURVE('',#3877,(#3881,#3888),.PCURVE_S1.);
#3877 = LINE('',#3878,#3879);
#3878 = CARTESIAN_POINT('',(14.,38.5,180.));
#3879 = VECTOR('',#3880,1.);
#3880 = DIRECTION('',(1.,0.,0.));
#3881 = PCURVE('',#1882,#3882);
#3882 = DEFINITIONAL_REPRESENTATION('',(#3883),#3887);
#3883 = LINE('',#3884,#3885);
#3884 = CARTESIAN_POINT('',(0.,57.));
#3885 = VECTOR('',#3886,1.);
#3886 = DIRECTION('',(1.,0.));
#3887 = ( GEOMETRIC_REPRESENTATION_CONTEXT(2) 
PARAMETRIC_REPRESENTATION_CONTEXT() REPRESENTATION_CONTEXT('2D SPACE',''
  ) );
#3888 = PCURVE('',#2018,#3889);
#3889 = DEFINITIONAL_REPRESENTATION('',(#3890),#3894);
#3890 = LINE('',#3891,#3892);
#3891 = CARTESIAN_POINT('',(19.6,31.));
#3892 = VECTOR('',#3893,1.);
#3893 = DIRECTION('',(0.,1.));
#3894 = ( GEOMETRIC_REPRESENTATION_CONTEXT(2) 
PARAMETRIC_REPRESENTATION_CONTEXT() REPRESENTATION_CONTEXT('2D SPACE',''
  ) );
#3895 = ADVANCED_FACE('',(#3896,#3904),#2088,.T.);
#3896 = FACE_BOUND('',#3897,.T.);
#3897 = EDGE_LOOP('',(#3898,#3899,#3900,#3901,#3902,#3903));
#3898 = ORIENTED_EDGE('',*,*,#3053,.F.);
#3899 = ORIENTED_EDGE('',*,*,#2392,.T.);
#3900 = ORIENTED_EDGE('',*,*,#2073,.T.);
#3901 = ORIENTED_EDGE('',*,*,#2367,.T.);
#3902 = ORIENTED_EDGE('',*,*,#2625,.T.);
#3903 = ORIENTED_EDGE('',*,*,#2194,.T.);
#3904 = FACE_BOUND('',#3905,.T.);
#3905 = EDGE_LOOP('',(#3906));
#3906 = ORIENTED_EDGE('',*,*,#3907,.T.);
#3907 = EDGE_CURVE('',#3908,#3908,#3910,.T.);
#3908 = VERTEX_POINT('',#3909);
#3909 = CARTESIAN_POINT('',(6.5,0.,171.9));
#3910 = SURFACE_CURVE('',#3911,(#3916,#3927),.PCURVE_S1.);
#3911 = CIRCLE('',#3912,6.5);
#3912 = AXIS2_PLACEMENT_3D('',#3913,#3914,#3915);
#3913 = CARTESIAN_POINT('',(0.,0.,171.9));
#3914 = DIRECTION('',(0.,0.,-1.));
#3915 = DIRECTION('',(1.,0.,0.));
#3916 = PCURVE('',#2088,#3917);
#3917 = DEFINITIONAL_REPRESENTATION('',(#3918),#3926);
#3918 = ( BOUNDED_CURVE() B_SPLINE_CURVE(2,(#3919,#3920,#3921,#3922,
#3923,#3924,#3925),.UNSPECIFIED.,.T.,.F.) B_SPLINE_CURVE_WITH_KNOTS((1,2
    ,2,2,2,1),(-2.094395102393,0.,2.094395102393,4.188790204786,
6.28318530718,8.377580409573),.UNSPECIFIED.) CURVE() 
GEOMETRIC_REPRESENTATION_ITEM() RATIONAL_B_SPLINE_CURVE((1.,0.5,1.,0.5,
1.,0.5,1.)) REPRESENTATION_ITEM('') );
#3919 = CARTESIAN_POINT('',(6.5,-3.259817405866E-16));
#3920 = CARTESIAN_POINT('',(6.5,-11.25833024919));
#3921 = CARTESIAN_POINT('',(-3.25,-5.629165124599));
#3922 = CARTESIAN_POINT('',(-13.,-1.918022579478E-15));
#3923 = CARTESIAN_POINT('',(-3.25,5.629165124599));
#3924 = CARTESIAN_POINT('',(6.5,11.258330249198));
#3925 = CARTESIAN_POINT('',(6.5,-3.259817405866E-16));
#3926 = ( GEOMETRIC_REPRESENTATION_CONTEXT(2) 
PARAMETRIC_REPRESENTATION_CONTEXT() REPRESENTATION_CONTEXT('2D SPACE',''
  ) );
#3927 = PCURVE('',#3928,#3933);
#3928 = CYLINDRICAL_SURFACE('',#3929,6.5);
#3929 = AXIS2_PLACEMENT_3D('',#3930,#3931,#3932);
#3930 = CARTESIAN_POINT('',(0.,0.,169.5));
#3931 = DIRECTION('',(-0.,-0.,-1.));
#3932 = DIRECTION('',(1.,0.,0.));
#3933 = DEFINITIONAL_REPRESENTATION('',(#3934),#3938);
#3934 = LINE('',#3935,#3936);
#3935 = CARTESIAN_POINT('',(-6.28318530718,-2.4));
#3936 = VECTOR('',#3937,1.);
#3937 = DIRECTION('',(1.,-0.));
#3938 = ( GEOMETRIC_REPRESENTATION_CONTEXT(2) 
PARAMETRIC_REPRESENTATION_CONTEXT() REPRESENTATION_CONTEXT('2D SPACE',''
  ) );
#3939 = ADVANCED_FACE('',(#3940,#4135),#2018,.T.);
#3940 = FACE_BOUND('',#3941,.T.);
#3941 = EDGE_LOOP('',(#3942,#3965,#3966,#3967,#3990,#4013,#4034,#4035,
    #4036,#4059,#4085,#4111));
#3942 = ORIENTED_EDGE('',*,*,#3943,.F.);
#3943 = EDGE_CURVE('',#1975,#3944,#3946,.T.);
#3944 = VERTEX_POINT('',#3945);
#3945 = CARTESIAN_POINT('',(-1.5,38.5,160.4));
#3946 = SURFACE_CURVE('',#3947,(#3951,#3958),.PCURVE_S1.);
#3947 = LINE('',#3948,#3949);
#3948 = CARTESIAN_POINT('',(-17.,38.5,160.4));
#3949 = VECTOR('',#3950,1.);
#3950 = DIRECTION('',(1.,0.,0.));
#3951 = PCURVE('',#2018,#3952);
#3952 = DEFINITIONAL_REPRESENTATION('',(#3953),#3957);
#3953 = LINE('',#3954,#3955);
#3954 = CARTESIAN_POINT('',(0.,0.));
#3955 = VECTOR('',#3956,1.);
#3956 = DIRECTION('',(0.,1.));
#3957 = ( GEOMETRIC_REPRESENTATION_CONTEXT(2) 
PARAMETRIC_REPRESENTATION_CONTEXT() REPRESENTATION_CONTEXT('2D SPACE',''
  ) );
#3958 = PCURVE('',#1990,#3959);
#3959 = DEFINITIONAL_REPRESENTATION('',(#3960),#3964);
#3960 = LINE('',#3961,#3962);
#3961 = CARTESIAN_POINT('',(0.,57.));
#3962 = VECTOR('',#3963,1.);
#3963 = DIRECTION('',(1.,0.));
#3964 = ( GEOMETRIC_REPRESENTATION_CONTEXT(2) 
PARAMETRIC_REPRESENTATION_CONTEXT() REPRESENTATION_CONTEXT('2D SPACE',''
  ) );
#3965 = ORIENTED_EDGE('',*,*,#2002,.F.);
#3966 = ORIENTED_EDGE('',*,*,#3779,.T.);
#3967 = ORIENTED_EDGE('',*,*,#3968,.F.);
#3968 = EDGE_CURVE('',#3969,#3757,#3971,.T.);
#3969 = VERTEX_POINT('',#3970);
#3970 = CARTESIAN_POINT('',(-14.,38.5,172.9));
#3971 = SURFACE_CURVE('',#3972,(#3976,#3983),.PCURVE_S1.);
#3972 = LINE('',#3973,#3974);
#3973 = CARTESIAN_POINT('',(-14.,38.5,172.9));
#3974 = VECTOR('',#3975,1.);
#3975 = DIRECTION('',(0.,0.,1.));
#3976 = PCURVE('',#2018,#3977);
#3977 = DEFINITIONAL_REPRESENTATION('',(#3978),#3982);
#3978 = LINE('',#3979,#3980);
#3979 = CARTESIAN_POINT('',(12.5,3.));
#3980 = VECTOR('',#3981,1.);
#3981 = DIRECTION('',(1.,0.));
#3982 = ( GEOMETRIC_REPRESENTATION_CONTEXT(2) 
PARAMETRIC_REPRESENTATION_CONTEXT() REPRESENTATION_CONTEXT('2D SPACE',''
  ) );
#3983 = PCURVE('',#2541,#3984);
#3984 = DEFINITIONAL_REPRESENTATION('',(#3985),#3989);
#3985 = LINE('',#3986,#3987);
#3986 = CARTESIAN_POINT('',(0.,-57.));
#3987 = VECTOR('',#3988,1.);
#3988 = DIRECTION('',(1.,0.));
#3989 = ( GEOMETRIC_REPRESENTATION_CONTEXT(2) 
PARAMETRIC_REPRESENTATION_CONTEXT() REPRESENTATION_CONTEXT('2D SPACE',''
  ) );
#3990 = ORIENTED_EDGE('',*,*,#3991,.T.);
#3991 = EDGE_CURVE('',#3969,#3992,#3994,.T.);
#3992 = VERTEX_POINT('',#3993);
#3993 = CARTESIAN_POINT('',(14.,38.5,172.9));
#3994 = SURFACE_CURVE('',#3995,(#3999,#4006),.PCURVE_S1.);
#3995 = LINE('',#3996,#3997);
#3996 = CARTESIAN_POINT('',(-17.,38.5,172.9));
#3997 = VECTOR('',#3998,1.);
#3998 = DIRECTION('',(1.,0.,0.));
#3999 = PCURVE('',#2018,#4000);
#4000 = DEFINITIONAL_REPRESENTATION('',(#4001),#4005);
#4001 = LINE('',#4002,#4003);
#4002 = CARTESIAN_POINT('',(12.5,0.));
#4003 = VECTOR('',#4004,1.);
#4004 = DIRECTION('',(0.,1.));
#4005 = ( GEOMETRIC_REPRESENTATION_CONTEXT(2) 
PARAMETRIC_REPRESENTATION_CONTEXT() REPRESENTATION_CONTEXT('2D SPACE',''
  ) );
#4006 = PCURVE('',#2512,#4007);
#4007 = DEFINITIONAL_REPRESENTATION('',(#4008),#4012);
#4008 = LINE('',#4009,#4010);
#4009 = CARTESIAN_POINT('',(0.,57.));
#4010 = VECTOR('',#4011,1.);
#4011 = DIRECTION('',(1.,0.));
#4012 = ( GEOMETRIC_REPRESENTATION_CONTEXT(2) 
PARAMETRIC_REPRESENTATION_CONTEXT() REPRESENTATION_CONTEXT('2D SPACE',''
  ) );
#4013 = ORIENTED_EDGE('',*,*,#4014,.T.);
#4014 = EDGE_CURVE('',#3992,#3851,#4015,.T.);
#4015 = SURFACE_CURVE('',#4016,(#4020,#4027),.PCURVE_S1.);
#4016 = LINE('',#4017,#4018);
#4017 = CARTESIAN_POINT('',(14.,38.5,172.9));
#4018 = VECTOR('',#4019,1.);
#4019 = DIRECTION('',(0.,0.,1.));
#4020 = PCURVE('',#2018,#4021);
#4021 = DEFINITIONAL_REPRESENTATION('',(#4022),#4026);
#4022 = LINE('',#4023,#4024);
#4023 = CARTESIAN_POINT('',(12.5,31.));
#4024 = VECTOR('',#4025,1.);
#4025 = DIRECTION('',(1.,0.));
#4026 = ( GEOMETRIC_REPRESENTATION_CONTEXT(2) 
PARAMETRIC_REPRESENTATION_CONTEXT() REPRESENTATION_CONTEXT('2D SPACE',''
  ) );
#4027 = PCURVE('',#2484,#4028);
#4028 = DEFINITIONAL_REPRESENTATION('',(#4029),#4033);
#4029 = LINE('',#4030,#4031);
#4030 = CARTESIAN_POINT('',(0.,-57.));
#4031 = VECTOR('',#4032,1.);
#4032 = DIRECTION('',(1.,0.));
#4033 = ( GEOMETRIC_REPRESENTATION_CONTEXT(2) 
PARAMETRIC_REPRESENTATION_CONTEXT() REPRESENTATION_CONTEXT('2D SPACE',''
  ) );
#4034 = ORIENTED_EDGE('',*,*,#3875,.T.);
#4035 = ORIENTED_EDGE('',*,*,#3007,.T.);
#4036 = ORIENTED_EDGE('',*,*,#4037,.F.);
#4037 = EDGE_CURVE('',#4038,#2985,#4040,.T.);
#4038 = VERTEX_POINT('',#4039);
#4039 = CARTESIAN_POINT('',(1.5,38.5,160.4));
#4040 = SURFACE_CURVE('',#4041,(#4045,#4052),.PCURVE_S1.);
#4041 = LINE('',#4042,#4043);
#4042 = CARTESIAN_POINT('',(-17.,38.5,160.4));
#4043 = VECTOR('',#4044,1.);
#4044 = DIRECTION('',(1.,0.,0.));
#4045 = PCURVE('',#2018,#4046);
#4046 = DEFINITIONAL_REPRESENTATION('',(#4047),#4051);
#4047 = LINE('',#4048,#4049);
#4048 = CARTESIAN_POINT('',(0.,0.));
#4049 = VECTOR('',#4050,1.);
#4050 = DIRECTION('',(0.,1.));
#4051 = ( GEOMETRIC_REPRESENTATION_CONTEXT(2) 
PARAMETRIC_REPRESENTATION_CONTEXT() REPRESENTATION_CONTEXT('2D SPACE',''
  ) );
#4052 = PCURVE('',#2729,#4053);
#4053 = DEFINITIONAL_REPRESENTATION('',(#4054),#4058);
#4054 = LINE('',#4055,#4056);
#4055 = CARTESIAN_POINT('',(0.,57.));
#4056 = VECTOR('',#4057,1.);
#4057 = DIRECTION('',(1.,0.));
#4058 = ( GEOMETRIC_REPRESENTATION_CONTEXT(2) 
PARAMETRIC_REPRESENTATION_CONTEXT() REPRESENTATION_CONTEXT('2D SPACE',''
  ) );
#4059 = ORIENTED_EDGE('',*,*,#4060,.F.);
#4060 = EDGE_CURVE('',#4061,#4038,#4063,.T.);
#4061 = VERTEX_POINT('',#4062);
#4062 = CARTESIAN_POINT('',(1.5,38.5,162.9));
#4063 = SURFACE_CURVE('',#4064,(#4068,#4074),.PCURVE_S1.);
#4064 = LINE('',#4065,#4066);
#4065 = CARTESIAN_POINT('',(1.5,38.5,160.4));
#4066 = VECTOR('',#4067,1.);
#4067 = DIRECTION('',(0.,0.,-1.));
#4068 = PCURVE('',#2018,#4069);
#4069 = DEFINITIONAL_REPRESENTATION('',(#4070),#4073);
#4070 = B_SPLINE_CURVE_WITH_KNOTS('',1,(#4071,#4072),.UNSPECIFIED.,.F.,
  .F.,(2,2),(-2.5,0.),.PIECEWISE_BEZIER_KNOTS.);
#4071 = CARTESIAN_POINT('',(2.5,18.5));
#4072 = CARTESIAN_POINT('',(0.,18.5));
#4073 = ( GEOMETRIC_REPRESENTATION_CONTEXT(2) 
PARAMETRIC_REPRESENTATION_CONTEXT() REPRESENTATION_CONTEXT('2D SPACE',''
  ) );
#4074 = PCURVE('',#4075,#4080);
#4075 = PLANE('',#4076);
#4076 = AXIS2_PLACEMENT_3D('',#4077,#4078,#4079);
#4077 = CARTESIAN_POINT('',(1.5,-19.5,160.4));
#4078 = DIRECTION('',(1.,0.,0.));
#4079 = DIRECTION('',(0.,0.,1.));
#4080 = DEFINITIONAL_REPRESENTATION('',(#4081),#4084);
#4081 = B_SPLINE_CURVE_WITH_KNOTS('',1,(#4082,#4083),.UNSPECIFIED.,.F.,
  .F.,(2,2),(-2.5,0.),.PIECEWISE_BEZIER_KNOTS.);
#4082 = CARTESIAN_POINT('',(2.5,-58.));
#4083 = CARTESIAN_POINT('',(0.,-58.));
#4084 = ( GEOMETRIC_REPRESENTATION_CONTEXT(2) 
PARAMETRIC_REPRESENTATION_CONTEXT() REPRESENTATION_CONTEXT('2D SPACE',''
  ) );
#4085 = ORIENTED_EDGE('',*,*,#4086,.F.);
#4086 = EDGE_CURVE('',#4087,#4061,#4089,.T.);
#4087 = VERTEX_POINT('',#4088);
#4088 = CARTESIAN_POINT('',(-1.5,38.5,162.9));
#4089 = SURFACE_CURVE('',#4090,(#4094,#4100),.PCURVE_S1.);
#4090 = LINE('',#4091,#4092);
#4091 = CARTESIAN_POINT('',(-9.25,38.5,162.9));
#4092 = VECTOR('',#4093,1.);
#4093 = DIRECTION('',(1.,0.,0.));
#4094 = PCURVE('',#2018,#4095);
#4095 = DEFINITIONAL_REPRESENTATION('',(#4096),#4099);
#4096 = B_SPLINE_CURVE_WITH_KNOTS('',1,(#4097,#4098),.UNSPECIFIED.,.F.,
  .F.,(2,2),(7.75,10.75),.PIECEWISE_BEZIER_KNOTS.);
#4097 = CARTESIAN_POINT('',(2.5,15.5));
#4098 = CARTESIAN_POINT('',(2.5,18.5));
#4099 = ( GEOMETRIC_REPRESENTATION_CONTEXT(2) 
PARAMETRIC_REPRESENTATION_CONTEXT() REPRESENTATION_CONTEXT('2D SPACE',''
  ) );
#4100 = PCURVE('',#4101,#4106);
#4101 = PLANE('',#4102);
#4102 = AXIS2_PLACEMENT_3D('',#4103,#4104,#4105);
#4103 = CARTESIAN_POINT('',(-1.5,-19.5,162.9));
#4104 = DIRECTION('',(0.,0.,1.));
#4105 = DIRECTION('',(1.,0.,0.));
#4106 = DEFINITIONAL_REPRESENTATION('',(#4107),#4110);
#4107 = B_SPLINE_CURVE_WITH_KNOTS('',1,(#4108,#4109),.UNSPECIFIED.,.F.,
  .F.,(2,2),(7.75,10.75),.PIECEWISE_BEZIER_KNOTS.);
#4108 = CARTESIAN_POINT('',(0.,58.));
#4109 = CARTESIAN_POINT('',(3.,58.));
#4110 = ( GEOMETRIC_REPRESENTATION_CONTEXT(2) 
PARAMETRIC_REPRESENTATION_CONTEXT() REPRESENTATION_CONTEXT('2D SPACE',''
  ) );
#4111 = ORIENTED_EDGE('',*,*,#4112,.T.);
#4112 = EDGE_CURVE('',#4087,#3944,#4113,.T.);
#4113 = SURFACE_CURVE('',#4114,(#4118,#4124),.PCURVE_S1.);
#4114 = LINE('',#4115,#4116);
#4115 = CARTESIAN_POINT('',(-1.5,38.5,160.4));
#4116 = VECTOR('',#4117,1.);
#4117 = DIRECTION('',(0.,0.,-1.));
#4118 = PCURVE('',#2018,#4119);
#4119 = DEFINITIONAL_REPRESENTATION('',(#4120),#4123);
#4120 = B_SPLINE_CURVE_WITH_KNOTS('',1,(#4121,#4122),.UNSPECIFIED.,.F.,
  .F.,(2,2),(-2.5,0.),.PIECEWISE_BEZIER_KNOTS.);
#4121 = CARTESIAN_POINT('',(2.5,15.5));
#4122 = CARTESIAN_POINT('',(0.,15.5));
#4123 = ( GEOMETRIC_REPRESENTATION_CONTEXT(2) 
PARAMETRIC_REPRESENTATION_CONTEXT() REPRESENTATION_CONTEXT('2D SPACE',''
  ) );
#4124 = PCURVE('',#4125,#4130);
#4125 = PLANE('',#4126);
#4126 = AXIS2_PLACEMENT_3D('',#4127,#4128,#4129);
#4127 = CARTESIAN_POINT('',(-1.5,-19.5,160.4));
#4128 = DIRECTION('',(1.,0.,0.));
#4129 = DIRECTION('',(0.,0.,1.));
#4130 = DEFINITIONAL_REPRESENTATION('',(#4131),#4134);
#4131 = B_SPLINE_CURVE_WITH_KNOTS('',1,(#4132,#4133),.UNSPECIFIED.,.F.,
  .F.,(2,2),(-2.5,0.),.PIECEWISE_BEZIER_KNOTS.);
#4132 = CARTESIAN_POINT('',(2.5,-58.));
#4133 = CARTESIAN_POINT('',(0.,-58.));
#4134 = ( GEOMETRIC_REPRESENTATION_CONTEXT(2) 
PARAMETRIC_REPRESENTATION_CONTEXT() REPRESENTATION_CONTEXT('2D SPACE',''
  ) );
#4135 = FACE_BOUND('',#4136,.T.);
#4136 = EDGE_LOOP('',(#4137,#4161,#4183,#4209));
#4137 = ORIENTED_EDGE('',*,*,#4138,.F.);
#4138 = EDGE_CURVE('',#4139,#4141,#4143,.T.);
#4139 = VERTEX_POINT('',#4140);
#4140 = CARTESIAN_POINT('',(-10.32,38.5,170.5));
#4141 = VERTEX_POINT('',#4142);
#4142 = CARTESIAN_POINT('',(10.32,38.5,170.5));
#4143 = SURFACE_CURVE('',#4144,(#4148,#4154),.PCURVE_S1.);
#4144 = LINE('',#4145,#4146);
#4145 = CARTESIAN_POINT('',(-13.66,38.5,170.5));
#4146 = VECTOR('',#4147,1.);
#4147 = DIRECTION('',(1.,0.,0.));
#4148 = PCURVE('',#2018,#4149);
#4149 = DEFINITIONAL_REPRESENTATION('',(#4150),#4153);
#4150 = B_SPLINE_CURVE_WITH_KNOTS('',1,(#4151,#4152),.UNSPECIFIED.,.F.,
  .F.,(2,2),(3.34,23.98),.PIECEWISE_BEZIER_KNOTS.);
#4151 = CARTESIAN_POINT('',(10.1,6.68));
#4152 = CARTESIAN_POINT('',(10.1,27.32));
#4153 = ( GEOMETRIC_REPRESENTATION_CONTEXT(2) 
PARAMETRIC_REPRESENTATION_CONTEXT() REPRESENTATION_CONTEXT('2D SPACE',''
  ) );
#4154 = PCURVE('',#2836,#4155);
#4155 = DEFINITIONAL_REPRESENTATION('',(#4156),#4160);
#4156 = LINE('',#4157,#4158);
#4157 = CARTESIAN_POINT('',(-3.34,58.));
#4158 = VECTOR('',#4159,1.);
#4159 = DIRECTION('',(1.,0.));
#4160 = ( GEOMETRIC_REPRESENTATION_CONTEXT(2) 
PARAMETRIC_REPRESENTATION_CONTEXT() REPRESENTATION_CONTEXT('2D SPACE',''
  ) );
#4161 = ORIENTED_EDGE('',*,*,#4162,.T.);
#4162 = EDGE_CURVE('',#4139,#4163,#4165,.T.);
#4163 = VERTEX_POINT('',#4164);
#4164 = CARTESIAN_POINT('',(-10.32,38.5,166.4));
#4165 = SURFACE_CURVE('',#4166,(#4170,#4176),.PCURVE_S1.);
#4166 = LINE('',#4167,#4168);
#4167 = CARTESIAN_POINT('',(-10.32,38.5,163.4));
#4168 = VECTOR('',#4169,1.);
#4169 = DIRECTION('',(0.,0.,-1.));
#4170 = PCURVE('',#2018,#4171);
#4171 = DEFINITIONAL_REPRESENTATION('',(#4172),#4175);
#4172 = B_SPLINE_CURVE_WITH_KNOTS('',1,(#4173,#4174),.UNSPECIFIED.,.F.,
  .F.,(2,2),(-7.1,-3.),.PIECEWISE_BEZIER_KNOTS.);
#4173 = CARTESIAN_POINT('',(10.1,6.68));
#4174 = CARTESIAN_POINT('',(6.,6.68));
#4175 = ( GEOMETRIC_REPRESENTATION_CONTEXT(2) 
PARAMETRIC_REPRESENTATION_CONTEXT() REPRESENTATION_CONTEXT('2D SPACE',''
  ) );
#4176 = PCURVE('',#2863,#4177);
#4177 = DEFINITIONAL_REPRESENTATION('',(#4178),#4182);
#4178 = LINE('',#4179,#4180);
#4179 = CARTESIAN_POINT('',(-3.,-58.));
#4180 = VECTOR('',#4181,1.);
#4181 = DIRECTION('',(-1.,0.));
#4182 = ( GEOMETRIC_REPRESENTATION_CONTEXT(2) 
PARAMETRIC_REPRESENTATION_CONTEXT() REPRESENTATION_CONTEXT('2D SPACE',''
  ) );
#4183 = ORIENTED_EDGE('',*,*,#4184,.T.);
#4184 = EDGE_CURVE('',#4163,#4185,#4187,.T.);
#4185 = VERTEX_POINT('',#4186);
#4186 = CARTESIAN_POINT('',(10.32,38.5,166.4));
#4187 = SURFACE_CURVE('',#4188,(#4192,#4198),.PCURVE_S1.);
#4188 = LINE('',#4189,#4190);
#4189 = CARTESIAN_POINT('',(-13.66,38.5,166.4));
#4190 = VECTOR('',#4191,1.);
#4191 = DIRECTION('',(1.,0.,0.));
#4192 = PCURVE('',#2018,#4193);
#4193 = DEFINITIONAL_REPRESENTATION('',(#4194),#4197);
#4194 = B_SPLINE_CURVE_WITH_KNOTS('',1,(#4195,#4196),.UNSPECIFIED.,.F.,
  .F.,(2,2),(3.34,23.98),.PIECEWISE_BEZIER_KNOTS.);
#4195 = CARTESIAN_POINT('',(6.,6.68));
#4196 = CARTESIAN_POINT('',(6.,27.32));
#4197 = ( GEOMETRIC_REPRESENTATION_CONTEXT(2) 
PARAMETRIC_REPRESENTATION_CONTEXT() REPRESENTATION_CONTEXT('2D SPACE',''
  ) );
#4198 = PCURVE('',#4199,#4204);
#4199 = PLANE('',#4200);
#4200 = AXIS2_PLACEMENT_3D('',#4201,#4202,#4203);
#4201 = CARTESIAN_POINT('',(-10.32,-19.5,166.4));
#4202 = DIRECTION('',(0.,0.,1.));
#4203 = DIRECTION('',(1.,0.,0.));
#4204 = DEFINITIONAL_REPRESENTATION('',(#4205),#4208);
#4205 = B_SPLINE_CURVE_WITH_KNOTS('',1,(#4206,#4207),.UNSPECIFIED.,.F.,
  .F.,(2,2),(3.34,23.98),.PIECEWISE_BEZIER_KNOTS.);
#4206 = CARTESIAN_POINT('',(0.,58.));
#4207 = CARTESIAN_POINT('',(20.64,58.));
#4208 = ( GEOMETRIC_REPRESENTATION_CONTEXT(2) 
PARAMETRIC_REPRESENTATION_CONTEXT() REPRESENTATION_CONTEXT('2D SPACE',''
  ) );
#4209 = ORIENTED_EDGE('',*,*,#4210,.F.);
#4210 = EDGE_CURVE('',#4141,#4185,#4211,.T.);
#4211 = SURFACE_CURVE('',#4212,(#4216,#4222),.PCURVE_S1.);
#4212 = LINE('',#4213,#4214);
#4213 = CARTESIAN_POINT('',(10.32,38.5,163.4));
#4214 = VECTOR('',#4215,1.);
#4215 = DIRECTION('',(0.,0.,-1.));
#4216 = PCURVE('',#2018,#4217);
#4217 = DEFINITIONAL_REPRESENTATION('',(#4218),#4221);
#4218 = B_SPLINE_CURVE_WITH_KNOTS('',1,(#4219,#4220),.UNSPECIFIED.,.F.,
  .F.,(2,2),(-7.1,-3.),.PIECEWISE_BEZIER_KNOTS.);
#4219 = CARTESIAN_POINT('',(10.1,27.32));
#4220 = CARTESIAN_POINT('',(6.,27.32));
#4221 = ( GEOMETRIC_REPRESENTATION_CONTEXT(2) 
PARAMETRIC_REPRESENTATION_CONTEXT() REPRESENTATION_CONTEXT('2D SPACE',''
  ) );
#4222 = PCURVE('',#2914,#4223);
#4223 = DEFINITIONAL_REPRESENTATION('',(#4224),#4228);
#4224 = LINE('',#4225,#4226);
#4225 = CARTESIAN_POINT('',(-3.,-58.));
#4226 = VECTOR('',#4227,1.);
#4227 = DIRECTION('',(-1.,0.));
#4228 = ( GEOMETRIC_REPRESENTATION_CONTEXT(2) 
PARAMETRIC_REPRESENTATION_CONTEXT() REPRESENTATION_CONTEXT('2D SPACE',''
  ) );
#4229 = ADVANCED_FACE('',(#4230,#4358,#4389),#1990,.F.);
#4230 = FACE_BOUND('',#4231,.F.);
#4231 = EDGE_LOOP('',(#4232,#4233,#4234,#4235,#4258,#4286,#4309,#4337));
#4232 = ORIENTED_EDGE('',*,*,#3943,.F.);
#4233 = ORIENTED_EDGE('',*,*,#1974,.F.);
#4234 = ORIENTED_EDGE('',*,*,#2555,.T.);
#4235 = ORIENTED_EDGE('',*,*,#4236,.T.);
#4236 = EDGE_CURVE('',#2556,#4237,#4239,.T.);
#4237 = VERTEX_POINT('',#4238);
#4238 = CARTESIAN_POINT('',(-1.5,-10.35,160.4));
#4239 = SURFACE_CURVE('',#4240,(#4244,#4251),.PCURVE_S1.);
#4240 = LINE('',#4241,#4242);
#4241 = CARTESIAN_POINT('',(-1.5,-19.5,160.4));
#4242 = VECTOR('',#4243,1.);
#4243 = DIRECTION('',(0.,1.,0.));
#4244 = PCURVE('',#1990,#4245);
#4245 = DEFINITIONAL_REPRESENTATION('',(#4246),#4250);
#4246 = LINE('',#4247,#4248);
#4247 = CARTESIAN_POINT('',(15.5,-1.));
#4248 = VECTOR('',#4249,1.);
#4249 = DIRECTION('',(0.,1.));
#4250 = ( GEOMETRIC_REPRESENTATION_CONTEXT(2) 
PARAMETRIC_REPRESENTATION_CONTEXT() REPRESENTATION_CONTEXT('2D SPACE',''
  ) );
#4251 = PCURVE('',#2806,#4252);
#4252 = DEFINITIONAL_REPRESENTATION('',(#4253),#4257);
#4253 = LINE('',#4254,#4255);
#4254 = CARTESIAN_POINT('',(0.,0.));
#4255 = VECTOR('',#4256,1.);
#4256 = DIRECTION('',(0.,-1.));
#4257 = ( GEOMETRIC_REPRESENTATION_CONTEXT(2) 
PARAMETRIC_REPRESENTATION_CONTEXT() REPRESENTATION_CONTEXT('2D SPACE',''
  ) );
#4258 = ORIENTED_EDGE('',*,*,#4259,.F.);
#4259 = EDGE_CURVE('',#4260,#4237,#4262,.T.);
#4260 = VERTEX_POINT('',#4261);
#4261 = CARTESIAN_POINT('',(-10.32,-10.35,160.4));
#4262 = SURFACE_CURVE('',#4263,(#4267,#4274),.PCURVE_S1.);
#4263 = LINE('',#4264,#4265);
#4264 = CARTESIAN_POINT('',(-10.32,-10.35,160.4));
#4265 = VECTOR('',#4266,1.);
#4266 = DIRECTION('',(1.,0.,0.));
#4267 = PCURVE('',#1990,#4268);
#4268 = DEFINITIONAL_REPRESENTATION('',(#4269),#4273);
#4269 = LINE('',#4270,#4271);
#4270 = CARTESIAN_POINT('',(6.68,8.15));
#4271 = VECTOR('',#4272,1.);
#4272 = DIRECTION('',(1.,0.));
#4273 = ( GEOMETRIC_REPRESENTATION_CONTEXT(2) 
PARAMETRIC_REPRESENTATION_CONTEXT() REPRESENTATION_CONTEXT('2D SPACE',''
  ) );
#4274 = PCURVE('',#4275,#4280);
#4275 = PLANE('',#4276);
#4276 = AXIS2_PLACEMENT_3D('',#4277,#4278,#4279);
#4277 = CARTESIAN_POINT('',(-10.32,-10.35,160.4));
#4278 = DIRECTION('',(0.,1.,0.));
#4279 = DIRECTION('',(0.,0.,1.));
#4280 = DEFINITIONAL_REPRESENTATION('',(#4281),#4285);
#4281 = LINE('',#4282,#4283);
#4282 = CARTESIAN_POINT('',(0.,0.));
#4283 = VECTOR('',#4284,1.);
#4284 = DIRECTION('',(0.,1.));
#4285 = ( GEOMETRIC_REPRESENTATION_CONTEXT(2) 
PARAMETRIC_REPRESENTATION_CONTEXT() REPRESENTATION_CONTEXT('2D SPACE',''
  ) );
#4286 = ORIENTED_EDGE('',*,*,#4287,.T.);
#4287 = EDGE_CURVE('',#4260,#4288,#4290,.T.);
#4288 = VERTEX_POINT('',#4289);
#4289 = CARTESIAN_POINT('',(-10.32,30.29,160.4));
#4290 = SURFACE_CURVE('',#4291,(#4295,#4302),.PCURVE_S1.);
#4291 = LINE('',#4292,#4293);
#4292 = CARTESIAN_POINT('',(-10.32,-10.35,160.4));
#4293 = VECTOR('',#4294,1.);
#4294 = DIRECTION('',(0.,1.,0.));
#4295 = PCURVE('',#1990,#4296);
#4296 = DEFINITIONAL_REPRESENTATION('',(#4297),#4301);
#4297 = LINE('',#4298,#4299);
#4298 = CARTESIAN_POINT('',(6.68,8.15));
#4299 = VECTOR('',#4300,1.);
#4300 = DIRECTION('',(0.,1.));
#4301 = ( GEOMETRIC_REPRESENTATION_CONTEXT(2) 
PARAMETRIC_REPRESENTATION_CONTEXT() REPRESENTATION_CONTEXT('2D SPACE',''
  ) );
#4302 = PCURVE('',#2863,#4303);
#4303 = DEFINITIONAL_REPRESENTATION('',(#4304),#4308);
#4304 = LINE('',#4305,#4306);
#4305 = CARTESIAN_POINT('',(-6.,-9.15));
#4306 = VECTOR('',#4307,1.);
#4307 = DIRECTION('',(0.,-1.));
#4308 = ( GEOMETRIC_REPRESENTATION_CONTEXT(2) 
PARAMETRIC_REPRESENTATION_CONTEXT() REPRESENTATION_CONTEXT('2D SPACE',''
  ) );
#4309 = ORIENTED_EDGE('',*,*,#4310,.T.);
#4310 = EDGE_CURVE('',#4288,#4311,#4313,.T.);
#4311 = VERTEX_POINT('',#4312);
#4312 = CARTESIAN_POINT('',(-1.5,30.29,160.4));
#4313 = SURFACE_CURVE('',#4314,(#4318,#4325),.PCURVE_S1.);
#4314 = LINE('',#4315,#4316);
#4315 = CARTESIAN_POINT('',(-10.32,30.29,160.4));
#4316 = VECTOR('',#4317,1.);
#4317 = DIRECTION('',(1.,0.,0.));
#4318 = PCURVE('',#1990,#4319);
#4319 = DEFINITIONAL_REPRESENTATION('',(#4320),#4324);
#4320 = LINE('',#4321,#4322);
#4321 = CARTESIAN_POINT('',(6.68,48.79));
#4322 = VECTOR('',#4323,1.);
#4323 = DIRECTION('',(1.,0.));
#4324 = ( GEOMETRIC_REPRESENTATION_CONTEXT(2) 
PARAMETRIC_REPRESENTATION_CONTEXT() REPRESENTATION_CONTEXT('2D SPACE',''
  ) );
#4325 = PCURVE('',#4326,#4331);
#4326 = PLANE('',#4327);
#4327 = AXIS2_PLACEMENT_3D('',#4328,#4329,#4330);
#4328 = CARTESIAN_POINT('',(-10.32,30.29,160.4));
#4329 = DIRECTION('',(0.,1.,0.));
#4330 = DIRECTION('',(0.,0.,1.));
#4331 = DEFINITIONAL_REPRESENTATION('',(#4332),#4336);
#4332 = LINE('',#4333,#4334);
#4333 = CARTESIAN_POINT('',(0.,0.));
#4334 = VECTOR('',#4335,1.);
#4335 = DIRECTION('',(0.,1.));
#4336 = ( GEOMETRIC_REPRESENTATION_CONTEXT(2) 
PARAMETRIC_REPRESENTATION_CONTEXT() REPRESENTATION_CONTEXT('2D SPACE',''
  ) );
#4337 = ORIENTED_EDGE('',*,*,#4338,.T.);
#4338 = EDGE_CURVE('',#4311,#3944,#4339,.T.);
#4339 = SURFACE_CURVE('',#4340,(#4344,#4351),.PCURVE_S1.);
#4340 = LINE('',#4341,#4342);
#4341 = CARTESIAN_POINT('',(-1.5,-19.5,160.4));
#4342 = VECTOR('',#4343,1.);
#4343 = DIRECTION('',(0.,1.,0.));
#4344 = PCURVE('',#1990,#4345);
#4345 = DEFINITIONAL_REPRESENTATION('',(#4346),#4350);
#4346 = LINE('',#4347,#4348);
#4347 = CARTESIAN_POINT('',(15.5,-1.));
#4348 = VECTOR('',#4349,1.);
#4349 = DIRECTION('',(0.,1.));
#4350 = ( GEOMETRIC_REPRESENTATION_CONTEXT(2) 
PARAMETRIC_REPRESENTATION_CONTEXT() REPRESENTATION_CONTEXT('2D SPACE',''
  ) );
#4351 = PCURVE('',#4125,#4352);
#4352 = DEFINITIONAL_REPRESENTATION('',(#4353),#4357);
#4353 = LINE('',#4354,#4355);
#4354 = CARTESIAN_POINT('',(0.,0.));
#4355 = VECTOR('',#4356,1.);
#4356 = DIRECTION('',(0.,-1.));
#4357 = ( GEOMETRIC_REPRESENTATION_CONTEXT(2) 
PARAMETRIC_REPRESENTATION_CONTEXT() REPRESENTATION_CONTEXT('2D SPACE',''
  ) );
#4358 = FACE_BOUND('',#4359,.F.);
#4359 = EDGE_LOOP('',(#4360));
#4360 = ORIENTED_EDGE('',*,*,#4361,.F.);
#4361 = EDGE_CURVE('',#4362,#4362,#4364,.T.);
#4362 = VERTEX_POINT('',#4363);
#4363 = CARTESIAN_POINT('',(-3.75,-14.78,160.4));
#4364 = SURFACE_CURVE('',#4365,(#4370,#4377),.PCURVE_S1.);
#4365 = CIRCLE('',#4366,1.25);
#4366 = AXIS2_PLACEMENT_3D('',#4367,#4368,#4369);
#4367 = CARTESIAN_POINT('',(-5.,-14.78,160.4));
#4368 = DIRECTION('',(0.,0.,1.));
#4369 = DIRECTION('',(1.,0.,0.));
#4370 = PCURVE('',#1990,#4371);
#4371 = DEFINITIONAL_REPRESENTATION('',(#4372),#4376);
#4372 = CIRCLE('',#4373,1.25);
#4373 = AXIS2_PLACEMENT_2D('',#4374,#4375);
#4374 = CARTESIAN_POINT('',(12.,3.72));
#4375 = DIRECTION('',(1.,0.));
#4376 = ( GEOMETRIC_REPRESENTATION_CONTEXT(2) 
PARAMETRIC_REPRESENTATION_CONTEXT() REPRESENTATION_CONTEXT('2D SPACE',''
  ) );
#4377 = PCURVE('',#4378,#4383);
#4378 = CYLINDRICAL_SURFACE('',#4379,1.25);
#4379 = AXIS2_PLACEMENT_3D('',#4380,#4381,#4382);
#4380 = CARTESIAN_POINT('',(-5.,-14.78,160.4));
#4381 = DIRECTION('',(-0.,-0.,-1.));
#4382 = DIRECTION('',(1.,0.,0.));
#4383 = DEFINITIONAL_REPRESENTATION('',(#4384),#4388);
#4384 = LINE('',#4385,#4386);
#4385 = CARTESIAN_POINT('',(-0.,0.));
#4386 = VECTOR('',#4387,1.);
#4387 = DIRECTION('',(-1.,0.));
#4388 = ( GEOMETRIC_REPRESENTATION_CONTEXT(2) 
PARAMETRIC_REPRESENTATION_CONTEXT() REPRESENTATION_CONTEXT('2D SPACE',''
  ) );
#4389 = FACE_BOUND('',#4390,.F.);
#4390 = EDGE_LOOP('',(#4391));
#4391 = ORIENTED_EDGE('',*,*,#4392,.F.);
#4392 = EDGE_CURVE('',#4393,#4393,#4395,.T.);
#4393 = VERTEX_POINT('',#4394);
#4394 = CARTESIAN_POINT('',(-3.75,34.72,160.4));
#4395 = SURFACE_CURVE('',#4396,(#4401,#4408),.PCURVE_S1.);
#4396 = CIRCLE('',#4397,1.25);
#4397 = AXIS2_PLACEMENT_3D('',#4398,#4399,#4400);
#4398 = CARTESIAN_POINT('',(-5.,34.72,160.4));
#4399 = DIRECTION('',(0.,0.,1.));
#4400 = DIRECTION('',(1.,0.,0.));
#4401 = PCURVE('',#1990,#4402);
#4402 = DEFINITIONAL_REPRESENTATION('',(#4403),#4407);
#4403 = CIRCLE('',#4404,1.25);
#4404 = AXIS2_PLACEMENT_2D('',#4405,#4406);
#4405 = CARTESIAN_POINT('',(12.,53.22));
#4406 = DIRECTION('',(1.,0.));
#4407 = ( GEOMETRIC_REPRESENTATION_CONTEXT(2) 
PARAMETRIC_REPRESENTATION_CONTEXT() REPRESENTATION_CONTEXT('2D SPACE',''
  ) );
#4408 = PCURVE('',#4409,#4414);
#4409 = CYLINDRICAL_SURFACE('',#4410,1.25);
#4410 = AXIS2_PLACEMENT_3D('',#4411,#4412,#4413);
#4411 = CARTESIAN_POINT('',(-5.,34.72,160.4));
#4412 = DIRECTION('',(-0.,-0.,-1.));
#4413 = DIRECTION('',(1.,0.,0.));
#4414 = DEFINITIONAL_REPRESENTATION('',(#4415),#4419);
#4415 = LINE('',#4416,#4417);
#4416 = CARTESIAN_POINT('',(-0.,0.));
#4417 = VECTOR('',#4418,1.);
#4418 = DIRECTION('',(-1.,0.));
#4419 = ( GEOMETRIC_REPRESENTATION_CONTEXT(2) 
PARAMETRIC_REPRESENTATION_CONTEXT() REPRESENTATION_CONTEXT('2D SPACE',''
  ) );
#4420 = ADVANCED_FACE('',(#4421,#4424),#2139,.T.);
#4421 = FACE_BOUND('',#4422,.T.);
#4422 = EDGE_LOOP('',(#4423));
#4423 = ORIENTED_EDGE('',*,*,#3588,.T.);
#4424 = FACE_BOUND('',#4425,.T.);
#4425 = EDGE_LOOP('',(#4426));
#4426 = ORIENTED_EDGE('',*,*,#2122,.F.);
#4427 = ADVANCED_FACE('',(#4428),#2806,.T.);
#4428 = FACE_BOUND('',#4429,.T.);
#4429 = EDGE_LOOP('',(#4430,#4453,#4454,#4455));
#4430 = ORIENTED_EDGE('',*,*,#4431,.F.);
#4431 = EDGE_CURVE('',#2768,#4432,#4434,.T.);
#4432 = VERTEX_POINT('',#4433);
#4433 = CARTESIAN_POINT('',(-1.5,-10.35,162.9));
#4434 = SURFACE_CURVE('',#4435,(#4439,#4446),.PCURVE_S1.);
#4435 = LINE('',#4436,#4437);
#4436 = CARTESIAN_POINT('',(-1.5,-19.5,162.9));
#4437 = VECTOR('',#4438,1.);
#4438 = DIRECTION('',(0.,1.,0.));
#4439 = PCURVE('',#2806,#4440);
#4440 = DEFINITIONAL_REPRESENTATION('',(#4441),#4445);
#4441 = LINE('',#4442,#4443);
#4442 = CARTESIAN_POINT('',(2.5,0.));
#4443 = VECTOR('',#4444,1.);
#4444 = DIRECTION('',(0.,-1.));
#4445 = ( GEOMETRIC_REPRESENTATION_CONTEXT(2) 
PARAMETRIC_REPRESENTATION_CONTEXT() REPRESENTATION_CONTEXT('2D SPACE',''
  ) );
#4446 = PCURVE('',#2782,#4447);
#4447 = DEFINITIONAL_REPRESENTATION('',(#4448),#4452);
#4448 = LINE('',#4449,#4450);
#4449 = CARTESIAN_POINT('',(0.,0.));
#4450 = VECTOR('',#4451,1.);
#4451 = DIRECTION('',(0.,1.));
#4452 = ( GEOMETRIC_REPRESENTATION_CONTEXT(2) 
PARAMETRIC_REPRESENTATION_CONTEXT() REPRESENTATION_CONTEXT('2D SPACE',''
  ) );
#4453 = ORIENTED_EDGE('',*,*,#2793,.T.);
#4454 = ORIENTED_EDGE('',*,*,#4236,.T.);
#4455 = ORIENTED_EDGE('',*,*,#4456,.F.);
#4456 = EDGE_CURVE('',#4432,#4237,#4457,.T.);
#4457 = SURFACE_CURVE('',#4458,(#4462,#4468),.PCURVE_S1.);
#4458 = LINE('',#4459,#4460);
#4459 = CARTESIAN_POINT('',(-1.5,-10.35,160.4));
#4460 = VECTOR('',#4461,1.);
#4461 = DIRECTION('',(0.,0.,-1.));
#4462 = PCURVE('',#2806,#4463);
#4463 = DEFINITIONAL_REPRESENTATION('',(#4464),#4467);
#4464 = B_SPLINE_CURVE_WITH_KNOTS('',1,(#4465,#4466),.UNSPECIFIED.,.F.,
  .F.,(2,2),(-2.5,-2.84217094304E-14),.PIECEWISE_BEZIER_KNOTS.);
#4465 = CARTESIAN_POINT('',(2.5,-9.15));
#4466 = CARTESIAN_POINT('',(0.,-9.15));
#4467 = ( GEOMETRIC_REPRESENTATION_CONTEXT(2) 
PARAMETRIC_REPRESENTATION_CONTEXT() REPRESENTATION_CONTEXT('2D SPACE',''
  ) );
#4468 = PCURVE('',#4275,#4469);
#4469 = DEFINITIONAL_REPRESENTATION('',(#4470),#4473);
#4470 = B_SPLINE_CURVE_WITH_KNOTS('',1,(#4471,#4472),.UNSPECIFIED.,.F.,
  .F.,(2,2),(-2.5,-2.84217094304E-14),.PIECEWISE_BEZIER_KNOTS.);
#4471 = CARTESIAN_POINT('',(2.5,8.82));
#4472 = CARTESIAN_POINT('',(2.84217094304E-14,8.82));
#4473 = ( GEOMETRIC_REPRESENTATION_CONTEXT(2) 
PARAMETRIC_REPRESENTATION_CONTEXT() REPRESENTATION_CONTEXT('2D SPACE',''
  ) );
#4474 = ADVANCED_FACE('',(#4475),#2782,.F.);
#4475 = FACE_BOUND('',#4476,.F.);
#4476 = EDGE_LOOP('',(#4477,#4478,#4479,#4502));
#4477 = ORIENTED_EDGE('',*,*,#4431,.F.);
#4478 = ORIENTED_EDGE('',*,*,#2767,.T.);
#4479 = ORIENTED_EDGE('',*,*,#4480,.T.);
#4480 = EDGE_CURVE('',#2742,#4481,#4483,.T.);
#4481 = VERTEX_POINT('',#4482);
#4482 = CARTESIAN_POINT('',(1.5,-10.35,162.9));
#4483 = SURFACE_CURVE('',#4484,(#4488,#4495),.PCURVE_S1.);
#4484 = LINE('',#4485,#4486);
#4485 = CARTESIAN_POINT('',(1.5,-19.5,162.9));
#4486 = VECTOR('',#4487,1.);
#4487 = DIRECTION('',(0.,1.,0.));
#4488 = PCURVE('',#2782,#4489);
#4489 = DEFINITIONAL_REPRESENTATION('',(#4490),#4494);
#4490 = LINE('',#4491,#4492);
#4491 = CARTESIAN_POINT('',(3.,0.));
#4492 = VECTOR('',#4493,1.);
#4493 = DIRECTION('',(0.,1.));
#4494 = ( GEOMETRIC_REPRESENTATION_CONTEXT(2) 
PARAMETRIC_REPRESENTATION_CONTEXT() REPRESENTATION_CONTEXT('2D SPACE',''
  ) );
#4495 = PCURVE('',#2756,#4496);
#4496 = DEFINITIONAL_REPRESENTATION('',(#4497),#4501);
#4497 = LINE('',#4498,#4499);
#4498 = CARTESIAN_POINT('',(2.5,0.));
#4499 = VECTOR('',#4500,1.);
#4500 = DIRECTION('',(0.,-1.));
#4501 = ( GEOMETRIC_REPRESENTATION_CONTEXT(2) 
PARAMETRIC_REPRESENTATION_CONTEXT() REPRESENTATION_CONTEXT('2D SPACE',''
  ) );
#4502 = ORIENTED_EDGE('',*,*,#4503,.F.);
#4503 = EDGE_CURVE('',#4432,#4481,#4504,.T.);
#4504 = SURFACE_CURVE('',#4505,(#4509,#4515),.PCURVE_S1.);
#4505 = LINE('',#4506,#4507);
#4506 = CARTESIAN_POINT('',(-5.91,-10.35,162.9));
#4507 = VECTOR('',#4508,1.);
#4508 = DIRECTION('',(1.,0.,0.));
#4509 = PCURVE('',#2782,#4510);
#4510 = DEFINITIONAL_REPRESENTATION('',(#4511),#4514);
#4511 = B_SPLINE_CURVE_WITH_KNOTS('',1,(#4512,#4513),.UNSPECIFIED.,.F.,
  .F.,(2,2),(4.41,7.41),.PIECEWISE_BEZIER_KNOTS.);
#4512 = CARTESIAN_POINT('',(0.,9.15));
#4513 = CARTESIAN_POINT('',(3.,9.15));
#4514 = ( GEOMETRIC_REPRESENTATION_CONTEXT(2) 
PARAMETRIC_REPRESENTATION_CONTEXT() REPRESENTATION_CONTEXT('2D SPACE',''
  ) );
#4515 = PCURVE('',#4275,#4516);
#4516 = DEFINITIONAL_REPRESENTATION('',(#4517),#4520);
#4517 = B_SPLINE_CURVE_WITH_KNOTS('',1,(#4518,#4519),.UNSPECIFIED.,.F.,
  .F.,(2,2),(4.41,7.41),.PIECEWISE_BEZIER_KNOTS.);
#4518 = CARTESIAN_POINT('',(2.5,8.82));
#4519 = CARTESIAN_POINT('',(2.5,11.82));
#4520 = ( GEOMETRIC_REPRESENTATION_CONTEXT(2) 
PARAMETRIC_REPRESENTATION_CONTEXT() REPRESENTATION_CONTEXT('2D SPACE',''
  ) );
#4521 = ADVANCED_FACE('',(#4522),#2756,.F.);
#4522 = FACE_BOUND('',#4523,.F.);
#4523 = EDGE_LOOP('',(#4524,#4525,#4526,#4549));
#4524 = ORIENTED_EDGE('',*,*,#4480,.F.);
#4525 = ORIENTED_EDGE('',*,*,#2741,.T.);
#4526 = ORIENTED_EDGE('',*,*,#4527,.T.);
#4527 = EDGE_CURVE('',#2714,#4528,#4530,.T.);
#4528 = VERTEX_POINT('',#4529);
#4529 = CARTESIAN_POINT('',(1.5,-10.35,160.4));
#4530 = SURFACE_CURVE('',#4531,(#4535,#4542),.PCURVE_S1.);
#4531 = LINE('',#4532,#4533);
#4532 = CARTESIAN_POINT('',(1.5,-19.5,160.4));
#4533 = VECTOR('',#4534,1.);
#4534 = DIRECTION('',(0.,1.,0.));
#4535 = PCURVE('',#2756,#4536);
#4536 = DEFINITIONAL_REPRESENTATION('',(#4537),#4541);
#4537 = LINE('',#4538,#4539);
#4538 = CARTESIAN_POINT('',(0.,0.));
#4539 = VECTOR('',#4540,1.);
#4540 = DIRECTION('',(0.,-1.));
#4541 = ( GEOMETRIC_REPRESENTATION_CONTEXT(2) 
PARAMETRIC_REPRESENTATION_CONTEXT() REPRESENTATION_CONTEXT('2D SPACE',''
  ) );
#4542 = PCURVE('',#2729,#4543);
#4543 = DEFINITIONAL_REPRESENTATION('',(#4544),#4548);
#4544 = LINE('',#4545,#4546);
#4545 = CARTESIAN_POINT('',(18.5,-1.));
#4546 = VECTOR('',#4547,1.);
#4547 = DIRECTION('',(0.,1.));
#4548 = ( GEOMETRIC_REPRESENTATION_CONTEXT(2) 
PARAMETRIC_REPRESENTATION_CONTEXT() REPRESENTATION_CONTEXT('2D SPACE',''
  ) );
#4549 = ORIENTED_EDGE('',*,*,#4550,.F.);
#4550 = EDGE_CURVE('',#4481,#4528,#4551,.T.);
#4551 = SURFACE_CURVE('',#4552,(#4556,#4562),.PCURVE_S1.);
#4552 = LINE('',#4553,#4554);
#4553 = CARTESIAN_POINT('',(1.5,-10.35,160.4));
#4554 = VECTOR('',#4555,1.);
#4555 = DIRECTION('',(0.,0.,-1.));
#4556 = PCURVE('',#2756,#4557);
#4557 = DEFINITIONAL_REPRESENTATION('',(#4558),#4561);
#4558 = B_SPLINE_CURVE_WITH_KNOTS('',1,(#4559,#4560),.UNSPECIFIED.,.F.,
  .F.,(2,2),(-2.5,-2.84217094304E-14),.PIECEWISE_BEZIER_KNOTS.);
#4559 = CARTESIAN_POINT('',(2.5,-9.15));
#4560 = CARTESIAN_POINT('',(0.,-9.15));
#4561 = ( GEOMETRIC_REPRESENTATION_CONTEXT(2) 
PARAMETRIC_REPRESENTATION_CONTEXT() REPRESENTATION_CONTEXT('2D SPACE',''
  ) );
#4562 = PCURVE('',#4275,#4563);
#4563 = DEFINITIONAL_REPRESENTATION('',(#4564),#4567);
#4564 = B_SPLINE_CURVE_WITH_KNOTS('',1,(#4565,#4566),.UNSPECIFIED.,.F.,
  .F.,(2,2),(-2.5,-2.84217094304E-14),.PIECEWISE_BEZIER_KNOTS.);
#4565 = CARTESIAN_POINT('',(2.5,11.82));
#4566 = CARTESIAN_POINT('',(2.84217094304E-14,11.82));
#4567 = ( GEOMETRIC_REPRESENTATION_CONTEXT(2) 
PARAMETRIC_REPRESENTATION_CONTEXT() REPRESENTATION_CONTEXT('2D SPACE',''
  ) );
#4568 = ADVANCED_FACE('',(#4569,#4665,#4696),#2729,.F.);
#4569 = FACE_BOUND('',#4570,.F.);
#4570 = EDGE_LOOP('',(#4571,#4572,#4595,#4618,#4641,#4662,#4663,#4664));
#4571 = ORIENTED_EDGE('',*,*,#4037,.F.);
#4572 = ORIENTED_EDGE('',*,*,#4573,.F.);
#4573 = EDGE_CURVE('',#4574,#4038,#4576,.T.);
#4574 = VERTEX_POINT('',#4575);
#4575 = CARTESIAN_POINT('',(1.5,30.29,160.4));
#4576 = SURFACE_CURVE('',#4577,(#4581,#4588),.PCURVE_S1.);
#4577 = LINE('',#4578,#4579);
#4578 = CARTESIAN_POINT('',(1.5,-19.5,160.4));
#4579 = VECTOR('',#4580,1.);
#4580 = DIRECTION('',(0.,1.,0.));
#4581 = PCURVE('',#2729,#4582);
#4582 = DEFINITIONAL_REPRESENTATION('',(#4583),#4587);
#4583 = LINE('',#4584,#4585);
#4584 = CARTESIAN_POINT('',(18.5,-1.));
#4585 = VECTOR('',#4586,1.);
#4586 = DIRECTION('',(0.,1.));
#4587 = ( GEOMETRIC_REPRESENTATION_CONTEXT(2) 
PARAMETRIC_REPRESENTATION_CONTEXT() REPRESENTATION_CONTEXT('2D SPACE',''
  ) );
#4588 = PCURVE('',#4075,#4589);
#4589 = DEFINITIONAL_REPRESENTATION('',(#4590),#4594);
#4590 = LINE('',#4591,#4592);
#4591 = CARTESIAN_POINT('',(0.,0.));
#4592 = VECTOR('',#4593,1.);
#4593 = DIRECTION('',(0.,-1.));
#4594 = ( GEOMETRIC_REPRESENTATION_CONTEXT(2) 
PARAMETRIC_REPRESENTATION_CONTEXT() REPRESENTATION_CONTEXT('2D SPACE',''
  ) );
#4595 = ORIENTED_EDGE('',*,*,#4596,.T.);
#4596 = EDGE_CURVE('',#4574,#4597,#4599,.T.);
#4597 = VERTEX_POINT('',#4598);
#4598 = CARTESIAN_POINT('',(10.32,30.29,160.4));
#4599 = SURFACE_CURVE('',#4600,(#4604,#4611),.PCURVE_S1.);
#4600 = LINE('',#4601,#4602);
#4601 = CARTESIAN_POINT('',(-10.32,30.29,160.4));
#4602 = VECTOR('',#4603,1.);
#4603 = DIRECTION('',(1.,0.,0.));
#4604 = PCURVE('',#2729,#4605);
#4605 = DEFINITIONAL_REPRESENTATION('',(#4606),#4610);
#4606 = LINE('',#4607,#4608);
#4607 = CARTESIAN_POINT('',(6.68,48.79));
#4608 = VECTOR('',#4609,1.);
#4609 = DIRECTION('',(1.,0.));
#4610 = ( GEOMETRIC_REPRESENTATION_CONTEXT(2) 
PARAMETRIC_REPRESENTATION_CONTEXT() REPRESENTATION_CONTEXT('2D SPACE',''
  ) );
#4611 = PCURVE('',#4326,#4612);
#4612 = DEFINITIONAL_REPRESENTATION('',(#4613),#4617);
#4613 = LINE('',#4614,#4615);
#4614 = CARTESIAN_POINT('',(0.,0.));
#4615 = VECTOR('',#4616,1.);
#4616 = DIRECTION('',(0.,1.));
#4617 = ( GEOMETRIC_REPRESENTATION_CONTEXT(2) 
PARAMETRIC_REPRESENTATION_CONTEXT() REPRESENTATION_CONTEXT('2D SPACE',''
  ) );
#4618 = ORIENTED_EDGE('',*,*,#4619,.F.);
#4619 = EDGE_CURVE('',#4620,#4597,#4622,.T.);
#4620 = VERTEX_POINT('',#4621);
#4621 = CARTESIAN_POINT('',(10.32,-10.35,160.4));
#4622 = SURFACE_CURVE('',#4623,(#4627,#4634),.PCURVE_S1.);
#4623 = LINE('',#4624,#4625);
#4624 = CARTESIAN_POINT('',(10.32,-10.35,160.4));
#4625 = VECTOR('',#4626,1.);
#4626 = DIRECTION('',(0.,1.,0.));
#4627 = PCURVE('',#2729,#4628);
#4628 = DEFINITIONAL_REPRESENTATION('',(#4629),#4633);
#4629 = LINE('',#4630,#4631);
#4630 = CARTESIAN_POINT('',(27.32,8.15));
#4631 = VECTOR('',#4632,1.);
#4632 = DIRECTION('',(0.,1.));
#4633 = ( GEOMETRIC_REPRESENTATION_CONTEXT(2) 
PARAMETRIC_REPRESENTATION_CONTEXT() REPRESENTATION_CONTEXT('2D SPACE',''
  ) );
#4634 = PCURVE('',#2914,#4635);
#4635 = DEFINITIONAL_REPRESENTATION('',(#4636),#4640);
#4636 = LINE('',#4637,#4638);
#4637 = CARTESIAN_POINT('',(-6.,-9.15));
#4638 = VECTOR('',#4639,1.);
#4639 = DIRECTION('',(0.,-1.));
#4640 = ( GEOMETRIC_REPRESENTATION_CONTEXT(2) 
PARAMETRIC_REPRESENTATION_CONTEXT() REPRESENTATION_CONTEXT('2D SPACE',''
  ) );
#4641 = ORIENTED_EDGE('',*,*,#4642,.F.);
#4642 = EDGE_CURVE('',#4528,#4620,#4643,.T.);
#4643 = SURFACE_CURVE('',#4644,(#4648,#4655),.PCURVE_S1.);
#4644 = LINE('',#4645,#4646);
#4645 = CARTESIAN_POINT('',(-10.32,-10.35,160.4));
#4646 = VECTOR('',#4647,1.);
#4647 = DIRECTION('',(1.,0.,0.));
#4648 = PCURVE('',#2729,#4649);
#4649 = DEFINITIONAL_REPRESENTATION('',(#4650),#4654);
#4650 = LINE('',#4651,#4652);
#4651 = CARTESIAN_POINT('',(6.68,8.15));
#4652 = VECTOR('',#4653,1.);
#4653 = DIRECTION('',(1.,0.));
#4654 = ( GEOMETRIC_REPRESENTATION_CONTEXT(2) 
PARAMETRIC_REPRESENTATION_CONTEXT() REPRESENTATION_CONTEXT('2D SPACE',''
  ) );
#4655 = PCURVE('',#4275,#4656);
#4656 = DEFINITIONAL_REPRESENTATION('',(#4657),#4661);
#4657 = LINE('',#4658,#4659);
#4658 = CARTESIAN_POINT('',(0.,0.));
#4659 = VECTOR('',#4660,1.);
#4660 = DIRECTION('',(0.,1.));
#4661 = ( GEOMETRIC_REPRESENTATION_CONTEXT(2) 
PARAMETRIC_REPRESENTATION_CONTEXT() REPRESENTATION_CONTEXT('2D SPACE',''
  ) );
#4662 = ORIENTED_EDGE('',*,*,#4527,.F.);
#4663 = ORIENTED_EDGE('',*,*,#2713,.T.);
#4664 = ORIENTED_EDGE('',*,*,#2984,.T.);
#4665 = FACE_BOUND('',#4666,.F.);
#4666 = EDGE_LOOP('',(#4667));
#4667 = ORIENTED_EDGE('',*,*,#4668,.F.);
#4668 = EDGE_CURVE('',#4669,#4669,#4671,.T.);
#4669 = VERTEX_POINT('',#4670);
#4670 = CARTESIAN_POINT('',(6.25,-14.78,160.4));
#4671 = SURFACE_CURVE('',#4672,(#4677,#4684),.PCURVE_S1.);
#4672 = CIRCLE('',#4673,1.25);
#4673 = AXIS2_PLACEMENT_3D('',#4674,#4675,#4676);
#4674 = CARTESIAN_POINT('',(5.,-14.78,160.4));
#4675 = DIRECTION('',(0.,0.,1.));
#4676 = DIRECTION('',(1.,0.,0.));
#4677 = PCURVE('',#2729,#4678);
#4678 = DEFINITIONAL_REPRESENTATION('',(#4679),#4683);
#4679 = CIRCLE('',#4680,1.25);
#4680 = AXIS2_PLACEMENT_2D('',#4681,#4682);
#4681 = CARTESIAN_POINT('',(22.,3.72));
#4682 = DIRECTION('',(1.,0.));
#4683 = ( GEOMETRIC_REPRESENTATION_CONTEXT(2) 
PARAMETRIC_REPRESENTATION_CONTEXT() REPRESENTATION_CONTEXT('2D SPACE',''
  ) );
#4684 = PCURVE('',#4685,#4690);
#4685 = CYLINDRICAL_SURFACE('',#4686,1.25);
#4686 = AXIS2_PLACEMENT_3D('',#4687,#4688,#4689);
#4687 = CARTESIAN_POINT('',(5.,-14.78,160.4));
#4688 = DIRECTION('',(-0.,-0.,-1.));
#4689 = DIRECTION('',(1.,0.,0.));
#4690 = DEFINITIONAL_REPRESENTATION('',(#4691),#4695);
#4691 = LINE('',#4692,#4693);
#4692 = CARTESIAN_POINT('',(-0.,0.));
#4693 = VECTOR('',#4694,1.);
#4694 = DIRECTION('',(-1.,0.));
#4695 = ( GEOMETRIC_REPRESENTATION_CONTEXT(2) 
PARAMETRIC_REPRESENTATION_CONTEXT() REPRESENTATION_CONTEXT('2D SPACE',''
  ) );
#4696 = FACE_BOUND('',#4697,.F.);
#4697 = EDGE_LOOP('',(#4698));
#4698 = ORIENTED_EDGE('',*,*,#4699,.F.);
#4699 = EDGE_CURVE('',#4700,#4700,#4702,.T.);
#4700 = VERTEX_POINT('',#4701);
#4701 = CARTESIAN_POINT('',(6.25,34.72,160.4));
#4702 = SURFACE_CURVE('',#4703,(#4708,#4715),.PCURVE_S1.);
#4703 = CIRCLE('',#4704,1.25);
#4704 = AXIS2_PLACEMENT_3D('',#4705,#4706,#4707);
#4705 = CARTESIAN_POINT('',(5.,34.72,160.4));
#4706 = DIRECTION('',(0.,0.,1.));
#4707 = DIRECTION('',(1.,0.,0.));
#4708 = PCURVE('',#2729,#4709);
#4709 = DEFINITIONAL_REPRESENTATION('',(#4710),#4714);
#4710 = CIRCLE('',#4711,1.25);
#4711 = AXIS2_PLACEMENT_2D('',#4712,#4713);
#4712 = CARTESIAN_POINT('',(22.,53.22));
#4713 = DIRECTION('',(1.,0.));
#4714 = ( GEOMETRIC_REPRESENTATION_CONTEXT(2) 
PARAMETRIC_REPRESENTATION_CONTEXT() REPRESENTATION_CONTEXT('2D SPACE',''
  ) );
#4715 = PCURVE('',#4716,#4721);
#4716 = CYLINDRICAL_SURFACE('',#4717,1.25);
#4717 = AXIS2_PLACEMENT_3D('',#4718,#4719,#4720);
#4718 = CARTESIAN_POINT('',(5.,34.72,160.4));
#4719 = DIRECTION('',(-0.,-0.,-1.));
#4720 = DIRECTION('',(1.,0.,0.));
#4721 = DEFINITIONAL_REPRESENTATION('',(#4722),#4726);
#4722 = LINE('',#4723,#4724);
#4723 = CARTESIAN_POINT('',(-0.,0.));
#4724 = VECTOR('',#4725,1.);
#4725 = DIRECTION('',(-1.,0.));
#4726 = ( GEOMETRIC_REPRESENTATION_CONTEXT(2) 
PARAMETRIC_REPRESENTATION_CONTEXT() REPRESENTATION_CONTEXT('2D SPACE',''
  ) );
#4727 = ADVANCED_FACE('',(#4728),#2256,.T.);
#4728 = FACE_BOUND('',#4729,.T.);
#4729 = EDGE_LOOP('',(#4730,#4731,#4732));
#4730 = ORIENTED_EDGE('',*,*,#2958,.T.);
#4731 = ORIENTED_EDGE('',*,*,#2239,.T.);
#4732 = ORIENTED_EDGE('',*,*,#2645,.T.);
#4733 = ADVANCED_FACE('',(#4734),#2330,.T.);
#4734 = FACE_BOUND('',#4735,.T.);
#4735 = EDGE_LOOP('',(#4736,#4737,#4738));
#4736 = ORIENTED_EDGE('',*,*,#2313,.T.);
#4737 = ORIENTED_EDGE('',*,*,#2931,.F.);
#4738 = ORIENTED_EDGE('',*,*,#2603,.T.);
#4739 = ADVANCED_FACE('',(#4740,#4786),#2836,.F.);
#4740 = FACE_BOUND('',#4741,.F.);
#4741 = EDGE_LOOP('',(#4742,#4763,#4764,#4785));
#4742 = ORIENTED_EDGE('',*,*,#4743,.F.);
#4743 = EDGE_CURVE('',#4141,#2822,#4744,.T.);
#4744 = SURFACE_CURVE('',#4745,(#4749,#4756),.PCURVE_S1.);
#4745 = LINE('',#4746,#4747);
#4746 = CARTESIAN_POINT('',(10.32,38.5,170.5));
#4747 = VECTOR('',#4748,1.);
#4748 = DIRECTION('',(0.,-1.,0.));
#4749 = PCURVE('',#2836,#4750);
#4750 = DEFINITIONAL_REPRESENTATION('',(#4751),#4755);
#4751 = LINE('',#4752,#4753);
#4752 = CARTESIAN_POINT('',(20.64,58.));
#4753 = VECTOR('',#4754,1.);
#4754 = DIRECTION('',(0.,-1.));
#4755 = ( GEOMETRIC_REPRESENTATION_CONTEXT(2) 
PARAMETRIC_REPRESENTATION_CONTEXT() REPRESENTATION_CONTEXT('2D SPACE',''
  ) );
#4756 = PCURVE('',#2914,#4757);
#4757 = DEFINITIONAL_REPRESENTATION('',(#4758),#4762);
#4758 = LINE('',#4759,#4760);
#4759 = CARTESIAN_POINT('',(4.1,-58.));
#4760 = VECTOR('',#4761,1.);
#4761 = DIRECTION('',(0.,1.));
#4762 = ( GEOMETRIC_REPRESENTATION_CONTEXT(2) 
PARAMETRIC_REPRESENTATION_CONTEXT() REPRESENTATION_CONTEXT('2D SPACE',''
  ) );
#4763 = ORIENTED_EDGE('',*,*,#4138,.F.);
#4764 = ORIENTED_EDGE('',*,*,#4765,.F.);
#4765 = EDGE_CURVE('',#2820,#4139,#4766,.T.);
#4766 = SURFACE_CURVE('',#4767,(#4771,#4778),.PCURVE_S1.);
#4767 = LINE('',#4768,#4769);
#4768 = CARTESIAN_POINT('',(-10.32,-18.5,170.5));
#4769 = VECTOR('',#4770,1.);
#4770 = DIRECTION('',(0.,1.,0.));
#4771 = PCURVE('',#2836,#4772);
#4772 = DEFINITIONAL_REPRESENTATION('',(#4773),#4777);
#4773 = LINE('',#4774,#4775);
#4774 = CARTESIAN_POINT('',(0.,1.));
#4775 = VECTOR('',#4776,1.);
#4776 = DIRECTION('',(0.,1.));
#4777 = ( GEOMETRIC_REPRESENTATION_CONTEXT(2) 
PARAMETRIC_REPRESENTATION_CONTEXT() REPRESENTATION_CONTEXT('2D SPACE',''
  ) );
#4778 = PCURVE('',#2863,#4779);
#4779 = DEFINITIONAL_REPRESENTATION('',(#4780),#4784);
#4780 = LINE('',#4781,#4782);
#4781 = CARTESIAN_POINT('',(4.1,-1.));
#4782 = VECTOR('',#4783,1.);
#4783 = DIRECTION('',(0.,-1.));
#4784 = ( GEOMETRIC_REPRESENTATION_CONTEXT(2) 
PARAMETRIC_REPRESENTATION_CONTEXT() REPRESENTATION_CONTEXT('2D SPACE',''
  ) );
#4785 = ORIENTED_EDGE('',*,*,#2819,.T.);
#4786 = FACE_BOUND('',#4787,.F.);
#4787 = EDGE_LOOP('',(#4788));
#4788 = ORIENTED_EDGE('',*,*,#4789,.T.);
#4789 = EDGE_CURVE('',#4790,#4790,#4792,.T.);
#4790 = VERTEX_POINT('',#4791);
#4791 = CARTESIAN_POINT('',(6.5,0.,170.5));
#4792 = SURFACE_CURVE('',#4793,(#4798,#4809),.PCURVE_S1.);
#4793 = CIRCLE('',#4794,6.5);
#4794 = AXIS2_PLACEMENT_3D('',#4795,#4796,#4797);
#4795 = CARTESIAN_POINT('',(0.,0.,170.5));
#4796 = DIRECTION('',(0.,0.,-1.));
#4797 = DIRECTION('',(1.,0.,0.));
#4798 = PCURVE('',#2836,#4799);
#4799 = DEFINITIONAL_REPRESENTATION('',(#4800),#4808);
#4800 = ( BOUNDED_CURVE() B_SPLINE_CURVE(2,(#4801,#4802,#4803,#4804,
#4805,#4806,#4807),.UNSPECIFIED.,.T.,.F.) B_SPLINE_CURVE_WITH_KNOTS((1,2
    ,2,2,2,1),(-2.094395102393,0.,2.094395102393,4.188790204786,
6.28318530718,8.377580409573),.UNSPECIFIED.) CURVE() 
GEOMETRIC_REPRESENTATION_ITEM() RATIONAL_B_SPLINE_CURVE((1.,0.5,1.,0.5,
1.,0.5,1.)) REPRESENTATION_ITEM('') );
#4801 = CARTESIAN_POINT('',(16.82,19.5));
#4802 = CARTESIAN_POINT('',(16.82,8.241669750802));
#4803 = CARTESIAN_POINT('',(7.07,13.870834875401));
#4804 = CARTESIAN_POINT('',(-2.68,19.5));
#4805 = CARTESIAN_POINT('',(7.07,25.129165124599));
#4806 = CARTESIAN_POINT('',(16.82,30.758330249198));
#4807 = CARTESIAN_POINT('',(16.82,19.5));
#4808 = ( GEOMETRIC_REPRESENTATION_CONTEXT(2) 
PARAMETRIC_REPRESENTATION_CONTEXT() REPRESENTATION_CONTEXT('2D SPACE',''
  ) );
#4809 = PCURVE('',#3928,#4810);
#4810 = DEFINITIONAL_REPRESENTATION('',(#4811),#4815);
#4811 = LINE('',#4812,#4813);
#4812 = CARTESIAN_POINT('',(-6.28318530718,-1.));
#4813 = VECTOR('',#4814,1.);
#4814 = DIRECTION('',(1.,-0.));
#4815 = ( GEOMETRIC_REPRESENTATION_CONTEXT(2) 
PARAMETRIC_REPRESENTATION_CONTEXT() REPRESENTATION_CONTEXT('2D SPACE',''
  ) );
#4816 = ADVANCED_FACE('',(#4817),#2863,.T.);
#4817 = FACE_BOUND('',#4818,.T.);
#4818 = EDGE_LOOP('',(#4819,#4820,#4821,#4844,#4865,#4866,#4889,#4910));
#4819 = ORIENTED_EDGE('',*,*,#4765,.F.);
#4820 = ORIENTED_EDGE('',*,*,#2848,.T.);
#4821 = ORIENTED_EDGE('',*,*,#4822,.T.);
#4822 = EDGE_CURVE('',#2849,#4823,#4825,.T.);
#4823 = VERTEX_POINT('',#4824);
#4824 = CARTESIAN_POINT('',(-10.32,-10.35,166.4));
#4825 = SURFACE_CURVE('',#4826,(#4830,#4837),.PCURVE_S1.);
#4826 = LINE('',#4827,#4828);
#4827 = CARTESIAN_POINT('',(-10.32,-19.5,166.4));
#4828 = VECTOR('',#4829,1.);
#4829 = DIRECTION('',(0.,1.,0.));
#4830 = PCURVE('',#2863,#4831);
#4831 = DEFINITIONAL_REPRESENTATION('',(#4832),#4836);
#4832 = LINE('',#4833,#4834);
#4833 = CARTESIAN_POINT('',(0.,0.));
#4834 = VECTOR('',#4835,1.);
#4835 = DIRECTION('',(0.,-1.));
#4836 = ( GEOMETRIC_REPRESENTATION_CONTEXT(2) 
PARAMETRIC_REPRESENTATION_CONTEXT() REPRESENTATION_CONTEXT('2D SPACE',''
  ) );
#4837 = PCURVE('',#2890,#4838);
#4838 = DEFINITIONAL_REPRESENTATION('',(#4839),#4843);
#4839 = LINE('',#4840,#4841);
#4840 = CARTESIAN_POINT('',(0.,0.));
#4841 = VECTOR('',#4842,1.);
#4842 = DIRECTION('',(0.,1.));
#4843 = ( GEOMETRIC_REPRESENTATION_CONTEXT(2) 
PARAMETRIC_REPRESENTATION_CONTEXT() REPRESENTATION_CONTEXT('2D SPACE',''
  ) );
#4844 = ORIENTED_EDGE('',*,*,#4845,.F.);
#4845 = EDGE_CURVE('',#4260,#4823,#4846,.T.);
#4846 = SURFACE_CURVE('',#4847,(#4851,#4858),.PCURVE_S1.);
#4847 = LINE('',#4848,#4849);
#4848 = CARTESIAN_POINT('',(-10.32,-10.35,160.4));
#4849 = VECTOR('',#4850,1.);
#4850 = DIRECTION('',(0.,0.,1.));
#4851 = PCURVE('',#2863,#4852);
#4852 = DEFINITIONAL_REPRESENTATION('',(#4853),#4857);
#4853 = LINE('',#4854,#4855);
#4854 = CARTESIAN_POINT('',(-6.,-9.15));
#4855 = VECTOR('',#4856,1.);
#4856 = DIRECTION('',(1.,0.));
#4857 = ( GEOMETRIC_REPRESENTATION_CONTEXT(2) 
PARAMETRIC_REPRESENTATION_CONTEXT() REPRESENTATION_CONTEXT('2D SPACE',''
  ) );
#4858 = PCURVE('',#4275,#4859);
#4859 = DEFINITIONAL_REPRESENTATION('',(#4860),#4864);
#4860 = LINE('',#4861,#4862);
#4861 = CARTESIAN_POINT('',(0.,0.));
#4862 = VECTOR('',#4863,1.);
#4863 = DIRECTION('',(1.,0.));
#4864 = ( GEOMETRIC_REPRESENTATION_CONTEXT(2) 
PARAMETRIC_REPRESENTATION_CONTEXT() REPRESENTATION_CONTEXT('2D SPACE',''
  ) );
#4865 = ORIENTED_EDGE('',*,*,#4287,.T.);
#4866 = ORIENTED_EDGE('',*,*,#4867,.T.);
#4867 = EDGE_CURVE('',#4288,#4868,#4870,.T.);
#4868 = VERTEX_POINT('',#4869);
#4869 = CARTESIAN_POINT('',(-10.32,30.29,166.4));
#4870 = SURFACE_CURVE('',#4871,(#4875,#4882),.PCURVE_S1.);
#4871 = LINE('',#4872,#4873);
#4872 = CARTESIAN_POINT('',(-10.32,30.29,160.4));
#4873 = VECTOR('',#4874,1.);
#4874 = DIRECTION('',(0.,0.,1.));
#4875 = PCURVE('',#2863,#4876);
#4876 = DEFINITIONAL_REPRESENTATION('',(#4877),#4881);
#4877 = LINE('',#4878,#4879);
#4878 = CARTESIAN_POINT('',(-6.,-49.79));
#4879 = VECTOR('',#4880,1.);
#4880 = DIRECTION('',(1.,0.));
#4881 = ( GEOMETRIC_REPRESENTATION_CONTEXT(2) 
PARAMETRIC_REPRESENTATION_CONTEXT() REPRESENTATION_CONTEXT('2D SPACE',''
  ) );
#4882 = PCURVE('',#4326,#4883);
#4883 = DEFINITIONAL_REPRESENTATION('',(#4884),#4888);
#4884 = LINE('',#4885,#4886);
#4885 = CARTESIAN_POINT('',(0.,0.));
#4886 = VECTOR('',#4887,1.);
#4887 = DIRECTION('',(1.,0.));
#4888 = ( GEOMETRIC_REPRESENTATION_CONTEXT(2) 
PARAMETRIC_REPRESENTATION_CONTEXT() REPRESENTATION_CONTEXT('2D SPACE',''
  ) );
#4889 = ORIENTED_EDGE('',*,*,#4890,.T.);
#4890 = EDGE_CURVE('',#4868,#4163,#4891,.T.);
#4891 = SURFACE_CURVE('',#4892,(#4896,#4903),.PCURVE_S1.);
#4892 = LINE('',#4893,#4894);
#4893 = CARTESIAN_POINT('',(-10.32,-19.5,166.4));
#4894 = VECTOR('',#4895,1.);
#4895 = DIRECTION('',(0.,1.,0.));
#4896 = PCURVE('',#2863,#4897);
#4897 = DEFINITIONAL_REPRESENTATION('',(#4898),#4902);
#4898 = LINE('',#4899,#4900);
#4899 = CARTESIAN_POINT('',(0.,0.));
#4900 = VECTOR('',#4901,1.);
#4901 = DIRECTION('',(0.,-1.));
#4902 = ( GEOMETRIC_REPRESENTATION_CONTEXT(2) 
PARAMETRIC_REPRESENTATION_CONTEXT() REPRESENTATION_CONTEXT('2D SPACE',''
  ) );
#4903 = PCURVE('',#4199,#4904);
#4904 = DEFINITIONAL_REPRESENTATION('',(#4905),#4909);
#4905 = LINE('',#4906,#4907);
#4906 = CARTESIAN_POINT('',(0.,0.));
#4907 = VECTOR('',#4908,1.);
#4908 = DIRECTION('',(0.,1.));
#4909 = ( GEOMETRIC_REPRESENTATION_CONTEXT(2) 
PARAMETRIC_REPRESENTATION_CONTEXT() REPRESENTATION_CONTEXT('2D SPACE',''
  ) );
#4910 = ORIENTED_EDGE('',*,*,#4162,.F.);
#4911 = ADVANCED_FACE('',(#4912),#2914,.F.);
#4912 = FACE_BOUND('',#4913,.F.);
#4913 = EDGE_LOOP('',(#4914,#4915,#4938,#4959,#4960,#4983,#5004,#5005));
#4914 = ORIENTED_EDGE('',*,*,#2901,.T.);
#4915 = ORIENTED_EDGE('',*,*,#4916,.T.);
#4916 = EDGE_CURVE('',#2876,#4917,#4919,.T.);
#4917 = VERTEX_POINT('',#4918);
#4918 = CARTESIAN_POINT('',(10.32,-10.35,166.4));
#4919 = SURFACE_CURVE('',#4920,(#4924,#4931),.PCURVE_S1.);
#4920 = LINE('',#4921,#4922);
#4921 = CARTESIAN_POINT('',(10.32,-19.5,166.4));
#4922 = VECTOR('',#4923,1.);
#4923 = DIRECTION('',(0.,1.,0.));
#4924 = PCURVE('',#2914,#4925);
#4925 = DEFINITIONAL_REPRESENTATION('',(#4926),#4930);
#4926 = LINE('',#4927,#4928);
#4927 = CARTESIAN_POINT('',(0.,0.));
#4928 = VECTOR('',#4929,1.);
#4929 = DIRECTION('',(0.,-1.));
#4930 = ( GEOMETRIC_REPRESENTATION_CONTEXT(2) 
PARAMETRIC_REPRESENTATION_CONTEXT() REPRESENTATION_CONTEXT('2D SPACE',''
  ) );
#4931 = PCURVE('',#2890,#4932);
#4932 = DEFINITIONAL_REPRESENTATION('',(#4933),#4937);
#4933 = LINE('',#4934,#4935);
#4934 = CARTESIAN_POINT('',(20.64,0.));
#4935 = VECTOR('',#4936,1.);
#4936 = DIRECTION('',(0.,1.));
#4937 = ( GEOMETRIC_REPRESENTATION_CONTEXT(2) 
PARAMETRIC_REPRESENTATION_CONTEXT() REPRESENTATION_CONTEXT('2D SPACE',''
  ) );
#4938 = ORIENTED_EDGE('',*,*,#4939,.F.);
#4939 = EDGE_CURVE('',#4620,#4917,#4940,.T.);
#4940 = SURFACE_CURVE('',#4941,(#4945,#4952),.PCURVE_S1.);
#4941 = LINE('',#4942,#4943);
#4942 = CARTESIAN_POINT('',(10.32,-10.35,160.4));
#4943 = VECTOR('',#4944,1.);
#4944 = DIRECTION('',(0.,0.,1.));
#4945 = PCURVE('',#2914,#4946);
#4946 = DEFINITIONAL_REPRESENTATION('',(#4947),#4951);
#4947 = LINE('',#4948,#4949);
#4948 = CARTESIAN_POINT('',(-6.,-9.15));
#4949 = VECTOR('',#4950,1.);
#4950 = DIRECTION('',(1.,0.));
#4951 = ( GEOMETRIC_REPRESENTATION_CONTEXT(2) 
PARAMETRIC_REPRESENTATION_CONTEXT() REPRESENTATION_CONTEXT('2D SPACE',''
  ) );
#4952 = PCURVE('',#4275,#4953);
#4953 = DEFINITIONAL_REPRESENTATION('',(#4954),#4958);
#4954 = LINE('',#4955,#4956);
#4955 = CARTESIAN_POINT('',(0.,20.64));
#4956 = VECTOR('',#4957,1.);
#4957 = DIRECTION('',(1.,0.));
#4958 = ( GEOMETRIC_REPRESENTATION_CONTEXT(2) 
PARAMETRIC_REPRESENTATION_CONTEXT() REPRESENTATION_CONTEXT('2D SPACE',''
  ) );
#4959 = ORIENTED_EDGE('',*,*,#4619,.T.);
#4960 = ORIENTED_EDGE('',*,*,#4961,.T.);
#4961 = EDGE_CURVE('',#4597,#4962,#4964,.T.);
#4962 = VERTEX_POINT('',#4963);
#4963 = CARTESIAN_POINT('',(10.32,30.29,166.4));
#4964 = SURFACE_CURVE('',#4965,(#4969,#4976),.PCURVE_S1.);
#4965 = LINE('',#4966,#4967);
#4966 = CARTESIAN_POINT('',(10.32,30.29,160.4));
#4967 = VECTOR('',#4968,1.);
#4968 = DIRECTION('',(0.,0.,1.));
#4969 = PCURVE('',#2914,#4970);
#4970 = DEFINITIONAL_REPRESENTATION('',(#4971),#4975);
#4971 = LINE('',#4972,#4973);
#4972 = CARTESIAN_POINT('',(-6.,-49.79));
#4973 = VECTOR('',#4974,1.);
#4974 = DIRECTION('',(1.,0.));
#4975 = ( GEOMETRIC_REPRESENTATION_CONTEXT(2) 
PARAMETRIC_REPRESENTATION_CONTEXT() REPRESENTATION_CONTEXT('2D SPACE',''
  ) );
#4976 = PCURVE('',#4326,#4977);
#4977 = DEFINITIONAL_REPRESENTATION('',(#4978),#4982);
#4978 = LINE('',#4979,#4980);
#4979 = CARTESIAN_POINT('',(0.,20.64));
#4980 = VECTOR('',#4981,1.);
#4981 = DIRECTION('',(1.,0.));
#4982 = ( GEOMETRIC_REPRESENTATION_CONTEXT(2) 
PARAMETRIC_REPRESENTATION_CONTEXT() REPRESENTATION_CONTEXT('2D SPACE',''
  ) );
#4983 = ORIENTED_EDGE('',*,*,#4984,.T.);
#4984 = EDGE_CURVE('',#4962,#4185,#4985,.T.);
#4985 = SURFACE_CURVE('',#4986,(#4990,#4997),.PCURVE_S1.);
#4986 = LINE('',#4987,#4988);
#4987 = CARTESIAN_POINT('',(10.32,-19.5,166.4));
#4988 = VECTOR('',#4989,1.);
#4989 = DIRECTION('',(0.,1.,0.));
#4990 = PCURVE('',#2914,#4991);
#4991 = DEFINITIONAL_REPRESENTATION('',(#4992),#4996);
#4992 = LINE('',#4993,#4994);
#4993 = CARTESIAN_POINT('',(0.,0.));
#4994 = VECTOR('',#4995,1.);
#4995 = DIRECTION('',(0.,-1.));
#4996 = ( GEOMETRIC_REPRESENTATION_CONTEXT(2) 
PARAMETRIC_REPRESENTATION_CONTEXT() REPRESENTATION_CONTEXT('2D SPACE',''
  ) );
#4997 = PCURVE('',#4199,#4998);
#4998 = DEFINITIONAL_REPRESENTATION('',(#4999),#5003);
#4999 = LINE('',#5000,#5001);
#5000 = CARTESIAN_POINT('',(20.64,0.));
#5001 = VECTOR('',#5002,1.);
#5002 = DIRECTION('',(0.,1.));
#5003 = ( GEOMETRIC_REPRESENTATION_CONTEXT(2) 
PARAMETRIC_REPRESENTATION_CONTEXT() REPRESENTATION_CONTEXT('2D SPACE',''
  ) );
#5004 = ORIENTED_EDGE('',*,*,#4210,.F.);
#5005 = ORIENTED_EDGE('',*,*,#4743,.T.);
#5006 = ADVANCED_FACE('',(#5007),#2890,.T.);
#5007 = FACE_BOUND('',#5008,.T.);
#5008 = EDGE_LOOP('',(#5009,#5028,#5029,#5030));
#5009 = ORIENTED_EDGE('',*,*,#5010,.F.);
#5010 = EDGE_CURVE('',#4823,#4917,#5011,.T.);
#5011 = SURFACE_CURVE('',#5012,(#5016,#5022),.PCURVE_S1.);
#5012 = LINE('',#5013,#5014);
#5013 = CARTESIAN_POINT('',(-10.32,-10.35,166.4));
#5014 = VECTOR('',#5015,1.);
#5015 = DIRECTION('',(1.,0.,0.));
#5016 = PCURVE('',#2890,#5017);
#5017 = DEFINITIONAL_REPRESENTATION('',(#5018),#5021);
#5018 = B_SPLINE_CURVE_WITH_KNOTS('',1,(#5019,#5020),.UNSPECIFIED.,.F.,
  .F.,(2,2),(0.,20.64),.PIECEWISE_BEZIER_KNOTS.);
#5019 = CARTESIAN_POINT('',(0.,9.15));
#5020 = CARTESIAN_POINT('',(20.64,9.15));
#5021 = ( GEOMETRIC_REPRESENTATION_CONTEXT(2) 
PARAMETRIC_REPRESENTATION_CONTEXT() REPRESENTATION_CONTEXT('2D SPACE',''
  ) );
#5022 = PCURVE('',#4275,#5023);
#5023 = DEFINITIONAL_REPRESENTATION('',(#5024),#5027);
#5024 = B_SPLINE_CURVE_WITH_KNOTS('',1,(#5025,#5026),.UNSPECIFIED.,.F.,
  .F.,(2,2),(0.,20.64),.PIECEWISE_BEZIER_KNOTS.);
#5025 = CARTESIAN_POINT('',(6.,0.));
#5026 = CARTESIAN_POINT('',(6.,20.64));
#5027 = ( GEOMETRIC_REPRESENTATION_CONTEXT(2) 
PARAMETRIC_REPRESENTATION_CONTEXT() REPRESENTATION_CONTEXT('2D SPACE',''
  ) );
#5028 = ORIENTED_EDGE('',*,*,#4822,.F.);
#5029 = ORIENTED_EDGE('',*,*,#2875,.T.);
#5030 = ORIENTED_EDGE('',*,*,#4916,.T.);
#5031 = ADVANCED_FACE('',(#5032),#3131,.F.);
#5032 = FACE_BOUND('',#5033,.T.);
#5033 = EDGE_LOOP('',(#5034,#5057,#5084,#5085));
#5034 = ORIENTED_EDGE('',*,*,#5035,.T.);
#5035 = EDGE_CURVE('',#3115,#5036,#5038,.T.);
#5036 = VERTEX_POINT('',#5037);
#5037 = CARTESIAN_POINT('',(45.6,8.25,100.));
#5038 = SEAM_CURVE('',#5039,(#5043,#5050),.PCURVE_S1.);
#5039 = LINE('',#5040,#5041);
#5040 = CARTESIAN_POINT('',(39.1,8.25,100.));
#5041 = VECTOR('',#5042,1.);
#5042 = DIRECTION('',(1.,0.,0.));
#5043 = PCURVE('',#3131,#5044);
#5044 = DEFINITIONAL_REPRESENTATION('',(#5045),#5049);
#5045 = LINE('',#5046,#5047);
#5046 = CARTESIAN_POINT('',(-0.,0.));
#5047 = VECTOR('',#5048,1.);
#5048 = DIRECTION('',(-0.,-1.));
#5049 = ( GEOMETRIC_REPRESENTATION_CONTEXT(2) 
PARAMETRIC_REPRESENTATION_CONTEXT() REPRESENTATION_CONTEXT('2D SPACE',''
  ) );
#5050 = PCURVE('',#3131,#5051);
#5051 = DEFINITIONAL_REPRESENTATION('',(#5052),#5056);
#5052 = LINE('',#5053,#5054);
#5053 = CARTESIAN_POINT('',(-6.28318530718,0.));
#5054 = VECTOR('',#5055,1.);
#5055 = DIRECTION('',(-0.,-1.));
#5056 = ( GEOMETRIC_REPRESENTATION_CONTEXT(2) 
PARAMETRIC_REPRESENTATION_CONTEXT() REPRESENTATION_CONTEXT('2D SPACE',''
  ) );
#5057 = ORIENTED_EDGE('',*,*,#5058,.T.);
#5058 = EDGE_CURVE('',#5036,#5036,#5059,.T.);
#5059 = SURFACE_CURVE('',#5060,(#5065,#5072),.PCURVE_S1.);
#5060 = CIRCLE('',#5061,1.25);
#5061 = AXIS2_PLACEMENT_3D('',#5062,#5063,#5064);
#5062 = CARTESIAN_POINT('',(45.6,7.,100.));
#5063 = DIRECTION('',(1.,0.,0.));
#5064 = DIRECTION('',(0.,1.,0.));
#5065 = PCURVE('',#3131,#5066);
#5066 = DEFINITIONAL_REPRESENTATION('',(#5067),#5071);
#5067 = LINE('',#5068,#5069);
#5068 = CARTESIAN_POINT('',(-0.,-6.5));
#5069 = VECTOR('',#5070,1.);
#5070 = DIRECTION('',(-1.,0.));
#5071 = ( GEOMETRIC_REPRESENTATION_CONTEXT(2) 
PARAMETRIC_REPRESENTATION_CONTEXT() REPRESENTATION_CONTEXT('2D SPACE',''
  ) );
#5072 = PCURVE('',#5073,#5078);
#5073 = PLANE('',#5074);
#5074 = AXIS2_PLACEMENT_3D('',#5075,#5076,#5077);
#5075 = CARTESIAN_POINT('',(45.6,7.,100.));
#5076 = DIRECTION('',(1.,0.,0.));
#5077 = DIRECTION('',(-0.,0.,1.));
#5078 = DEFINITIONAL_REPRESENTATION('',(#5079),#5083);
#5079 = CIRCLE('',#5080,1.25);
#5080 = AXIS2_PLACEMENT_2D('',#5081,#5082);
#5081 = CARTESIAN_POINT('',(-1.42108547152E-14,0.));
#5082 = DIRECTION('',(0.,-1.));
#5083 = ( GEOMETRIC_REPRESENTATION_CONTEXT(2) 
PARAMETRIC_REPRESENTATION_CONTEXT() REPRESENTATION_CONTEXT('2D SPACE',''
  ) );
#5084 = ORIENTED_EDGE('',*,*,#5035,.F.);
#5085 = ORIENTED_EDGE('',*,*,#3114,.F.);
#5086 = ADVANCED_FACE('',(#5087),#3162,.F.);
#5087 = FACE_BOUND('',#5088,.T.);
#5088 = EDGE_LOOP('',(#5089,#5112,#5139,#5140));
#5089 = ORIENTED_EDGE('',*,*,#5090,.T.);
#5090 = EDGE_CURVE('',#3146,#5091,#5093,.T.);
#5091 = VERTEX_POINT('',#5092);
#5092 = CARTESIAN_POINT('',(45.6,1.25,93.));
#5093 = SEAM_CURVE('',#5094,(#5098,#5105),.PCURVE_S1.);
#5094 = LINE('',#5095,#5096);
#5095 = CARTESIAN_POINT('',(39.1,1.25,93.));
#5096 = VECTOR('',#5097,1.);
#5097 = DIRECTION('',(1.,0.,0.));
#5098 = PCURVE('',#3162,#5099);
#5099 = DEFINITIONAL_REPRESENTATION('',(#5100),#5104);
#5100 = LINE('',#5101,#5102);
#5101 = CARTESIAN_POINT('',(-0.,0.));
#5102 = VECTOR('',#5103,1.);
#5103 = DIRECTION('',(-0.,-1.));
#5104 = ( GEOMETRIC_REPRESENTATION_CONTEXT(2) 
PARAMETRIC_REPRESENTATION_CONTEXT() REPRESENTATION_CONTEXT('2D SPACE',''
  ) );
#5105 = PCURVE('',#3162,#5106);
#5106 = DEFINITIONAL_REPRESENTATION('',(#5107),#5111);
#5107 = LINE('',#5108,#5109);
#5108 = CARTESIAN_POINT('',(-6.28318530718,0.));
#5109 = VECTOR('',#5110,1.);
#5110 = DIRECTION('',(-0.,-1.));
#5111 = ( GEOMETRIC_REPRESENTATION_CONTEXT(2) 
PARAMETRIC_REPRESENTATION_CONTEXT() REPRESENTATION_CONTEXT('2D SPACE',''
  ) );
#5112 = ORIENTED_EDGE('',*,*,#5113,.T.);
#5113 = EDGE_CURVE('',#5091,#5091,#5114,.T.);
#5114 = SURFACE_CURVE('',#5115,(#5120,#5127),.PCURVE_S1.);
#5115 = CIRCLE('',#5116,1.25);
#5116 = AXIS2_PLACEMENT_3D('',#5117,#5118,#5119);
#5117 = CARTESIAN_POINT('',(45.6,-1.285879139105E-15,93.));
#5118 = DIRECTION('',(1.,0.,0.));
#5119 = DIRECTION('',(0.,1.,0.));
#5120 = PCURVE('',#3162,#5121);
#5121 = DEFINITIONAL_REPRESENTATION('',(#5122),#5126);
#5122 = LINE('',#5123,#5124);
#5123 = CARTESIAN_POINT('',(-0.,-6.5));
#5124 = VECTOR('',#5125,1.);
#5125 = DIRECTION('',(-1.,0.));
#5126 = ( GEOMETRIC_REPRESENTATION_CONTEXT(2) 
PARAMETRIC_REPRESENTATION_CONTEXT() REPRESENTATION_CONTEXT('2D SPACE',''
  ) );
#5127 = PCURVE('',#5128,#5133);
#5128 = PLANE('',#5129);
#5129 = AXIS2_PLACEMENT_3D('',#5130,#5131,#5132);
#5130 = CARTESIAN_POINT('',(45.6,-2.119532205436E-15,93.));
#5131 = DIRECTION('',(1.,0.,0.));
#5132 = DIRECTION('',(-0.,0.,1.));
#5133 = DEFINITIONAL_REPRESENTATION('',(#5134),#5138);
#5134 = CIRCLE('',#5135,1.25);
#5135 = AXIS2_PLACEMENT_2D('',#5136,#5137);
#5136 = CARTESIAN_POINT('',(0.,-8.336530663314E-16));
#5137 = DIRECTION('',(0.,-1.));
#5138 = ( GEOMETRIC_REPRESENTATION_CONTEXT(2) 
PARAMETRIC_REPRESENTATION_CONTEXT() REPRESENTATION_CONTEXT('2D SPACE',''
  ) );
#5139 = ORIENTED_EDGE('',*,*,#5090,.F.);
#5140 = ORIENTED_EDGE('',*,*,#3145,.F.);
#5141 = ADVANCED_FACE('',(#5142),#3193,.F.);
#5142 = FACE_BOUND('',#5143,.T.);
#5143 = EDGE_LOOP('',(#5144,#5167,#5194,#5195));
#5144 = ORIENTED_EDGE('',*,*,#5145,.T.);
#5145 = EDGE_CURVE('',#3177,#5146,#5148,.T.);
#5146 = VERTEX_POINT('',#5147);
#5147 = CARTESIAN_POINT('',(45.6,1.25,107.));
#5148 = SEAM_CURVE('',#5149,(#5153,#5160),.PCURVE_S1.);
#5149 = LINE('',#5150,#5151);
#5150 = CARTESIAN_POINT('',(39.1,1.25,107.));
#5151 = VECTOR('',#5152,1.);
#5152 = DIRECTION('',(1.,0.,0.));
#5153 = PCURVE('',#3193,#5154);
#5154 = DEFINITIONAL_REPRESENTATION('',(#5155),#5159);
#5155 = LINE('',#5156,#5157);
#5156 = CARTESIAN_POINT('',(-0.,0.));
#5157 = VECTOR('',#5158,1.);
#5158 = DIRECTION('',(-0.,-1.));
#5159 = ( GEOMETRIC_REPRESENTATION_CONTEXT(2) 
PARAMETRIC_REPRESENTATION_CONTEXT() REPRESENTATION_CONTEXT('2D SPACE',''
  ) );
#5160 = PCURVE('',#3193,#5161);
#5161 = DEFINITIONAL_REPRESENTATION('',(#5162),#5166);
#5162 = LINE('',#5163,#5164);
#5163 = CARTESIAN_POINT('',(-6.28318530718,0.));
#5164 = VECTOR('',#5165,1.);
#5165 = DIRECTION('',(-0.,-1.));
#5166 = ( GEOMETRIC_REPRESENTATION_CONTEXT(2) 
PARAMETRIC_REPRESENTATION_CONTEXT() REPRESENTATION_CONTEXT('2D SPACE',''
  ) );
#5167 = ORIENTED_EDGE('',*,*,#5168,.T.);
#5168 = EDGE_CURVE('',#5146,#5146,#5169,.T.);
#5169 = SURFACE_CURVE('',#5170,(#5175,#5182),.PCURVE_S1.);
#5170 = CIRCLE('',#5171,1.25);
#5171 = AXIS2_PLACEMENT_3D('',#5172,#5173,#5174);
#5172 = CARTESIAN_POINT('',(45.6,4.286263797016E-16,107.));
#5173 = DIRECTION('',(1.,0.,0.));
#5174 = DIRECTION('',(0.,1.,0.));
#5175 = PCURVE('',#3193,#5176);
#5176 = DEFINITIONAL_REPRESENTATION('',(#5177),#5181);
#5177 = LINE('',#5178,#5179);
#5178 = CARTESIAN_POINT('',(-0.,-6.5));
#5179 = VECTOR('',#5180,1.);
#5180 = DIRECTION('',(-1.,0.));
#5181 = ( GEOMETRIC_REPRESENTATION_CONTEXT(2) 
PARAMETRIC_REPRESENTATION_CONTEXT() REPRESENTATION_CONTEXT('2D SPACE',''
  ) );
#5182 = PCURVE('',#5183,#5188);
#5183 = PLANE('',#5184);
#5184 = AXIS2_PLACEMENT_3D('',#5185,#5186,#5187);
#5185 = CARTESIAN_POINT('',(45.6,-3.760460364483E-16,107.));
#5186 = DIRECTION('',(1.,0.,0.));
#5187 = DIRECTION('',(-0.,0.,1.));
#5188 = DEFINITIONAL_REPRESENTATION('',(#5189),#5193);
#5189 = CIRCLE('',#5190,1.25);
#5190 = AXIS2_PLACEMENT_2D('',#5191,#5192);
#5191 = CARTESIAN_POINT('',(0.,-8.046724161499E-16));
#5192 = DIRECTION('',(0.,-1.));
#5193 = ( GEOMETRIC_REPRESENTATION_CONTEXT(2) 
PARAMETRIC_REPRESENTATION_CONTEXT() REPRESENTATION_CONTEXT('2D SPACE',''
  ) );
#5194 = ORIENTED_EDGE('',*,*,#5145,.F.);
#5195 = ORIENTED_EDGE('',*,*,#3176,.F.);
#5196 = ADVANCED_FACE('',(#5197),#3224,.F.);
#5197 = FACE_BOUND('',#5198,.T.);
#5198 = EDGE_LOOP('',(#5199,#5222,#5249,#5250));
#5199 = ORIENTED_EDGE('',*,*,#5200,.T.);
#5200 = EDGE_CURVE('',#3208,#5201,#5203,.T.);
#5201 = VERTEX_POINT('',#5202);
#5202 = CARTESIAN_POINT('',(45.6,-5.75,100.));
#5203 = SEAM_CURVE('',#5204,(#5208,#5215),.PCURVE_S1.);
#5204 = LINE('',#5205,#5206);
#5205 = CARTESIAN_POINT('',(39.1,-5.75,100.));
#5206 = VECTOR('',#5207,1.);
#5207 = DIRECTION('',(1.,0.,0.));
#5208 = PCURVE('',#3224,#5209);
#5209 = DEFINITIONAL_REPRESENTATION('',(#5210),#5214);
#5210 = LINE('',#5211,#5212);
#5211 = CARTESIAN_POINT('',(-0.,0.));
#5212 = VECTOR('',#5213,1.);
#5213 = DIRECTION('',(-0.,-1.));
#5214 = ( GEOMETRIC_REPRESENTATION_CONTEXT(2) 
PARAMETRIC_REPRESENTATION_CONTEXT() REPRESENTATION_CONTEXT('2D SPACE',''
  ) );
#5215 = PCURVE('',#3224,#5216);
#5216 = DEFINITIONAL_REPRESENTATION('',(#5217),#5221);
#5217 = LINE('',#5218,#5219);
#5218 = CARTESIAN_POINT('',(-6.28318530718,0.));
#5219 = VECTOR('',#5220,1.);
#5220 = DIRECTION('',(-0.,-1.));
#5221 = ( GEOMETRIC_REPRESENTATION_CONTEXT(2) 
PARAMETRIC_REPRESENTATION_CONTEXT() REPRESENTATION_CONTEXT('2D SPACE',''
  ) );
#5222 = ORIENTED_EDGE('',*,*,#5223,.T.);
#5223 = EDGE_CURVE('',#5201,#5201,#5224,.T.);
#5224 = SURFACE_CURVE('',#5225,(#5230,#5237),.PCURVE_S1.);
#5225 = CIRCLE('',#5226,1.25);
#5226 = AXIS2_PLACEMENT_3D('',#5227,#5228,#5229);
#5227 = CARTESIAN_POINT('',(45.6,-7.,100.));
#5228 = DIRECTION('',(1.,0.,0.));
#5229 = DIRECTION('',(0.,1.,0.));
#5230 = PCURVE('',#3224,#5231);
#5231 = DEFINITIONAL_REPRESENTATION('',(#5232),#5236);
#5232 = LINE('',#5233,#5234);
#5233 = CARTESIAN_POINT('',(-0.,-6.5));
#5234 = VECTOR('',#5235,1.);
#5235 = DIRECTION('',(-1.,0.));
#5236 = ( GEOMETRIC_REPRESENTATION_CONTEXT(2) 
PARAMETRIC_REPRESENTATION_CONTEXT() REPRESENTATION_CONTEXT('2D SPACE',''
  ) );
#5237 = PCURVE('',#5238,#5243);
#5238 = PLANE('',#5239);
#5239 = AXIS2_PLACEMENT_3D('',#5240,#5241,#5242);
#5240 = CARTESIAN_POINT('',(45.6,-7.,100.));
#5241 = DIRECTION('',(1.,0.,0.));
#5242 = DIRECTION('',(-0.,0.,1.));
#5243 = DEFINITIONAL_REPRESENTATION('',(#5244),#5248);
#5244 = CIRCLE('',#5245,1.25);
#5245 = AXIS2_PLACEMENT_2D('',#5246,#5247);
#5246 = CARTESIAN_POINT('',(-1.42108547152E-14,-1.7763568394E-15));
#5247 = DIRECTION('',(0.,-1.));
#5248 = ( GEOMETRIC_REPRESENTATION_CONTEXT(2) 
PARAMETRIC_REPRESENTATION_CONTEXT() REPRESENTATION_CONTEXT('2D SPACE',''
  ) );
#5249 = ORIENTED_EDGE('',*,*,#5200,.F.);
#5250 = ORIENTED_EDGE('',*,*,#3207,.F.);
#5251 = ADVANCED_FACE('',(#5252),#3440,.T.);
#5252 = FACE_BOUND('',#5253,.T.);
#5253 = EDGE_LOOP('',(#5254));
#5254 = ORIENTED_EDGE('',*,*,#3423,.T.);
#5255 = ADVANCED_FACE('',(#5256),#3495,.T.);
#5256 = FACE_BOUND('',#5257,.T.);
#5257 = EDGE_LOOP('',(#5258));
#5258 = ORIENTED_EDGE('',*,*,#3478,.T.);
#5259 = ADVANCED_FACE('',(#5260),#3550,.T.);
#5260 = FACE_BOUND('',#5261,.T.);
#5261 = EDGE_LOOP('',(#5262));
#5262 = ORIENTED_EDGE('',*,*,#3533,.T.);
#5263 = ADVANCED_FACE('',(#5264),#3655,.T.);
#5264 = FACE_BOUND('',#5265,.T.);
#5265 = EDGE_LOOP('',(#5266));
#5266 = ORIENTED_EDGE('',*,*,#3638,.T.);
#5267 = ADVANCED_FACE('',(#5268),#2541,.T.);
#5268 = FACE_BOUND('',#5269,.T.);
#5269 = EDGE_LOOP('',(#5270,#5271,#5272,#5293,#5294));
#5270 = ORIENTED_EDGE('',*,*,#3804,.F.);
#5271 = ORIENTED_EDGE('',*,*,#2528,.T.);
#5272 = ORIENTED_EDGE('',*,*,#5273,.T.);
#5273 = EDGE_CURVE('',#2496,#3969,#5274,.T.);
#5274 = SURFACE_CURVE('',#5275,(#5279,#5286),.PCURVE_S1.);
#5275 = LINE('',#5276,#5277);
#5276 = CARTESIAN_POINT('',(-14.,-18.5,172.9));
#5277 = VECTOR('',#5278,1.);
#5278 = DIRECTION('',(0.,1.,0.));
#5279 = PCURVE('',#2541,#5280);
#5280 = DEFINITIONAL_REPRESENTATION('',(#5281),#5285);
#5281 = LINE('',#5282,#5283);
#5282 = CARTESIAN_POINT('',(0.,0.));
#5283 = VECTOR('',#5284,1.);
#5284 = DIRECTION('',(0.,-1.));
#5285 = ( GEOMETRIC_REPRESENTATION_CONTEXT(2) 
PARAMETRIC_REPRESENTATION_CONTEXT() REPRESENTATION_CONTEXT('2D SPACE',''
  ) );
#5286 = PCURVE('',#2512,#5287);
#5287 = DEFINITIONAL_REPRESENTATION('',(#5288),#5292);
#5288 = LINE('',#5289,#5290);
#5289 = CARTESIAN_POINT('',(3.,0.));
#5290 = VECTOR('',#5291,1.);
#5291 = DIRECTION('',(0.,1.));
#5292 = ( GEOMETRIC_REPRESENTATION_CONTEXT(2) 
PARAMETRIC_REPRESENTATION_CONTEXT() REPRESENTATION_CONTEXT('2D SPACE',''
  ) );
#5293 = ORIENTED_EDGE('',*,*,#3968,.T.);
#5294 = ORIENTED_EDGE('',*,*,#3756,.F.);
#5295 = ADVANCED_FACE('',(#5296),#2484,.F.);
#5296 = FACE_BOUND('',#5297,.F.);
#5297 = EDGE_LOOP('',(#5298,#5299,#5300,#5321,#5322));
#5298 = ORIENTED_EDGE('',*,*,#3826,.F.);
#5299 = ORIENTED_EDGE('',*,*,#2469,.T.);
#5300 = ORIENTED_EDGE('',*,*,#5301,.T.);
#5301 = EDGE_CURVE('',#2470,#3992,#5302,.T.);
#5302 = SURFACE_CURVE('',#5303,(#5307,#5314),.PCURVE_S1.);
#5303 = LINE('',#5304,#5305);
#5304 = CARTESIAN_POINT('',(14.,-18.5,172.9));
#5305 = VECTOR('',#5306,1.);
#5306 = DIRECTION('',(0.,1.,0.));
#5307 = PCURVE('',#2484,#5308);
#5308 = DEFINITIONAL_REPRESENTATION('',(#5309),#5313);
#5309 = LINE('',#5310,#5311);
#5310 = CARTESIAN_POINT('',(0.,0.));
#5311 = VECTOR('',#5312,1.);
#5312 = DIRECTION('',(0.,-1.));
#5313 = ( GEOMETRIC_REPRESENTATION_CONTEXT(2) 
PARAMETRIC_REPRESENTATION_CONTEXT() REPRESENTATION_CONTEXT('2D SPACE',''
  ) );
#5314 = PCURVE('',#2512,#5315);
#5315 = DEFINITIONAL_REPRESENTATION('',(#5316),#5320);
#5316 = LINE('',#5317,#5318);
#5317 = CARTESIAN_POINT('',(31.,0.));
#5318 = VECTOR('',#5319,1.);
#5319 = DIRECTION('',(0.,1.));
#5320 = ( GEOMETRIC_REPRESENTATION_CONTEXT(2) 
PARAMETRIC_REPRESENTATION_CONTEXT() REPRESENTATION_CONTEXT('2D SPACE',''
  ) );
#5321 = ORIENTED_EDGE('',*,*,#4014,.T.);
#5322 = ORIENTED_EDGE('',*,*,#3850,.F.);
#5323 = ADVANCED_FACE('',(#5324),#3928,.F.);
#5324 = FACE_BOUND('',#5325,.T.);
#5325 = EDGE_LOOP('',(#5326,#5327,#5348,#5349));
#5326 = ORIENTED_EDGE('',*,*,#4789,.T.);
#5327 = ORIENTED_EDGE('',*,*,#5328,.T.);
#5328 = EDGE_CURVE('',#4790,#3908,#5329,.T.);
#5329 = SEAM_CURVE('',#5330,(#5334,#5341),.PCURVE_S1.);
#5330 = LINE('',#5331,#5332);
#5331 = CARTESIAN_POINT('',(6.5,0.,169.5));
#5332 = VECTOR('',#5333,1.);
#5333 = DIRECTION('',(0.,0.,1.));
#5334 = PCURVE('',#3928,#5335);
#5335 = DEFINITIONAL_REPRESENTATION('',(#5336),#5340);
#5336 = LINE('',#5337,#5338);
#5337 = CARTESIAN_POINT('',(-6.28318530718,0.));
#5338 = VECTOR('',#5339,1.);
#5339 = DIRECTION('',(-0.,-1.));
#5340 = ( GEOMETRIC_REPRESENTATION_CONTEXT(2) 
PARAMETRIC_REPRESENTATION_CONTEXT() REPRESENTATION_CONTEXT('2D SPACE',''
  ) );
#5341 = PCURVE('',#3928,#5342);
#5342 = DEFINITIONAL_REPRESENTATION('',(#5343),#5347);
#5343 = LINE('',#5344,#5345);
#5344 = CARTESIAN_POINT('',(-0.,0.));
#5345 = VECTOR('',#5346,1.);
#5346 = DIRECTION('',(-0.,-1.));
#5347 = ( GEOMETRIC_REPRESENTATION_CONTEXT(2) 
PARAMETRIC_REPRESENTATION_CONTEXT() REPRESENTATION_CONTEXT('2D SPACE',''
  ) );
#5348 = ORIENTED_EDGE('',*,*,#3907,.F.);
#5349 = ORIENTED_EDGE('',*,*,#5328,.F.);
#5350 = ADVANCED_FACE('',(#5351),#2512,.T.);
#5351 = FACE_BOUND('',#5352,.T.);
#5352 = EDGE_LOOP('',(#5353,#5354,#5355,#5356));
#5353 = ORIENTED_EDGE('',*,*,#3991,.F.);
#5354 = ORIENTED_EDGE('',*,*,#5273,.F.);
#5355 = ORIENTED_EDGE('',*,*,#2495,.T.);
#5356 = ORIENTED_EDGE('',*,*,#5301,.T.);
#5357 = ADVANCED_FACE('',(#5358),#4125,.T.);
#5358 = FACE_BOUND('',#5359,.T.);
#5359 = EDGE_LOOP('',(#5360,#5383,#5402,#5403));
#5360 = ORIENTED_EDGE('',*,*,#5361,.F.);
#5361 = EDGE_CURVE('',#5362,#4087,#5364,.T.);
#5362 = VERTEX_POINT('',#5363);
#5363 = CARTESIAN_POINT('',(-1.5,30.29,162.9));
#5364 = SURFACE_CURVE('',#5365,(#5369,#5376),.PCURVE_S1.);
#5365 = LINE('',#5366,#5367);
#5366 = CARTESIAN_POINT('',(-1.5,-19.5,162.9));
#5367 = VECTOR('',#5368,1.);
#5368 = DIRECTION('',(0.,1.,0.));
#5369 = PCURVE('',#4125,#5370);
#5370 = DEFINITIONAL_REPRESENTATION('',(#5371),#5375);
#5371 = LINE('',#5372,#5373);
#5372 = CARTESIAN_POINT('',(2.5,0.));
#5373 = VECTOR('',#5374,1.);
#5374 = DIRECTION('',(0.,-1.));
#5375 = ( GEOMETRIC_REPRESENTATION_CONTEXT(2) 
PARAMETRIC_REPRESENTATION_CONTEXT() REPRESENTATION_CONTEXT('2D SPACE',''
  ) );
#5376 = PCURVE('',#4101,#5377);
#5377 = DEFINITIONAL_REPRESENTATION('',(#5378),#5382);
#5378 = LINE('',#5379,#5380);
#5379 = CARTESIAN_POINT('',(0.,0.));
#5380 = VECTOR('',#5381,1.);
#5381 = DIRECTION('',(0.,1.));
#5382 = ( GEOMETRIC_REPRESENTATION_CONTEXT(2) 
PARAMETRIC_REPRESENTATION_CONTEXT() REPRESENTATION_CONTEXT('2D SPACE',''
  ) );
#5383 = ORIENTED_EDGE('',*,*,#5384,.T.);
#5384 = EDGE_CURVE('',#5362,#4311,#5385,.T.);
#5385 = SURFACE_CURVE('',#5386,(#5390,#5396),.PCURVE_S1.);
#5386 = LINE('',#5387,#5388);
#5387 = CARTESIAN_POINT('',(-1.5,30.29,160.4));
#5388 = VECTOR('',#5389,1.);
#5389 = DIRECTION('',(0.,0.,-1.));
#5390 = PCURVE('',#4125,#5391);
#5391 = DEFINITIONAL_REPRESENTATION('',(#5392),#5395);
#5392 = B_SPLINE_CURVE_WITH_KNOTS('',1,(#5393,#5394),.UNSPECIFIED.,.F.,
  .F.,(2,2),(-2.5,-2.84217094304E-14),.PIECEWISE_BEZIER_KNOTS.);
#5393 = CARTESIAN_POINT('',(2.5,-49.79));
#5394 = CARTESIAN_POINT('',(0.,-49.79));
#5395 = ( GEOMETRIC_REPRESENTATION_CONTEXT(2) 
PARAMETRIC_REPRESENTATION_CONTEXT() REPRESENTATION_CONTEXT('2D SPACE',''
  ) );
#5396 = PCURVE('',#4326,#5397);
#5397 = DEFINITIONAL_REPRESENTATION('',(#5398),#5401);
#5398 = B_SPLINE_CURVE_WITH_KNOTS('',1,(#5399,#5400),.UNSPECIFIED.,.F.,
  .F.,(2,2),(-2.5,-2.84217094304E-14),.PIECEWISE_BEZIER_KNOTS.);
#5399 = CARTESIAN_POINT('',(2.5,8.82));
#5400 = CARTESIAN_POINT('',(2.84217094304E-14,8.82));
#5401 = ( GEOMETRIC_REPRESENTATION_CONTEXT(2) 
PARAMETRIC_REPRESENTATION_CONTEXT() REPRESENTATION_CONTEXT('2D SPACE',''
  ) );
#5402 = ORIENTED_EDGE('',*,*,#4338,.T.);
#5403 = ORIENTED_EDGE('',*,*,#4112,.F.);
#5404 = ADVANCED_FACE('',(#5405),#4101,.F.);
#5405 = FACE_BOUND('',#5406,.F.);
#5406 = EDGE_LOOP('',(#5407,#5408,#5429,#5450));
#5407 = ORIENTED_EDGE('',*,*,#5361,.F.);
#5408 = ORIENTED_EDGE('',*,*,#5409,.T.);
#5409 = EDGE_CURVE('',#5362,#5410,#5412,.T.);
#5410 = VERTEX_POINT('',#5411);
#5411 = CARTESIAN_POINT('',(1.5,30.29,162.9));
#5412 = SURFACE_CURVE('',#5413,(#5417,#5423),.PCURVE_S1.);
#5413 = LINE('',#5414,#5415);
#5414 = CARTESIAN_POINT('',(-5.91,30.29,162.9));
#5415 = VECTOR('',#5416,1.);
#5416 = DIRECTION('',(1.,0.,0.));
#5417 = PCURVE('',#4101,#5418);
#5418 = DEFINITIONAL_REPRESENTATION('',(#5419),#5422);
#5419 = B_SPLINE_CURVE_WITH_KNOTS('',1,(#5420,#5421),.UNSPECIFIED.,.F.,
  .F.,(2,2),(4.41,7.41),.PIECEWISE_BEZIER_KNOTS.);
#5420 = CARTESIAN_POINT('',(0.,49.79));
#5421 = CARTESIAN_POINT('',(3.,49.79));
#5422 = ( GEOMETRIC_REPRESENTATION_CONTEXT(2) 
PARAMETRIC_REPRESENTATION_CONTEXT() REPRESENTATION_CONTEXT('2D SPACE',''
  ) );
#5423 = PCURVE('',#4326,#5424);
#5424 = DEFINITIONAL_REPRESENTATION('',(#5425),#5428);
#5425 = B_SPLINE_CURVE_WITH_KNOTS('',1,(#5426,#5427),.UNSPECIFIED.,.F.,
  .F.,(2,2),(4.41,7.41),.PIECEWISE_BEZIER_KNOTS.);
#5426 = CARTESIAN_POINT('',(2.5,8.82));
#5427 = CARTESIAN_POINT('',(2.5,11.82));
#5428 = ( GEOMETRIC_REPRESENTATION_CONTEXT(2) 
PARAMETRIC_REPRESENTATION_CONTEXT() REPRESENTATION_CONTEXT('2D SPACE',''
  ) );
#5429 = ORIENTED_EDGE('',*,*,#5430,.T.);
#5430 = EDGE_CURVE('',#5410,#4061,#5431,.T.);
#5431 = SURFACE_CURVE('',#5432,(#5436,#5443),.PCURVE_S1.);
#5432 = LINE('',#5433,#5434);
#5433 = CARTESIAN_POINT('',(1.5,-19.5,162.9));
#5434 = VECTOR('',#5435,1.);
#5435 = DIRECTION('',(0.,1.,0.));
#5436 = PCURVE('',#4101,#5437);
#5437 = DEFINITIONAL_REPRESENTATION('',(#5438),#5442);
#5438 = LINE('',#5439,#5440);
#5439 = CARTESIAN_POINT('',(3.,0.));
#5440 = VECTOR('',#5441,1.);
#5441 = DIRECTION('',(0.,1.));
#5442 = ( GEOMETRIC_REPRESENTATION_CONTEXT(2) 
PARAMETRIC_REPRESENTATION_CONTEXT() REPRESENTATION_CONTEXT('2D SPACE',''
  ) );
#5443 = PCURVE('',#4075,#5444);
#5444 = DEFINITIONAL_REPRESENTATION('',(#5445),#5449);
#5445 = LINE('',#5446,#5447);
#5446 = CARTESIAN_POINT('',(2.5,0.));
#5447 = VECTOR('',#5448,1.);
#5448 = DIRECTION('',(0.,-1.));
#5449 = ( GEOMETRIC_REPRESENTATION_CONTEXT(2) 
PARAMETRIC_REPRESENTATION_CONTEXT() REPRESENTATION_CONTEXT('2D SPACE',''
  ) );
#5450 = ORIENTED_EDGE('',*,*,#4086,.F.);
#5451 = ADVANCED_FACE('',(#5452),#4075,.F.);
#5452 = FACE_BOUND('',#5453,.F.);
#5453 = EDGE_LOOP('',(#5454,#5455,#5474,#5475));
#5454 = ORIENTED_EDGE('',*,*,#5430,.F.);
#5455 = ORIENTED_EDGE('',*,*,#5456,.T.);
#5456 = EDGE_CURVE('',#5410,#4574,#5457,.T.);
#5457 = SURFACE_CURVE('',#5458,(#5462,#5468),.PCURVE_S1.);
#5458 = LINE('',#5459,#5460);
#5459 = CARTESIAN_POINT('',(1.5,30.29,160.4));
#5460 = VECTOR('',#5461,1.);
#5461 = DIRECTION('',(0.,0.,-1.));
#5462 = PCURVE('',#4075,#5463);
#5463 = DEFINITIONAL_REPRESENTATION('',(#5464),#5467);
#5464 = B_SPLINE_CURVE_WITH_KNOTS('',1,(#5465,#5466),.UNSPECIFIED.,.F.,
  .F.,(2,2),(-2.5,-2.84217094304E-14),.PIECEWISE_BEZIER_KNOTS.);
#5465 = CARTESIAN_POINT('',(2.5,-49.79));
#5466 = CARTESIAN_POINT('',(0.,-49.79));
#5467 = ( GEOMETRIC_REPRESENTATION_CONTEXT(2) 
PARAMETRIC_REPRESENTATION_CONTEXT() REPRESENTATION_CONTEXT('2D SPACE',''
  ) );
#5468 = PCURVE('',#4326,#5469);
#5469 = DEFINITIONAL_REPRESENTATION('',(#5470),#5473);
#5470 = B_SPLINE_CURVE_WITH_KNOTS('',1,(#5471,#5472),.UNSPECIFIED.,.F.,
  .F.,(2,2),(-2.5,-2.84217094304E-14),.PIECEWISE_BEZIER_KNOTS.);
#5471 = CARTESIAN_POINT('',(2.5,11.82));
#5472 = CARTESIAN_POINT('',(2.84217094304E-14,11.82));
#5473 = ( GEOMETRIC_REPRESENTATION_CONTEXT(2) 
PARAMETRIC_REPRESENTATION_CONTEXT() REPRESENTATION_CONTEXT('2D SPACE',''
  ) );
#5474 = ORIENTED_EDGE('',*,*,#4573,.T.);
#5475 = ORIENTED_EDGE('',*,*,#4060,.F.);
#5476 = ADVANCED_FACE('',(#5477),#4199,.T.);
#5477 = FACE_BOUND('',#5478,.T.);
#5478 = EDGE_LOOP('',(#5479,#5480,#5499,#5500));
#5479 = ORIENTED_EDGE('',*,*,#4890,.F.);
#5480 = ORIENTED_EDGE('',*,*,#5481,.T.);
#5481 = EDGE_CURVE('',#4868,#4962,#5482,.T.);
#5482 = SURFACE_CURVE('',#5483,(#5487,#5493),.PCURVE_S1.);
#5483 = LINE('',#5484,#5485);
#5484 = CARTESIAN_POINT('',(-10.32,30.29,166.4));
#5485 = VECTOR('',#5486,1.);
#5486 = DIRECTION('',(1.,0.,0.));
#5487 = PCURVE('',#4199,#5488);
#5488 = DEFINITIONAL_REPRESENTATION('',(#5489),#5492);
#5489 = B_SPLINE_CURVE_WITH_KNOTS('',1,(#5490,#5491),.UNSPECIFIED.,.F.,
  .F.,(2,2),(0.,20.64),.PIECEWISE_BEZIER_KNOTS.);
#5490 = CARTESIAN_POINT('',(0.,49.79));
#5491 = CARTESIAN_POINT('',(20.64,49.79));
#5492 = ( GEOMETRIC_REPRESENTATION_CONTEXT(2) 
PARAMETRIC_REPRESENTATION_CONTEXT() REPRESENTATION_CONTEXT('2D SPACE',''
  ) );
#5493 = PCURVE('',#4326,#5494);
#5494 = DEFINITIONAL_REPRESENTATION('',(#5495),#5498);
#5495 = B_SPLINE_CURVE_WITH_KNOTS('',1,(#5496,#5497),.UNSPECIFIED.,.F.,
  .F.,(2,2),(0.,20.64),.PIECEWISE_BEZIER_KNOTS.);
#5496 = CARTESIAN_POINT('',(6.,0.));
#5497 = CARTESIAN_POINT('',(6.,20.64));
#5498 = ( GEOMETRIC_REPRESENTATION_CONTEXT(2) 
PARAMETRIC_REPRESENTATION_CONTEXT() REPRESENTATION_CONTEXT('2D SPACE',''
  ) );
#5499 = ORIENTED_EDGE('',*,*,#4984,.T.);
#5500 = ORIENTED_EDGE('',*,*,#4184,.F.);
#5501 = ADVANCED_FACE('',(#5502),#4326,.F.);
#5502 = FACE_BOUND('',#5503,.F.);
#5503 = EDGE_LOOP('',(#5504,#5505,#5506,#5507,#5508,#5509,#5510,#5511));
#5504 = ORIENTED_EDGE('',*,*,#4961,.F.);
#5505 = ORIENTED_EDGE('',*,*,#4596,.F.);
#5506 = ORIENTED_EDGE('',*,*,#5456,.F.);
#5507 = ORIENTED_EDGE('',*,*,#5409,.F.);
#5508 = ORIENTED_EDGE('',*,*,#5384,.T.);
#5509 = ORIENTED_EDGE('',*,*,#4310,.F.);
#5510 = ORIENTED_EDGE('',*,*,#4867,.T.);
#5511 = ORIENTED_EDGE('',*,*,#5481,.T.);
#5512 = ADVANCED_FACE('',(#5513),#4275,.T.);
#5513 = FACE_BOUND('',#5514,.T.);
#5514 = EDGE_LOOP('',(#5515,#5516,#5517,#5518,#5519,#5520,#5521,#5522));
#5515 = ORIENTED_EDGE('',*,*,#4939,.F.);
#5516 = ORIENTED_EDGE('',*,*,#4642,.F.);
#5517 = ORIENTED_EDGE('',*,*,#4550,.F.);
#5518 = ORIENTED_EDGE('',*,*,#4503,.F.);
#5519 = ORIENTED_EDGE('',*,*,#4456,.T.);
#5520 = ORIENTED_EDGE('',*,*,#4259,.F.);
#5521 = ORIENTED_EDGE('',*,*,#4845,.T.);
#5522 = ORIENTED_EDGE('',*,*,#5010,.T.);
#5523 = ADVANCED_FACE('',(#5524),#4378,.F.);
#5524 = FACE_BOUND('',#5525,.T.);
#5525 = EDGE_LOOP('',(#5526,#5549,#5576,#5577));
#5526 = ORIENTED_EDGE('',*,*,#5527,.T.);
#5527 = EDGE_CURVE('',#4362,#5528,#5530,.T.);
#5528 = VERTEX_POINT('',#5529);
#5529 = CARTESIAN_POINT('',(-3.75,-14.78,165.9));
#5530 = SEAM_CURVE('',#5531,(#5535,#5542),.PCURVE_S1.);
#5531 = LINE('',#5532,#5533);
#5532 = CARTESIAN_POINT('',(-3.75,-14.78,160.4));
#5533 = VECTOR('',#5534,1.);
#5534 = DIRECTION('',(0.,0.,1.));
#5535 = PCURVE('',#4378,#5536);
#5536 = DEFINITIONAL_REPRESENTATION('',(#5537),#5541);
#5537 = LINE('',#5538,#5539);
#5538 = CARTESIAN_POINT('',(-0.,0.));
#5539 = VECTOR('',#5540,1.);
#5540 = DIRECTION('',(-0.,-1.));
#5541 = ( GEOMETRIC_REPRESENTATION_CONTEXT(2) 
PARAMETRIC_REPRESENTATION_CONTEXT() REPRESENTATION_CONTEXT('2D SPACE',''
  ) );
#5542 = PCURVE('',#4378,#5543);
#5543 = DEFINITIONAL_REPRESENTATION('',(#5544),#5548);
#5544 = LINE('',#5545,#5546);
#5545 = CARTESIAN_POINT('',(-6.28318530718,0.));
#5546 = VECTOR('',#5547,1.);
#5547 = DIRECTION('',(-0.,-1.));
#5548 = ( GEOMETRIC_REPRESENTATION_CONTEXT(2) 
PARAMETRIC_REPRESENTATION_CONTEXT() REPRESENTATION_CONTEXT('2D SPACE',''
  ) );
#5549 = ORIENTED_EDGE('',*,*,#5550,.T.);
#5550 = EDGE_CURVE('',#5528,#5528,#5551,.T.);
#5551 = SURFACE_CURVE('',#5552,(#5557,#5564),.PCURVE_S1.);
#5552 = CIRCLE('',#5553,1.25);
#5553 = AXIS2_PLACEMENT_3D('',#5554,#5555,#5556);
#5554 = CARTESIAN_POINT('',(-5.,-14.78,165.9));
#5555 = DIRECTION('',(0.,0.,1.));
#5556 = DIRECTION('',(1.,0.,0.));
#5557 = PCURVE('',#4378,#5558);
#5558 = DEFINITIONAL_REPRESENTATION('',(#5559),#5563);
#5559 = LINE('',#5560,#5561);
#5560 = CARTESIAN_POINT('',(-0.,-5.5));
#5561 = VECTOR('',#5562,1.);
#5562 = DIRECTION('',(-1.,0.));
#5563 = ( GEOMETRIC_REPRESENTATION_CONTEXT(2) 
PARAMETRIC_REPRESENTATION_CONTEXT() REPRESENTATION_CONTEXT('2D SPACE',''
  ) );
#5564 = PCURVE('',#5565,#5570);
#5565 = PLANE('',#5566);
#5566 = AXIS2_PLACEMENT_3D('',#5567,#5568,#5569);
#5567 = CARTESIAN_POINT('',(-5.,-14.78,165.9));
#5568 = DIRECTION('',(0.,0.,1.));
#5569 = DIRECTION('',(1.,0.,-0.));
#5570 = DEFINITIONAL_REPRESENTATION('',(#5571),#5575);
#5571 = CIRCLE('',#5572,1.25);
#5572 = AXIS2_PLACEMENT_2D('',#5573,#5574);
#5573 = CARTESIAN_POINT('',(8.881784197001E-16,-1.7763568394E-15));
#5574 = DIRECTION('',(1.,0.));
#5575 = ( GEOMETRIC_REPRESENTATION_CONTEXT(2) 
PARAMETRIC_REPRESENTATION_CONTEXT() REPRESENTATION_CONTEXT('2D SPACE',''
  ) );
#5576 = ORIENTED_EDGE('',*,*,#5527,.F.);
#5577 = ORIENTED_EDGE('',*,*,#4361,.F.);
#5578 = ADVANCED_FACE('',(#5579),#4409,.F.);
#5579 = FACE_BOUND('',#5580,.T.);
#5580 = EDGE_LOOP('',(#5581,#5604,#5631,#5632));
#5581 = ORIENTED_EDGE('',*,*,#5582,.T.);
#5582 = EDGE_CURVE('',#4393,#5583,#5585,.T.);
#5583 = VERTEX_POINT('',#5584);
#5584 = CARTESIAN_POINT('',(-3.75,34.72,165.9));
#5585 = SEAM_CURVE('',#5586,(#5590,#5597),.PCURVE_S1.);
#5586 = LINE('',#5587,#5588);
#5587 = CARTESIAN_POINT('',(-3.75,34.72,160.4));
#5588 = VECTOR('',#5589,1.);
#5589 = DIRECTION('',(0.,0.,1.));
#5590 = PCURVE('',#4409,#5591);
#5591 = DEFINITIONAL_REPRESENTATION('',(#5592),#5596);
#5592 = LINE('',#5593,#5594);
#5593 = CARTESIAN_POINT('',(-0.,0.));
#5594 = VECTOR('',#5595,1.);
#5595 = DIRECTION('',(-0.,-1.));
#5596 = ( GEOMETRIC_REPRESENTATION_CONTEXT(2) 
PARAMETRIC_REPRESENTATION_CONTEXT() REPRESENTATION_CONTEXT('2D SPACE',''
  ) );
#5597 = PCURVE('',#4409,#5598);
#5598 = DEFINITIONAL_REPRESENTATION('',(#5599),#5603);
#5599 = LINE('',#5600,#5601);
#5600 = CARTESIAN_POINT('',(-6.28318530718,0.));
#5601 = VECTOR('',#5602,1.);
#5602 = DIRECTION('',(-0.,-1.));
#5603 = ( GEOMETRIC_REPRESENTATION_CONTEXT(2) 
PARAMETRIC_REPRESENTATION_CONTEXT() REPRESENTATION_CONTEXT('2D SPACE',''
  ) );
#5604 = ORIENTED_EDGE('',*,*,#5605,.T.);
#5605 = EDGE_CURVE('',#5583,#5583,#5606,.T.);
#5606 = SURFACE_CURVE('',#5607,(#5612,#5619),.PCURVE_S1.);
#5607 = CIRCLE('',#5608,1.25);
#5608 = AXIS2_PLACEMENT_3D('',#5609,#5610,#5611);
#5609 = CARTESIAN_POINT('',(-5.,34.72,165.9));
#5610 = DIRECTION('',(0.,0.,1.));
#5611 = DIRECTION('',(1.,0.,0.));
#5612 = PCURVE('',#4409,#5613);
#5613 = DEFINITIONAL_REPRESENTATION('',(#5614),#5618);
#5614 = LINE('',#5615,#5616);
#5615 = CARTESIAN_POINT('',(-0.,-5.5));
#5616 = VECTOR('',#5617,1.);
#5617 = DIRECTION('',(-1.,0.));
#5618 = ( GEOMETRIC_REPRESENTATION_CONTEXT(2) 
PARAMETRIC_REPRESENTATION_CONTEXT() REPRESENTATION_CONTEXT('2D SPACE',''
  ) );
#5619 = PCURVE('',#5620,#5625);
#5620 = PLANE('',#5621);
#5621 = AXIS2_PLACEMENT_3D('',#5622,#5623,#5624);
#5622 = CARTESIAN_POINT('',(-5.,34.72,165.9));
#5623 = DIRECTION('',(0.,0.,1.));
#5624 = DIRECTION('',(1.,0.,-0.));
#5625 = DEFINITIONAL_REPRESENTATION('',(#5626),#5630);
#5626 = CIRCLE('',#5627,1.25);
#5627 = AXIS2_PLACEMENT_2D('',#5628,#5629);
#5628 = CARTESIAN_POINT('',(0.,0.));
#5629 = DIRECTION('',(1.,0.));
#5630 = ( GEOMETRIC_REPRESENTATION_CONTEXT(2) 
PARAMETRIC_REPRESENTATION_CONTEXT() REPRESENTATION_CONTEXT('2D SPACE',''
  ) );
#5631 = ORIENTED_EDGE('',*,*,#5582,.F.);
#5632 = ORIENTED_EDGE('',*,*,#4392,.F.);
#5633 = ADVANCED_FACE('',(#5634),#4685,.F.);
#5634 = FACE_BOUND('',#5635,.T.);
#5635 = EDGE_LOOP('',(#5636,#5659,#5686,#5687));
#5636 = ORIENTED_EDGE('',*,*,#5637,.T.);
#5637 = EDGE_CURVE('',#4669,#5638,#5640,.T.);
#5638 = VERTEX_POINT('',#5639);
#5639 = CARTESIAN_POINT('',(6.25,-14.78,165.9));
#5640 = SEAM_CURVE('',#5641,(#5645,#5652),.PCURVE_S1.);
#5641 = LINE('',#5642,#5643);
#5642 = CARTESIAN_POINT('',(6.25,-14.78,160.4));
#5643 = VECTOR('',#5644,1.);
#5644 = DIRECTION('',(0.,0.,1.));
#5645 = PCURVE('',#4685,#5646);
#5646 = DEFINITIONAL_REPRESENTATION('',(#5647),#5651);
#5647 = LINE('',#5648,#5649);
#5648 = CARTESIAN_POINT('',(-0.,0.));
#5649 = VECTOR('',#5650,1.);
#5650 = DIRECTION('',(-0.,-1.));
#5651 = ( GEOMETRIC_REPRESENTATION_CONTEXT(2) 
PARAMETRIC_REPRESENTATION_CONTEXT() REPRESENTATION_CONTEXT('2D SPACE',''
  ) );
#5652 = PCURVE('',#4685,#5653);
#5653 = DEFINITIONAL_REPRESENTATION('',(#5654),#5658);
#5654 = LINE('',#5655,#5656);
#5655 = CARTESIAN_POINT('',(-6.28318530718,0.));
#5656 = VECTOR('',#5657,1.);
#5657 = DIRECTION('',(-0.,-1.));
#5658 = ( GEOMETRIC_REPRESENTATION_CONTEXT(2) 
PARAMETRIC_REPRESENTATION_CONTEXT() REPRESENTATION_CONTEXT('2D SPACE',''
  ) );
#5659 = ORIENTED_EDGE('',*,*,#5660,.T.);
#5660 = EDGE_CURVE('',#5638,#5638,#5661,.T.);
#5661 = SURFACE_CURVE('',#5662,(#5667,#5674),.PCURVE_S1.);
#5662 = CIRCLE('',#5663,1.25);
#5663 = AXIS2_PLACEMENT_3D('',#5664,#5665,#5666);
#5664 = CARTESIAN_POINT('',(5.,-14.78,165.9));
#5665 = DIRECTION('',(0.,0.,1.));
#5666 = DIRECTION('',(1.,0.,0.));
#5667 = PCURVE('',#4685,#5668);
#5668 = DEFINITIONAL_REPRESENTATION('',(#5669),#5673);
#5669 = LINE('',#5670,#5671);
#5670 = CARTESIAN_POINT('',(-0.,-5.5));
#5671 = VECTOR('',#5672,1.);
#5672 = DIRECTION('',(-1.,0.));
#5673 = ( GEOMETRIC_REPRESENTATION_CONTEXT(2) 
PARAMETRIC_REPRESENTATION_CONTEXT() REPRESENTATION_CONTEXT('2D SPACE',''
  ) );
#5674 = PCURVE('',#5675,#5680);
#5675 = PLANE('',#5676);
#5676 = AXIS2_PLACEMENT_3D('',#5677,#5678,#5679);
#5677 = CARTESIAN_POINT('',(5.,-14.78,165.9));
#5678 = DIRECTION('',(0.,0.,1.));
#5679 = DIRECTION('',(1.,0.,-0.));
#5680 = DEFINITIONAL_REPRESENTATION('',(#5681),#5685);
#5681 = CIRCLE('',#5682,1.25);
#5682 = AXIS2_PLACEMENT_2D('',#5683,#5684);
#5683 = CARTESIAN_POINT('',(0.,-1.7763568394E-15));
#5684 = DIRECTION('',(1.,0.));
#5685 = ( GEOMETRIC_REPRESENTATION_CONTEXT(2) 
PARAMETRIC_REPRESENTATION_CONTEXT() REPRESENTATION_CONTEXT('2D SPACE',''
  ) );
#5686 = ORIENTED_EDGE('',*,*,#5637,.F.);
#5687 = ORIENTED_EDGE('',*,*,#4668,.F.);
#5688 = ADVANCED_FACE('',(#5689),#4716,.F.);
#5689 = FACE_BOUND('',#5690,.T.);
#5690 = EDGE_LOOP('',(#5691,#5714,#5741,#5742));
#5691 = ORIENTED_EDGE('',*,*,#5692,.T.);
#5692 = EDGE_CURVE('',#4700,#5693,#5695,.T.);
#5693 = VERTEX_POINT('',#5694);
#5694 = CARTESIAN_POINT('',(6.25,34.72,165.9));
#5695 = SEAM_CURVE('',#5696,(#5700,#5707),.PCURVE_S1.);
#5696 = LINE('',#5697,#5698);
#5697 = CARTESIAN_POINT('',(6.25,34.72,160.4));
#5698 = VECTOR('',#5699,1.);
#5699 = DIRECTION('',(0.,0.,1.));
#5700 = PCURVE('',#4716,#5701);
#5701 = DEFINITIONAL_REPRESENTATION('',(#5702),#5706);
#5702 = LINE('',#5703,#5704);
#5703 = CARTESIAN_POINT('',(-0.,0.));
#5704 = VECTOR('',#5705,1.);
#5705 = DIRECTION('',(-0.,-1.));
#5706 = ( GEOMETRIC_REPRESENTATION_CONTEXT(2) 
PARAMETRIC_REPRESENTATION_CONTEXT() REPRESENTATION_CONTEXT('2D SPACE',''
  ) );
#5707 = PCURVE('',#4716,#5708);
#5708 = DEFINITIONAL_REPRESENTATION('',(#5709),#5713);
#5709 = LINE('',#5710,#5711);
#5710 = CARTESIAN_POINT('',(-6.28318530718,0.));
#5711 = VECTOR('',#5712,1.);
#5712 = DIRECTION('',(-0.,-1.));
#5713 = ( GEOMETRIC_REPRESENTATION_CONTEXT(2) 
PARAMETRIC_REPRESENTATION_CONTEXT() REPRESENTATION_CONTEXT('2D SPACE',''
  ) );
#5714 = ORIENTED_EDGE('',*,*,#5715,.T.);
#5715 = EDGE_CURVE('',#5693,#5693,#5716,.T.);
#5716 = SURFACE_CURVE('',#5717,(#5722,#5729),.PCURVE_S1.);
#5717 = CIRCLE('',#5718,1.25);
#5718 = AXIS2_PLACEMENT_3D('',#5719,#5720,#5721);
#5719 = CARTESIAN_POINT('',(5.,34.72,165.9));
#5720 = DIRECTION('',(0.,0.,1.));
#5721 = DIRECTION('',(1.,0.,0.));
#5722 = PCURVE('',#4716,#5723);
#5723 = DEFINITIONAL_REPRESENTATION('',(#5724),#5728);
#5724 = LINE('',#5725,#5726);
#5725 = CARTESIAN_POINT('',(-0.,-5.5));
#5726 = VECTOR('',#5727,1.);
#5727 = DIRECTION('',(-1.,0.));
#5728 = ( GEOMETRIC_REPRESENTATION_CONTEXT(2) 
PARAMETRIC_REPRESENTATION_CONTEXT() REPRESENTATION_CONTEXT('2D SPACE',''
  ) );
#5729 = PCURVE('',#5730,#5735);
#5730 = PLANE('',#5731);
#5731 = AXIS2_PLACEMENT_3D('',#5732,#5733,#5734);
#5732 = CARTESIAN_POINT('',(5.,34.72,165.9));
#5733 = DIRECTION('',(0.,0.,1.));
#5734 = DIRECTION('',(1.,0.,-0.));
#5735 = DEFINITIONAL_REPRESENTATION('',(#5736),#5740);
#5736 = CIRCLE('',#5737,1.25);
#5737 = AXIS2_PLACEMENT_2D('',#5738,#5739);
#5738 = CARTESIAN_POINT('',(-8.881784197001E-16,0.));
#5739 = DIRECTION('',(1.,0.));
#5740 = ( GEOMETRIC_REPRESENTATION_CONTEXT(2) 
PARAMETRIC_REPRESENTATION_CONTEXT() REPRESENTATION_CONTEXT('2D SPACE',''
  ) );
#5741 = ORIENTED_EDGE('',*,*,#5692,.F.);
#5742 = ORIENTED_EDGE('',*,*,#4699,.F.);
#5743 = ADVANCED_FACE('',(#5744),#5073,.F.);
#5744 = FACE_BOUND('',#5745,.F.);
#5745 = EDGE_LOOP('',(#5746));
#5746 = ORIENTED_EDGE('',*,*,#5058,.T.);
#5747 = ADVANCED_FACE('',(#5748),#5128,.F.);
#5748 = FACE_BOUND('',#5749,.F.);
#5749 = EDGE_LOOP('',(#5750));
#5750 = ORIENTED_EDGE('',*,*,#5113,.T.);
#5751 = ADVANCED_FACE('',(#5752),#5183,.F.);
#5752 = FACE_BOUND('',#5753,.F.);
#5753 = EDGE_LOOP('',(#5754));
#5754 = ORIENTED_EDGE('',*,*,#5168,.T.);
#5755 = ADVANCED_FACE('',(#5756),#5238,.F.);
#5756 = FACE_BOUND('',#5757,.F.);
#5757 = EDGE_LOOP('',(#5758));
#5758 = ORIENTED_EDGE('',*,*,#5223,.T.);
#5759 = ADVANCED_FACE('',(#5760),#5565,.F.);
#5760 = FACE_BOUND('',#5761,.F.);
#5761 = EDGE_LOOP('',(#5762));
#5762 = ORIENTED_EDGE('',*,*,#5550,.T.);
#5763 = ADVANCED_FACE('',(#5764),#5620,.F.);
#5764 = FACE_BOUND('',#5765,.F.);
#5765 = EDGE_LOOP('',(#5766));
#5766 = ORIENTED_EDGE('',*,*,#5605,.T.);
#5767 = ADVANCED_FACE('',(#5768),#5675,.F.);
#5768 = FACE_BOUND('',#5769,.F.);
#5769 = EDGE_LOOP('',(#5770));
#5770 = ORIENTED_EDGE('',*,*,#5660,.T.);
#5771 = ADVANCED_FACE('',(#5772),#5730,.F.);
#5772 = FACE_BOUND('',#5773,.F.);
#5773 = EDGE_LOOP('',(#5774));
#5774 = ORIENTED_EDGE('',*,*,#5715,.T.);
#5775 = ( GEOMETRIC_REPRESENTATION_CONTEXT(3) 
GLOBAL_UNCERTAINTY_ASSIGNED_CONTEXT((#5779)) 
GLOBAL_UNIT_ASSIGNED_CONTEXT((#5776,#5777,#5778)) REPRESENTATION_CONTEXT
('Context #1','3D Context with UNIT and UNCERTAINTY') );
#5776 = ( LENGTH_UNIT() NAMED_UNIT(*) SI_UNIT(.MILLI.,.METRE.) );
#5777 = ( NAMED_UNIT(*) PLANE_ANGLE_UNIT() SI_UNIT($,.RADIAN.) );
#5778 = ( NAMED_UNIT(*) SI_UNIT($,.STERADIAN.) SOLID_ANGLE_UNIT() );
#5779 = UNCERTAINTY_MEASURE_WITH_UNIT(LENGTH_MEASURE(1.E-07),#5776,
  'distance_accuracy_value','confusion accuracy');
#5780 = PRODUCT_RELATED_PRODUCT_CATEGORY('part',$,(#7));
ENDSEC;
END-ISO-10303-21;
